fixture,trial,operation,sample,elapsed_ms
ascii-16m,0,step,0,5.159600
ascii-16m,0,step,1,3.220100
ascii-16m,0,step,2,3.047400
ascii-16m,0,step,3,3.144300
ascii-16m,0,step,4,3.114000
ascii-16m,0,step,5,3.373600
ascii-16m,0,step,6,3.405500
ascii-16m,0,step,7,3.219800
ascii-16m,0,step,8,3.044100
ascii-16m,0,step,9,3.378500
ascii-16m,0,step,10,3.725700
ascii-16m,0,step,11,4.354700
ascii-16m,0,step,12,3.344500
ascii-16m,0,step,13,3.130500
ascii-16m,0,step,14,3.747600
ascii-16m,0,step,15,3.609500
ascii-16m,0,step,16,3.090200
ascii-16m,0,step,17,3.112700
ascii-16m,0,step,18,3.029100
ascii-16m,0,step,19,3.076500
ascii-16m,0,step,20,4.516800
ascii-16m,0,step,21,5.006400
ascii-16m,0,step,22,3.078000
ascii-16m,0,step,23,3.102100
ascii-16m,0,step,24,3.707800
ascii-16m,0,step,25,3.300500
ascii-16m,0,step,26,3.169200
ascii-16m,0,step,27,3.027600
ascii-16m,0,step,28,3.517600
ascii-16m,0,step,29,5.189200
ascii-16m,0,step,30,5.117200
ascii-16m,0,step,31,3.149900
ascii-16m,0,step,32,3.935800
ascii-16m,0,step,33,4.995000
ascii-16m,0,step,34,4.227700
ascii-16m,0,step,35,3.214200
ascii-16m,0,step,36,4.811000
ascii-16m,0,step,37,5.009500
ascii-16m,0,step,38,4.763200
ascii-16m,0,step,39,5.223000
ascii-16m,0,step,40,5.360800
ascii-16m,0,step,41,5.362600
ascii-16m,0,step,42,4.822400
ascii-16m,0,step,43,5.197300
ascii-16m,0,step,44,3.005100
ascii-16m,0,step,45,2.989600
ascii-16m,0,step,46,3.205900
ascii-16m,0,step,47,3.073700
ascii-16m,0,step,48,3.239100
ascii-16m,0,step,49,4.308000
ascii-16m,0,step,50,4.097300
ascii-16m,0,step,51,2.957900
ascii-16m,0,step,52,3.698700
ascii-16m,0,step,53,4.592800
ascii-16m,0,step,54,5.215800
ascii-16m,0,step,55,5.277000
ascii-16m,0,step,56,4.749400
ascii-16m,0,step,57,3.619000
ascii-16m,0,step,58,3.276100
ascii-16m,0,step,59,3.198800
ascii-16m,0,step,60,3.033100
ascii-16m,0,step,61,3.673800
ascii-16m,0,step,62,3.533800
ascii-16m,0,step,63,3.637700
ascii-16m,0,step,64,3.850900
ascii-16m,0,step,65,3.625900
ascii-16m,0,step,66,4.774100
ascii-16m,0,step,67,3.693200
ascii-16m,0,step,68,3.405700
ascii-16m,0,step,69,3.511800
ascii-16m,0,step,70,4.430600
ascii-16m,0,step,71,4.669100
ascii-16m,0,step,72,4.476300
ascii-16m,0,step,73,5.292600
ascii-16m,0,step,74,3.228300
ascii-16m,0,step,75,4.808200
ascii-16m,0,step,76,4.112200
ascii-16m,0,step,77,3.072500
ascii-16m,0,step,78,4.005800
ascii-16m,0,step,79,5.197100
ascii-16m,0,step,80,3.529800
ascii-16m,0,step,81,3.356100
ascii-16m,0,step,82,3.210000
ascii-16m,0,step,83,2.976700
ascii-16m,0,step,84,2.980400
ascii-16m,0,step,85,2.930000
ascii-16m,0,step,86,4.041400
ascii-16m,0,step,87,4.072500
ascii-16m,0,step,88,5.411000
ascii-16m,0,step,89,5.482800
ascii-16m,0,step,90,4.875900
ascii-16m,0,step,91,4.143000
ascii-16m,0,step,92,2.930200
ascii-16m,0,step,93,2.985800
ascii-16m,0,step,94,2.961000
ascii-16m,0,step,95,3.006600
ascii-16m,0,step,96,3.353900
ascii-16m,0,step,97,2.916900
ascii-16m,0,step,98,2.970300
ascii-16m,0,step,99,3.969300
ascii-16m,0,step,100,4.821600
ascii-16m,0,step,101,3.806800
ascii-16m,0,step,102,4.643300
ascii-16m,0,step,103,5.153200
ascii-16m,0,step,104,5.303500
ascii-16m,0,step,105,4.357600
ascii-16m,0,step,106,3.831700
ascii-16m,0,step,107,3.391500
ascii-16m,0,step,108,5.116100
ascii-16m,0,step,109,3.801000
ascii-16m,0,step,110,2.989200
ascii-16m,0,step,111,3.279500
ascii-16m,0,step,112,3.862900
ascii-16m,0,step,113,5.286200
ascii-16m,0,step,114,3.103900
ascii-16m,0,step,115,4.107800
ascii-16m,0,step,116,5.518600
ascii-16m,0,step,117,5.448000
ascii-16m,0,step,118,3.234600
ascii-16m,0,step,119,5.275800
ascii-16m,0,step,120,5.489100
ascii-16m,0,step,121,5.131000
ascii-16m,0,step,122,4.318300
ascii-16m,0,step,123,3.482800
ascii-16m,0,step,124,2.969500
ascii-16m,0,step,125,3.008300
ascii-16m,0,step,126,2.947300
ascii-16m,0,step,127,2.929000
ascii-16m,0,step,128,3.925600
ascii-16m,0,step,129,3.568100
ascii-16m,0,step,130,3.284900
ascii-16m,0,step,131,3.122200
ascii-16m,0,step,132,3.078900
ascii-16m,0,step,133,3.520700
ascii-16m,0,step,134,4.551400
ascii-16m,0,step,135,2.897500
ascii-16m,0,step,136,2.908900
ascii-16m,0,step,137,2.967000
ascii-16m,0,step,138,3.306700
ascii-16m,0,step,139,3.742300
ascii-16m,0,step,140,5.026400
ascii-16m,0,step,141,3.587800
ascii-16m,0,step,142,2.984200
ascii-16m,0,step,143,2.991900
ascii-16m,0,step,144,3.343200
ascii-16m,0,step,145,2.869700
ascii-16m,0,step,146,2.893200
ascii-16m,0,step,147,3.270900
ascii-16m,0,step,148,3.617000
ascii-16m,0,step,149,3.655400
ascii-16m,0,step,150,3.308400
ascii-16m,0,step,151,3.017600
ascii-16m,0,step,152,2.950300
ascii-16m,0,step,153,3.139700
ascii-16m,0,step,154,3.687800
ascii-16m,0,step,155,3.852300
ascii-16m,0,step,156,3.519000
ascii-16m,0,step,157,3.018300
ascii-16m,0,step,158,3.115300
ascii-16m,0,step,159,3.287600
ascii-16m,0,step,160,3.252600
ascii-16m,0,step,161,3.044300
ascii-16m,0,step,162,2.992700
ascii-16m,0,step,163,3.880700
ascii-16m,0,step,164,3.718000
ascii-16m,0,step,165,3.098300
ascii-16m,0,step,166,3.024100
ascii-16m,0,step,167,2.978500
ascii-16m,0,step,168,3.683500
ascii-16m,0,step,169,3.940700
ascii-16m,0,step,170,3.064400
ascii-16m,0,step,171,3.087400
ascii-16m,0,step,172,3.166300
ascii-16m,0,step,173,3.304100
ascii-16m,0,step,174,3.678100
ascii-16m,0,step,175,4.442600
ascii-16m,0,step,176,3.432700
ascii-16m,0,step,177,3.093100
ascii-16m,0,step,178,3.408200
ascii-16m,0,step,179,3.391700
ascii-16m,0,step,180,2.996900
ascii-16m,0,step,181,3.455900
ascii-16m,0,step,182,3.460200
ascii-16m,0,step,183,4.121600
ascii-16m,0,step,184,3.236200
ascii-16m,0,step,185,3.003000
ascii-16m,0,step,186,3.015100
ascii-16m,0,step,187,2.972600
ascii-16m,0,step,188,3.077700
ascii-16m,0,step,189,3.424800
ascii-16m,0,step,190,2.955100
ascii-16m,0,step,191,2.925600
ascii-16m,0,step,192,3.003000
ascii-16m,0,step,193,3.251200
ascii-16m,0,step,194,3.521100
ascii-16m,0,step,195,3.396400
ascii-16m,0,step,196,2.907400
ascii-16m,0,step,197,3.051000
ascii-16m,0,step,198,3.335800
ascii-16m,0,step,199,4.688900
ascii-16m,0,step,200,3.458700
ascii-16m,0,step,201,3.398900
ascii-16m,0,step,202,5.399800
ascii-16m,0,step,203,3.844300
ascii-16m,0,step,204,4.293800
ascii-16m,0,step,205,3.299800
ascii-16m,0,step,206,5.160800
ascii-16m,0,step,207,5.136800
ascii-16m,0,step,208,5.102300
ascii-16m,0,step,209,5.136900
ascii-16m,0,step,210,5.420700
ascii-16m,0,step,211,4.871100
ascii-16m,0,step,212,3.758200
ascii-16m,0,step,213,4.353600
ascii-16m,0,step,214,5.713200
ascii-16m,0,step,215,5.207900
ascii-16m,0,step,216,5.282500
ascii-16m,0,step,217,5.386400
ascii-16m,0,step,218,4.087100
ascii-16m,0,step,219,2.916700
ascii-16m,0,step,220,3.066000
ascii-16m,0,step,221,3.590400
ascii-16m,0,step,222,3.336800
ascii-16m,0,step,223,3.424200
ascii-16m,0,step,224,3.389400
ascii-16m,0,step,225,3.754400
ascii-16m,0,step,226,4.679300
ascii-16m,0,step,227,4.401800
ascii-16m,0,step,228,4.096400
ascii-16m,0,step,229,4.783900
ascii-16m,0,step,230,4.084800
ascii-16m,0,step,231,3.571300
ascii-16m,0,step,232,3.937900
ascii-16m,0,step,233,5.411000
ascii-16m,0,step,234,4.000900
ascii-16m,0,step,235,3.335800
ascii-16m,0,step,236,3.050400
ascii-16m,0,step,237,3.634000
ascii-16m,0,step,238,4.050800
ascii-16m,0,step,239,5.068600
ascii-16m,0,step,240,5.259100
ascii-16m,0,step,241,5.115500
ascii-16m,0,step,242,5.192700
ascii-16m,0,step,243,5.195800
ascii-16m,0,step,244,5.163300
ascii-16m,0,step,245,4.436200
ascii-16m,0,step,246,3.538300
ascii-16m,0,step,247,3.009300
ascii-16m,0,step,248,3.240500
ascii-16m,0,step,249,3.285800
ascii-16m,0,step,250,2.969900
ascii-16m,0,step,251,3.238700
ascii-16m,0,step,252,2.935500
ascii-16m,0,step,253,3.068500
ascii-16m,0,step,254,4.610500
ascii-16m,0,step,255,4.163000
ascii-16m,0,step,256,0.031100
ascii-16m,0,publish-frame,0,0.690300
ascii-16m,0,release,0,0.142300
ascii-16m,0,total,0,977.081900
ascii-16m,0,cancel-release,0,0.193900
ascii-16m,1,step,0,3.102800
ascii-16m,1,step,1,2.926400
ascii-16m,1,step,2,2.953200
ascii-16m,1,step,3,3.235100
ascii-16m,1,step,4,2.998400
ascii-16m,1,step,5,2.877800
ascii-16m,1,step,6,3.707900
ascii-16m,1,step,7,2.840600
ascii-16m,1,step,8,3.005900
ascii-16m,1,step,9,3.030900
ascii-16m,1,step,10,3.497000
ascii-16m,1,step,11,3.220500
ascii-16m,1,step,12,3.583300
ascii-16m,1,step,13,3.000500
ascii-16m,1,step,14,2.769400
ascii-16m,1,step,15,3.677100
ascii-16m,1,step,16,3.312200
ascii-16m,1,step,17,3.306400
ascii-16m,1,step,18,3.257100
ascii-16m,1,step,19,2.851100
ascii-16m,1,step,20,4.488600
ascii-16m,1,step,21,3.206800
ascii-16m,1,step,22,3.231200
ascii-16m,1,step,23,2.940100
ascii-16m,1,step,24,3.117600
ascii-16m,1,step,25,3.082700
ascii-16m,1,step,26,3.529900
ascii-16m,1,step,27,3.349300
ascii-16m,1,step,28,2.925600
ascii-16m,1,step,29,3.035200
ascii-16m,1,step,30,3.165400
ascii-16m,1,step,31,3.287200
ascii-16m,1,step,32,3.437100
ascii-16m,1,step,33,3.045100
ascii-16m,1,step,34,3.138500
ascii-16m,1,step,35,3.726900
ascii-16m,1,step,36,4.751100
ascii-16m,1,step,37,4.341800
ascii-16m,1,step,38,3.266500
ascii-16m,1,step,39,3.919500
ascii-16m,1,step,40,2.937100
ascii-16m,1,step,41,3.640500
ascii-16m,1,step,42,2.912900
ascii-16m,1,step,43,2.941300
ascii-16m,1,step,44,2.951900
ascii-16m,1,step,45,3.133400
ascii-16m,1,step,46,3.515000
ascii-16m,1,step,47,3.313500
ascii-16m,1,step,48,2.875300
ascii-16m,1,step,49,3.043700
ascii-16m,1,step,50,3.775600
ascii-16m,1,step,51,3.309400
ascii-16m,1,step,52,4.099000
ascii-16m,1,step,53,2.806100
ascii-16m,1,step,54,3.004300
ascii-16m,1,step,55,3.629600
ascii-16m,1,step,56,3.072500
ascii-16m,1,step,57,3.387400
ascii-16m,1,step,58,2.904100
ascii-16m,1,step,59,3.102000
ascii-16m,1,step,60,3.636000
ascii-16m,1,step,61,3.391300
ascii-16m,1,step,62,3.579400
ascii-16m,1,step,63,3.629200
ascii-16m,1,step,64,3.475400
ascii-16m,1,step,65,3.305700
ascii-16m,1,step,66,4.249000
ascii-16m,1,step,67,2.900400
ascii-16m,1,step,68,2.844200
ascii-16m,1,step,69,3.054700
ascii-16m,1,step,70,3.768200
ascii-16m,1,step,71,4.290000
ascii-16m,1,step,72,3.080600
ascii-16m,1,step,73,2.831600
ascii-16m,1,step,74,3.335800
ascii-16m,1,step,75,3.476300
ascii-16m,1,step,76,3.215300
ascii-16m,1,step,77,2.997900
ascii-16m,1,step,78,2.964200
ascii-16m,1,step,79,3.031900
ascii-16m,1,step,80,3.677400
ascii-16m,1,step,81,3.567700
ascii-16m,1,step,82,2.990900
ascii-16m,1,step,83,2.826300
ascii-16m,1,step,84,2.984000
ascii-16m,1,step,85,3.155800
ascii-16m,1,step,86,3.620400
ascii-16m,1,step,87,3.202800
ascii-16m,1,step,88,3.061400
ascii-16m,1,step,89,2.962100
ascii-16m,1,step,90,3.068000
ascii-16m,1,step,91,3.856800
ascii-16m,1,step,92,3.053100
ascii-16m,1,step,93,3.036000
ascii-16m,1,step,94,2.997000
ascii-16m,1,step,95,2.944200
ascii-16m,1,step,96,3.621300
ascii-16m,1,step,97,2.957500
ascii-16m,1,step,98,2.989400
ascii-16m,1,step,99,3.024000
ascii-16m,1,step,100,2.909000
ascii-16m,1,step,101,4.158900
ascii-16m,1,step,102,2.971400
ascii-16m,1,step,103,2.981700
ascii-16m,1,step,104,3.665200
ascii-16m,1,step,105,3.326800
ascii-16m,1,step,106,3.580200
ascii-16m,1,step,107,3.603300
ascii-16m,1,step,108,2.911800
ascii-16m,1,step,109,3.295000
ascii-16m,1,step,110,3.183000
ascii-16m,1,step,111,3.865000
ascii-16m,1,step,112,3.544400
ascii-16m,1,step,113,3.107500
ascii-16m,1,step,114,2.951100
ascii-16m,1,step,115,2.755600
ascii-16m,1,step,116,3.780000
ascii-16m,1,step,117,3.569400
ascii-16m,1,step,118,2.974800
ascii-16m,1,step,119,2.936100
ascii-16m,1,step,120,2.886900
ascii-16m,1,step,121,3.799800
ascii-16m,1,step,122,3.770300
ascii-16m,1,step,123,3.070000
ascii-16m,1,step,124,3.105200
ascii-16m,1,step,125,2.739800
ascii-16m,1,step,126,3.941100
ascii-16m,1,step,127,5.240000
ascii-16m,1,step,128,3.173900
ascii-16m,1,step,129,3.025900
ascii-16m,1,step,130,4.125700
ascii-16m,1,step,131,3.681100
ascii-16m,1,step,132,5.078300
ascii-16m,1,step,133,5.067200
ascii-16m,1,step,134,5.098400
ascii-16m,1,step,135,2.816700
ascii-16m,1,step,136,3.237300
ascii-16m,1,step,137,2.966000
ascii-16m,1,step,138,3.079500
ascii-16m,1,step,139,4.633100
ascii-16m,1,step,140,2.783900
ascii-16m,1,step,141,3.619300
ascii-16m,1,step,142,3.132400
ascii-16m,1,step,143,4.469500
ascii-16m,1,step,144,3.866800
ascii-16m,1,step,145,3.097100
ascii-16m,1,step,146,3.281400
ascii-16m,1,step,147,3.156100
ascii-16m,1,step,148,3.303100
ascii-16m,1,step,149,3.449500
ascii-16m,1,step,150,3.644200
ascii-16m,1,step,151,4.307100
ascii-16m,1,step,152,3.081300
ascii-16m,1,step,153,4.557000
ascii-16m,1,step,154,3.604200
ascii-16m,1,step,155,3.295800
ascii-16m,1,step,156,3.784300
ascii-16m,1,step,157,3.161700
ascii-16m,1,step,158,3.345900
ascii-16m,1,step,159,3.176500
ascii-16m,1,step,160,3.348500
ascii-16m,1,step,161,3.309400
ascii-16m,1,step,162,4.500600
ascii-16m,1,step,163,3.113400
ascii-16m,1,step,164,4.758700
ascii-16m,1,step,165,3.718500
ascii-16m,1,step,166,3.037900
ascii-16m,1,step,167,4.011100
ascii-16m,1,step,168,3.753300
ascii-16m,1,step,169,3.728500
ascii-16m,1,step,170,2.958400
ascii-16m,1,step,171,3.036300
ascii-16m,1,step,172,3.198600
ascii-16m,1,step,173,3.247000
ascii-16m,1,step,174,3.009100
ascii-16m,1,step,175,2.806600
ascii-16m,1,step,176,3.221100
ascii-16m,1,step,177,3.311400
ascii-16m,1,step,178,3.623000
ascii-16m,1,step,179,2.952300
ascii-16m,1,step,180,2.816300
ascii-16m,1,step,181,2.999500
ascii-16m,1,step,182,2.991200
ascii-16m,1,step,183,2.687700
ascii-16m,1,step,184,3.954200
ascii-16m,1,step,185,2.990300
ascii-16m,1,step,186,2.804700
ascii-16m,1,step,187,2.793600
ascii-16m,1,step,188,3.185900
ascii-16m,1,step,189,3.621200
ascii-16m,1,step,190,2.810200
ascii-16m,1,step,191,3.229000
ascii-16m,1,step,192,2.780900
ascii-16m,1,step,193,3.050300
ascii-16m,1,step,194,2.920300
ascii-16m,1,step,195,2.800200
ascii-16m,1,step,196,2.780600
ascii-16m,1,step,197,2.988800
ascii-16m,1,step,198,2.836300
ascii-16m,1,step,199,2.901300
ascii-16m,1,step,200,3.105900
ascii-16m,1,step,201,2.940200
ascii-16m,1,step,202,2.896000
ascii-16m,1,step,203,2.910900
ascii-16m,1,step,204,2.869900
ascii-16m,1,step,205,3.560600
ascii-16m,1,step,206,3.116300
ascii-16m,1,step,207,2.779100
ascii-16m,1,step,208,3.247700
ascii-16m,1,step,209,3.116600
ascii-16m,1,step,210,3.812000
ascii-16m,1,step,211,3.099600
ascii-16m,1,step,212,3.003800
ascii-16m,1,step,213,2.804300
ascii-16m,1,step,214,2.814100
ascii-16m,1,step,215,3.473900
ascii-16m,1,step,216,4.404500
ascii-16m,1,step,217,4.503000
ascii-16m,1,step,218,3.627800
ascii-16m,1,step,219,3.505000
ascii-16m,1,step,220,4.877300
ascii-16m,1,step,221,5.111600
ascii-16m,1,step,222,4.788900
ascii-16m,1,step,223,4.911400
ascii-16m,1,step,224,5.091600
ascii-16m,1,step,225,4.787100
ascii-16m,1,step,226,2.817600
ascii-16m,1,step,227,3.508200
ascii-16m,1,step,228,2.842700
ascii-16m,1,step,229,2.816400
ascii-16m,1,step,230,3.272500
ascii-16m,1,step,231,2.842200
ascii-16m,1,step,232,2.855300
ascii-16m,1,step,233,3.054000
ascii-16m,1,step,234,3.244600
ascii-16m,1,step,235,2.899700
ascii-16m,1,step,236,3.059900
ascii-16m,1,step,237,2.834200
ascii-16m,1,step,238,3.147500
ascii-16m,1,step,239,3.615200
ascii-16m,1,step,240,3.529900
ascii-16m,1,step,241,2.983900
ascii-16m,1,step,242,3.183500
ascii-16m,1,step,243,3.641100
ascii-16m,1,step,244,2.956000
ascii-16m,1,step,245,3.300400
ascii-16m,1,step,246,2.760700
ascii-16m,1,step,247,2.820500
ascii-16m,1,step,248,3.213600
ascii-16m,1,step,249,2.979400
ascii-16m,1,step,250,3.215200
ascii-16m,1,step,251,3.270000
ascii-16m,1,step,252,3.245000
ascii-16m,1,step,253,3.067900
ascii-16m,1,step,254,2.843300
ascii-16m,1,step,255,3.697800
ascii-16m,1,step,256,0.065200
ascii-16m,1,publish-frame,0,0.662300
ascii-16m,1,release,0,0.132400
ascii-16m,1,total,0,856.020000
ascii-16m,1,cancel-release,0,0.142100
ascii-16m,2,step,0,3.024400
ascii-16m,2,step,1,4.404200
ascii-16m,2,step,2,4.721300
ascii-16m,2,step,3,3.187700
ascii-16m,2,step,4,3.377500
ascii-16m,2,step,5,3.225500
ascii-16m,2,step,6,3.167900
ascii-16m,2,step,7,3.724300
ascii-16m,2,step,8,3.562100
ascii-16m,2,step,9,3.337400
ascii-16m,2,step,10,4.971500
ascii-16m,2,step,11,4.384900
ascii-16m,2,step,12,3.397300
ascii-16m,2,step,13,3.110500
ascii-16m,2,step,14,3.701500
ascii-16m,2,step,15,3.214700
ascii-16m,2,step,16,3.057900
ascii-16m,2,step,17,2.976400
ascii-16m,2,step,18,3.629800
ascii-16m,2,step,19,2.783500
ascii-16m,2,step,20,3.013300
ascii-16m,2,step,21,3.199300
ascii-16m,2,step,22,2.930800
ascii-16m,2,step,23,3.409900
ascii-16m,2,step,24,3.004800
ascii-16m,2,step,25,3.033300
ascii-16m,2,step,26,2.942800
ascii-16m,2,step,27,3.370000
ascii-16m,2,step,28,3.277200
ascii-16m,2,step,29,2.710900
ascii-16m,2,step,30,2.728300
ascii-16m,2,step,31,3.032500
ascii-16m,2,step,32,4.255800
ascii-16m,2,step,33,4.941300
ascii-16m,2,step,34,2.713100
ascii-16m,2,step,35,3.014600
ascii-16m,2,step,36,2.825400
ascii-16m,2,step,37,2.807800
ascii-16m,2,step,38,3.034900
ascii-16m,2,step,39,3.058000
ascii-16m,2,step,40,2.915600
ascii-16m,2,step,41,2.820200
ascii-16m,2,step,42,3.092500
ascii-16m,2,step,43,2.980400
ascii-16m,2,step,44,2.879600
ascii-16m,2,step,45,2.887200
ascii-16m,2,step,46,2.815900
ascii-16m,2,step,47,3.076000
ascii-16m,2,step,48,3.417600
ascii-16m,2,step,49,3.267800
ascii-16m,2,step,50,3.110900
ascii-16m,2,step,51,2.845100
ascii-16m,2,step,52,3.014300
ascii-16m,2,step,53,4.795700
ascii-16m,2,step,54,3.847600
ascii-16m,2,step,55,2.951900
ascii-16m,2,step,56,3.275600
ascii-16m,2,step,57,3.199000
ascii-16m,2,step,58,2.976500
ascii-16m,2,step,59,3.268500
ascii-16m,2,step,60,2.804400
ascii-16m,2,step,61,2.937400
ascii-16m,2,step,62,2.746100
ascii-16m,2,step,63,3.187500
ascii-16m,2,step,64,3.371500
ascii-16m,2,step,65,3.242000
ascii-16m,2,step,66,2.855900
ascii-16m,2,step,67,2.773100
ascii-16m,2,step,68,2.962700
ascii-16m,2,step,69,2.748100
ascii-16m,2,step,70,2.708200
ascii-16m,2,step,71,2.903700
ascii-16m,2,step,72,2.785400
ascii-16m,2,step,73,3.055900
ascii-16m,2,step,74,2.737800
ascii-16m,2,step,75,2.676800
ascii-16m,2,step,76,2.774400
ascii-16m,2,step,77,3.489400
ascii-16m,2,step,78,3.235300
ascii-16m,2,step,79,2.763200
ascii-16m,2,step,80,2.716100
ascii-16m,2,step,81,2.933800
ascii-16m,2,step,82,3.346700
ascii-16m,2,step,83,3.098300
ascii-16m,2,step,84,2.703800
ascii-16m,2,step,85,3.269900
ascii-16m,2,step,86,3.538800
ascii-16m,2,step,87,3.072800
ascii-16m,2,step,88,3.281700
ascii-16m,2,step,89,4.684600
ascii-16m,2,step,90,5.122800
ascii-16m,2,step,91,4.566300
ascii-16m,2,step,92,2.786200
ascii-16m,2,step,93,3.008400
ascii-16m,2,step,94,2.984200
ascii-16m,2,step,95,3.847200
ascii-16m,2,step,96,3.128900
ascii-16m,2,step,97,3.157800
ascii-16m,2,step,98,3.135200
ascii-16m,2,step,99,2.829600
ascii-16m,2,step,100,2.780400
ascii-16m,2,step,101,3.948400
ascii-16m,2,step,102,4.086700
ascii-16m,2,step,103,2.835700
ascii-16m,2,step,104,2.824500
ascii-16m,2,step,105,3.143700
ascii-16m,2,step,106,3.680900
ascii-16m,2,step,107,3.032600
ascii-16m,2,step,108,2.821300
ascii-16m,2,step,109,2.965000
ascii-16m,2,step,110,3.183000
ascii-16m,2,step,111,3.428300
ascii-16m,2,step,112,3.277900
ascii-16m,2,step,113,2.934800
ascii-16m,2,step,114,3.036000
ascii-16m,2,step,115,3.606500
ascii-16m,2,step,116,3.843200
ascii-16m,2,step,117,2.781600
ascii-16m,2,step,118,2.875800
ascii-16m,2,step,119,2.969000
ascii-16m,2,step,120,2.786400
ascii-16m,2,step,121,2.819500
ascii-16m,2,step,122,3.279800
ascii-16m,2,step,123,3.889100
ascii-16m,2,step,124,3.187400
ascii-16m,2,step,125,2.746300
ascii-16m,2,step,126,3.695600
ascii-16m,2,step,127,3.418300
ascii-16m,2,step,128,2.986400
ascii-16m,2,step,129,3.019700
ascii-16m,2,step,130,2.863100
ascii-16m,2,step,131,3.603300
ascii-16m,2,step,132,2.941200
ascii-16m,2,step,133,2.735300
ascii-16m,2,step,134,2.730100
ascii-16m,2,step,135,2.769500
ascii-16m,2,step,136,2.981000
ascii-16m,2,step,137,3.428300
ascii-16m,2,step,138,2.750400
ascii-16m,2,step,139,2.773400
ascii-16m,2,step,140,2.693400
ascii-16m,2,step,141,2.997000
ascii-16m,2,step,142,3.284300
ascii-16m,2,step,143,3.196300
ascii-16m,2,step,144,2.983100
ascii-16m,2,step,145,2.783700
ascii-16m,2,step,146,3.132900
ascii-16m,2,step,147,3.102200
ascii-16m,2,step,148,3.526100
ascii-16m,2,step,149,3.292400
ascii-16m,2,step,150,3.506000
ascii-16m,2,step,151,3.394000
ascii-16m,2,step,152,4.904400
ascii-16m,2,step,153,5.313100
ascii-16m,2,step,154,4.393200
ascii-16m,2,step,155,2.879600
ascii-16m,2,step,156,2.921300
ascii-16m,2,step,157,3.040200
ascii-16m,2,step,158,3.180100
ascii-16m,2,step,159,2.868500
ascii-16m,2,step,160,3.324100
ascii-16m,2,step,161,5.033600
ascii-16m,2,step,162,5.021100
ascii-16m,2,step,163,5.195600
ascii-16m,2,step,164,4.837700
ascii-16m,2,step,165,4.918600
ascii-16m,2,step,166,4.663600
ascii-16m,2,step,167,2.677400
ascii-16m,2,step,168,2.750200
ascii-16m,2,step,169,2.914800
ascii-16m,2,step,170,3.240300
ascii-16m,2,step,171,3.537700
ascii-16m,2,step,172,4.439700
ascii-16m,2,step,173,2.827600
ascii-16m,2,step,174,3.032200
ascii-16m,2,step,175,3.398100
ascii-16m,2,step,176,3.325800
ascii-16m,2,step,177,2.826300
ascii-16m,2,step,178,2.656700
ascii-16m,2,step,179,2.795000
ascii-16m,2,step,180,2.986300
ascii-16m,2,step,181,3.156600
ascii-16m,2,step,182,3.941000
ascii-16m,2,step,183,2.944300
ascii-16m,2,step,184,2.766500
ascii-16m,2,step,185,2.935800
ascii-16m,2,step,186,3.085900
ascii-16m,2,step,187,2.996200
ascii-16m,2,step,188,2.835800
ascii-16m,2,step,189,3.650600
ascii-16m,2,step,190,2.988700
ascii-16m,2,step,191,3.519600
ascii-16m,2,step,192,2.983300
ascii-16m,2,step,193,2.857600
ascii-16m,2,step,194,3.125200
ascii-16m,2,step,195,3.100100
ascii-16m,2,step,196,3.051800
ascii-16m,2,step,197,2.882600
ascii-16m,2,step,198,2.840400
ascii-16m,2,step,199,3.384900
ascii-16m,2,step,200,3.548700
ascii-16m,2,step,201,3.280200
ascii-16m,2,step,202,2.866500
ascii-16m,2,step,203,4.463200
ascii-16m,2,step,204,2.798200
ascii-16m,2,step,205,3.463200
ascii-16m,2,step,206,3.493000
ascii-16m,2,step,207,3.179100
ascii-16m,2,step,208,3.152000
ascii-16m,2,step,209,2.958200
ascii-16m,2,step,210,3.315700
ascii-16m,2,step,211,3.203400
ascii-16m,2,step,212,4.143800
ascii-16m,2,step,213,5.049100
ascii-16m,2,step,214,4.327200
ascii-16m,2,step,215,3.264300
ascii-16m,2,step,216,3.597500
ascii-16m,2,step,217,2.849400
ascii-16m,2,step,218,2.720600
ascii-16m,2,step,219,2.882200
ascii-16m,2,step,220,2.970400
ascii-16m,2,step,221,3.703600
ascii-16m,2,step,222,3.636100
ascii-16m,2,step,223,3.002300
ascii-16m,2,step,224,2.976100
ascii-16m,2,step,225,3.193100
ascii-16m,2,step,226,4.227200
ascii-16m,2,step,227,4.735400
ascii-16m,2,step,228,4.594600
ascii-16m,2,step,229,3.325700
ascii-16m,2,step,230,3.586300
ascii-16m,2,step,231,2.800400
ascii-16m,2,step,232,4.452300
ascii-16m,2,step,233,5.004800
ascii-16m,2,step,234,4.599300
ascii-16m,2,step,235,2.943500
ascii-16m,2,step,236,5.057000
ascii-16m,2,step,237,5.128800
ascii-16m,2,step,238,5.349000
ascii-16m,2,step,239,5.203200
ascii-16m,2,step,240,5.270100
ascii-16m,2,step,241,5.013300
ascii-16m,2,step,242,3.281600
ascii-16m,2,step,243,4.745800
ascii-16m,2,step,244,4.235200
ascii-16m,2,step,245,3.509800
ascii-16m,2,step,246,3.312400
ascii-16m,2,step,247,3.126100
ascii-16m,2,step,248,2.892100
ascii-16m,2,step,249,3.177300
ascii-16m,2,step,250,3.782100
ascii-16m,2,step,251,4.426500
ascii-16m,2,step,252,3.094700
ascii-16m,2,step,253,3.612500
ascii-16m,2,step,254,4.014100
ascii-16m,2,step,255,5.454200
ascii-16m,2,step,256,0.020900
ascii-16m,2,publish-frame,0,0.571000
ascii-16m,2,release,0,0.144100
ascii-16m,2,total,0,864.730400
ascii-16m,2,cancel-release,0,0.134700
ascii-16m,3,step,0,4.813900
ascii-16m,3,step,1,4.142000
ascii-16m,3,step,2,4.208900
ascii-16m,3,step,3,4.737500
ascii-16m,3,step,4,3.937000
ascii-16m,3,step,5,3.088800
ascii-16m,3,step,6,2.795800
ascii-16m,3,step,7,2.878200
ascii-16m,3,step,8,3.390500
ascii-16m,3,step,9,4.544100
ascii-16m,3,step,10,2.792000
ascii-16m,3,step,11,3.038400
ascii-16m,3,step,12,2.767700
ascii-16m,3,step,13,4.421800
ascii-16m,3,step,14,5.164000
ascii-16m,3,step,15,4.812700
ascii-16m,3,step,16,3.574200
ascii-16m,3,step,17,3.867400
ascii-16m,3,step,18,3.204100
ascii-16m,3,step,19,4.332200
ascii-16m,3,step,20,3.173300
ascii-16m,3,step,21,3.397300
ascii-16m,3,step,22,3.539900
ascii-16m,3,step,23,4.225200
ascii-16m,3,step,24,3.555400
ascii-16m,3,step,25,2.956700
ascii-16m,3,step,26,3.269800
ascii-16m,3,step,27,2.937500
ascii-16m,3,step,28,2.916000
ascii-16m,3,step,29,5.024200
ascii-16m,3,step,30,3.968300
ascii-16m,3,step,31,3.675200
ascii-16m,3,step,32,2.929000
ascii-16m,3,step,33,2.797900
ascii-16m,3,step,34,2.906500
ascii-16m,3,step,35,3.095000
ascii-16m,3,step,36,3.125200
ascii-16m,3,step,37,3.168900
ascii-16m,3,step,38,2.799500
ascii-16m,3,step,39,2.878200
ascii-16m,3,step,40,3.019300
ascii-16m,3,step,41,4.618700
ascii-16m,3,step,42,3.736000
ascii-16m,3,step,43,2.899000
ascii-16m,3,step,44,3.844400
ascii-16m,3,step,45,2.894900
ascii-16m,3,step,46,2.832200
ascii-16m,3,step,47,4.002100
ascii-16m,3,step,48,3.336700
ascii-16m,3,step,49,3.207400
ascii-16m,3,step,50,2.977400
ascii-16m,3,step,51,3.164600
ascii-16m,3,step,52,3.252400
ascii-16m,3,step,53,2.926100
ascii-16m,3,step,54,3.125200
ascii-16m,3,step,55,2.996800
ascii-16m,3,step,56,3.137200
ascii-16m,3,step,57,3.039800
ascii-16m,3,step,58,2.960600
ascii-16m,3,step,59,2.856000
ascii-16m,3,step,60,2.784800
ascii-16m,3,step,61,4.667700
ascii-16m,3,step,62,4.803200
ascii-16m,3,step,63,4.031900
ascii-16m,3,step,64,4.836700
ascii-16m,3,step,65,4.751500
ascii-16m,3,step,66,4.276200
ascii-16m,3,step,67,3.968200
ascii-16m,3,step,68,2.737500
ascii-16m,3,step,69,2.792100
ascii-16m,3,step,70,3.255400
ascii-16m,3,step,71,2.978600
ascii-16m,3,step,72,2.700100
ascii-16m,3,step,73,3.105200
ascii-16m,3,step,74,2.810700
ascii-16m,3,step,75,2.948000
ascii-16m,3,step,76,3.496000
ascii-16m,3,step,77,2.800200
ascii-16m,3,step,78,2.714900
ascii-16m,3,step,79,2.699800
ascii-16m,3,step,80,2.910200
ascii-16m,3,step,81,2.997600
ascii-16m,3,step,82,2.804700
ascii-16m,3,step,83,3.110800
ascii-16m,3,step,84,2.803700
ascii-16m,3,step,85,2.860200
ascii-16m,3,step,86,2.964000
ascii-16m,3,step,87,3.240600
ascii-16m,3,step,88,3.250200
ascii-16m,3,step,89,3.416300
ascii-16m,3,step,90,3.413400
ascii-16m,3,step,91,3.066200
ascii-16m,3,step,92,2.941600
ascii-16m,3,step,93,3.154700
ascii-16m,3,step,94,3.335100
ascii-16m,3,step,95,3.203100
ascii-16m,3,step,96,2.746600
ascii-16m,3,step,97,2.755200
ascii-16m,3,step,98,3.260100
ascii-16m,3,step,99,4.101500
ascii-16m,3,step,100,4.796400
ascii-16m,3,step,101,4.128300
ascii-16m,3,step,102,2.987900
ascii-16m,3,step,103,2.842000
ascii-16m,3,step,104,2.828800
ascii-16m,3,step,105,2.810500
ascii-16m,3,step,106,2.927100
ascii-16m,3,step,107,2.930300
ascii-16m,3,step,108,3.389600
ascii-16m,3,step,109,2.884200
ascii-16m,3,step,110,2.853000
ascii-16m,3,step,111,3.039800
ascii-16m,3,step,112,2.980200
ascii-16m,3,step,113,2.788000
ascii-16m,3,step,114,2.758100
ascii-16m,3,step,115,3.702800
ascii-16m,3,step,116,3.063600
ascii-16m,3,step,117,3.086200
ascii-16m,3,step,118,2.897900
ascii-16m,3,step,119,4.523600
ascii-16m,3,step,120,4.874300
ascii-16m,3,step,121,3.825300
ascii-16m,3,step,122,2.871300
ascii-16m,3,step,123,4.004800
ascii-16m,3,step,124,4.955100
ascii-16m,3,step,125,3.794400
ascii-16m,3,step,126,3.030300
ascii-16m,3,step,127,3.409800
ascii-16m,3,step,128,3.870600
ascii-16m,3,step,129,2.801900
ascii-16m,3,step,130,2.816500
ascii-16m,3,step,131,2.875900
ascii-16m,3,step,132,3.234400
ascii-16m,3,step,133,3.869600
ascii-16m,3,step,134,3.580500
ascii-16m,3,step,135,3.160500
ascii-16m,3,step,136,3.190800
ascii-16m,3,step,137,2.804700
ascii-16m,3,step,138,3.701300
ascii-16m,3,step,139,4.286500
ascii-16m,3,step,140,2.803200
ascii-16m,3,step,141,2.918500
ascii-16m,3,step,142,2.792400
ascii-16m,3,step,143,3.666300
ascii-16m,3,step,144,3.892400
ascii-16m,3,step,145,4.584500
ascii-16m,3,step,146,3.029000
ascii-16m,3,step,147,2.860500
ascii-16m,3,step,148,2.951200
ascii-16m,3,step,149,2.783500
ascii-16m,3,step,150,2.836000
ascii-16m,3,step,151,2.954600
ascii-16m,3,step,152,2.716300
ascii-16m,3,step,153,2.894500
ascii-16m,3,step,154,3.021300
ascii-16m,3,step,155,3.365600
ascii-16m,3,step,156,2.829000
ascii-16m,3,step,157,2.737200
ascii-16m,3,step,158,2.775100
ascii-16m,3,step,159,3.113000
ascii-16m,3,step,160,3.756100
ascii-16m,3,step,161,2.945100
ascii-16m,3,step,162,2.742300
ascii-16m,3,step,163,2.956100
ascii-16m,3,step,164,2.875700
ascii-16m,3,step,165,2.764100
ascii-16m,3,step,166,2.807400
ascii-16m,3,step,167,2.830300
ascii-16m,3,step,168,2.715000
ascii-16m,3,step,169,2.760200
ascii-16m,3,step,170,2.802100
ascii-16m,3,step,171,2.951700
ascii-16m,3,step,172,2.955400
ascii-16m,3,step,173,3.069600
ascii-16m,3,step,174,2.692500
ascii-16m,3,step,175,3.618600
ascii-16m,3,step,176,3.291200
ascii-16m,3,step,177,3.112100
ascii-16m,3,step,178,2.862900
ascii-16m,3,step,179,2.692600
ascii-16m,3,step,180,2.794000
ascii-16m,3,step,181,4.126900
ascii-16m,3,step,182,3.470500
ascii-16m,3,step,183,2.899000
ascii-16m,3,step,184,2.782000
ascii-16m,3,step,185,2.901400
ascii-16m,3,step,186,3.104800
ascii-16m,3,step,187,2.982600
ascii-16m,3,step,188,3.640200
ascii-16m,3,step,189,3.911800
ascii-16m,3,step,190,2.953900
ascii-16m,3,step,191,3.033600
ascii-16m,3,step,192,3.460600
ascii-16m,3,step,193,3.154800
ascii-16m,3,step,194,2.723500
ascii-16m,3,step,195,3.180000
ascii-16m,3,step,196,2.844200
ascii-16m,3,step,197,3.319500
ascii-16m,3,step,198,3.287000
ascii-16m,3,step,199,3.723400
ascii-16m,3,step,200,4.865400
ascii-16m,3,step,201,4.559800
ascii-16m,3,step,202,3.068200
ascii-16m,3,step,203,2.997600
ascii-16m,3,step,204,2.789900
ascii-16m,3,step,205,2.769100
ascii-16m,3,step,206,2.854300
ascii-16m,3,step,207,3.278900
ascii-16m,3,step,208,2.806300
ascii-16m,3,step,209,3.113500
ascii-16m,3,step,210,2.758600
ascii-16m,3,step,211,2.903200
ascii-16m,3,step,212,2.823900
ascii-16m,3,step,213,2.861300
ascii-16m,3,step,214,2.821000
ascii-16m,3,step,215,2.765400
ascii-16m,3,step,216,2.745900
ascii-16m,3,step,217,2.774600
ascii-16m,3,step,218,2.938300
ascii-16m,3,step,219,3.318900
ascii-16m,3,step,220,2.816900
ascii-16m,3,step,221,2.820400
ascii-16m,3,step,222,3.067100
ascii-16m,3,step,223,3.835900
ascii-16m,3,step,224,3.087000
ascii-16m,3,step,225,2.853600
ascii-16m,3,step,226,2.998700
ascii-16m,3,step,227,2.963200
ascii-16m,3,step,228,2.817600
ascii-16m,3,step,229,4.100300
ascii-16m,3,step,230,3.467200
ascii-16m,3,step,231,3.610700
ascii-16m,3,step,232,2.787600
ascii-16m,3,step,233,2.724500
ascii-16m,3,step,234,3.679900
ascii-16m,3,step,235,3.512900
ascii-16m,3,step,236,2.889900
ascii-16m,3,step,237,2.804900
ascii-16m,3,step,238,2.865100
ascii-16m,3,step,239,3.022000
ascii-16m,3,step,240,3.147000
ascii-16m,3,step,241,3.634100
ascii-16m,3,step,242,2.935000
ascii-16m,3,step,243,4.914900
ascii-16m,3,step,244,3.890800
ascii-16m,3,step,245,3.404600
ascii-16m,3,step,246,2.921000
ascii-16m,3,step,247,2.841000
ascii-16m,3,step,248,2.692000
ascii-16m,3,step,249,2.994900
ascii-16m,3,step,250,2.985800
ascii-16m,3,step,251,3.078100
ascii-16m,3,step,252,2.777400
ascii-16m,3,step,253,2.938500
ascii-16m,3,step,254,3.980000
ascii-16m,3,step,255,3.260100
ascii-16m,3,step,256,0.023800
ascii-16m,3,publish-frame,0,0.382800
ascii-16m,3,release,0,0.034200
ascii-16m,3,total,0,836.784400
ascii-16m,3,cancel-release,0,0.155000
ascii-16m,4,step,0,2.955200
ascii-16m,4,step,1,2.894000
ascii-16m,4,step,2,3.203700
ascii-16m,4,step,3,3.185900
ascii-16m,4,step,4,2.919400
ascii-16m,4,step,5,2.757200
ascii-16m,4,step,6,2.752200
ascii-16m,4,step,7,2.821000
ascii-16m,4,step,8,3.158200
ascii-16m,4,step,9,3.007100
ascii-16m,4,step,10,2.861700
ascii-16m,4,step,11,2.769000
ascii-16m,4,step,12,2.738800
ascii-16m,4,step,13,2.843700
ascii-16m,4,step,14,3.392600
ascii-16m,4,step,15,2.709500
ascii-16m,4,step,16,2.753200
ascii-16m,4,step,17,2.676700
ascii-16m,4,step,18,2.835800
ascii-16m,4,step,19,3.039500
ascii-16m,4,step,20,2.769500
ascii-16m,4,step,21,2.758700
ascii-16m,4,step,22,2.735200
ascii-16m,4,step,23,2.817200
ascii-16m,4,step,24,3.092400
ascii-16m,4,step,25,3.107900
ascii-16m,4,step,26,3.184400
ascii-16m,4,step,27,3.016000
ascii-16m,4,step,28,2.929200
ascii-16m,4,step,29,2.919200
ascii-16m,4,step,30,2.790000
ascii-16m,4,step,31,2.681500
ascii-16m,4,step,32,3.666500
ascii-16m,4,step,33,2.949200
ascii-16m,4,step,34,3.018400
ascii-16m,4,step,35,2.707400
ascii-16m,4,step,36,2.791800
ascii-16m,4,step,37,3.173600
ascii-16m,4,step,38,3.102900
ascii-16m,4,step,39,2.950200
ascii-16m,4,step,40,2.719700
ascii-16m,4,step,41,2.767600
ascii-16m,4,step,42,3.698200
ascii-16m,4,step,43,2.741900
ascii-16m,4,step,44,3.019400
ascii-16m,4,step,45,2.784500
ascii-16m,4,step,46,2.699000
ascii-16m,4,step,47,2.674200
ascii-16m,4,step,48,3.043500
ascii-16m,4,step,49,3.737800
ascii-16m,4,step,50,4.442600
ascii-16m,4,step,51,3.591900
ascii-16m,4,step,52,3.197000
ascii-16m,4,step,53,3.956600
ascii-16m,4,step,54,3.178700
ascii-16m,4,step,55,3.001300
ascii-16m,4,step,56,2.811400
ascii-16m,4,step,57,2.775100
ascii-16m,4,step,58,3.249900
ascii-16m,4,step,59,3.452800
ascii-16m,4,step,60,2.830800
ascii-16m,4,step,61,3.345300
ascii-16m,4,step,62,4.801500
ascii-16m,4,step,63,3.431000
ascii-16m,4,step,64,2.939200
ascii-16m,4,step,65,2.631100
ascii-16m,4,step,66,2.736700
ascii-16m,4,step,67,3.310300
ascii-16m,4,step,68,3.496800
ascii-16m,4,step,69,3.310800
ascii-16m,4,step,70,2.963800
ascii-16m,4,step,71,2.864200
ascii-16m,4,step,72,2.878700
ascii-16m,4,step,73,3.231200
ascii-16m,4,step,74,3.848100
ascii-16m,4,step,75,2.974500
ascii-16m,4,step,76,2.791800
ascii-16m,4,step,77,2.790700
ascii-16m,4,step,78,2.760200
ascii-16m,4,step,79,4.216100
ascii-16m,4,step,80,4.174900
ascii-16m,4,step,81,2.745600
ascii-16m,4,step,82,3.016200
ascii-16m,4,step,83,3.321900
ascii-16m,4,step,84,5.203400
ascii-16m,4,step,85,4.509300
ascii-16m,4,step,86,2.737300
ascii-16m,4,step,87,2.837600
ascii-16m,4,step,88,3.473500
ascii-16m,4,step,89,3.083000
ascii-16m,4,step,90,3.250700
ascii-16m,4,step,91,2.916300
ascii-16m,4,step,92,3.550000
ascii-16m,4,step,93,3.386300
ascii-16m,4,step,94,3.098800
ascii-16m,4,step,95,2.938200
ascii-16m,4,step,96,2.980300
ascii-16m,4,step,97,2.931500
ascii-16m,4,step,98,2.712000
ascii-16m,4,step,99,2.694400
ascii-16m,4,step,100,4.277800
ascii-16m,4,step,101,2.865600
ascii-16m,4,step,102,2.789100
ascii-16m,4,step,103,2.734600
ascii-16m,4,step,104,3.386900
ascii-16m,4,step,105,3.860400
ascii-16m,4,step,106,2.690600
ascii-16m,4,step,107,2.774500
ascii-16m,4,step,108,2.964500
ascii-16m,4,step,109,3.555900
ascii-16m,4,step,110,2.743100
ascii-16m,4,step,111,2.671900
ascii-16m,4,step,112,2.689300
ascii-16m,4,step,113,2.746400
ascii-16m,4,step,114,3.126400
ascii-16m,4,step,115,4.180000
ascii-16m,4,step,116,2.768400
ascii-16m,4,step,117,2.702900
ascii-16m,4,step,118,2.838500
ascii-16m,4,step,119,3.027400
ascii-16m,4,step,120,3.181500
ascii-16m,4,step,121,2.716300
ascii-16m,4,step,122,3.437000
ascii-16m,4,step,123,3.109600
ascii-16m,4,step,124,2.791000
ascii-16m,4,step,125,3.003600
ascii-16m,4,step,126,3.842600
ascii-16m,4,step,127,3.473200
ascii-16m,4,step,128,4.933100
ascii-16m,4,step,129,3.461500
ascii-16m,4,step,130,3.036300
ascii-16m,4,step,131,3.035300
ascii-16m,4,step,132,2.818900
ascii-16m,4,step,133,2.727800
ascii-16m,4,step,134,2.773200
ascii-16m,4,step,135,2.938200
ascii-16m,4,step,136,3.055500
ascii-16m,4,step,137,2.834200
ascii-16m,4,step,138,2.840500
ascii-16m,4,step,139,2.776800
ascii-16m,4,step,140,3.035600
ascii-16m,4,step,141,2.879100
ascii-16m,4,step,142,2.980400
ascii-16m,4,step,143,3.433300
ascii-16m,4,step,144,2.921300
ascii-16m,4,step,145,2.938100
ascii-16m,4,step,146,3.079300
ascii-16m,4,step,147,4.174100
ascii-16m,4,step,148,3.862800
ascii-16m,4,step,149,2.805600
ascii-16m,4,step,150,2.835300
ascii-16m,4,step,151,3.309000
ascii-16m,4,step,152,3.284500
ascii-16m,4,step,153,3.127600
ascii-16m,4,step,154,2.823400
ascii-16m,4,step,155,2.904600
ascii-16m,4,step,156,2.859800
ascii-16m,4,step,157,3.083500
ascii-16m,4,step,158,3.609100
ascii-16m,4,step,159,2.704800
ascii-16m,4,step,160,2.967600
ascii-16m,4,step,161,2.788900
ascii-16m,4,step,162,2.732400
ascii-16m,4,step,163,2.771900
ascii-16m,4,step,164,3.043600
ascii-16m,4,step,165,3.241900
ascii-16m,4,step,166,2.869000
ascii-16m,4,step,167,2.735100
ascii-16m,4,step,168,2.691500
ascii-16m,4,step,169,4.005500
ascii-16m,4,step,170,3.560000
ascii-16m,4,step,171,4.187200
ascii-16m,4,step,172,3.695400
ascii-16m,4,step,173,3.067100
ascii-16m,4,step,174,2.816800
ascii-16m,4,step,175,2.881200
ascii-16m,4,step,176,3.786400
ascii-16m,4,step,177,3.019100
ascii-16m,4,step,178,3.024300
ascii-16m,4,step,179,2.993300
ascii-16m,4,step,180,3.018500
ascii-16m,4,step,181,2.708400
ascii-16m,4,step,182,2.765400
ascii-16m,4,step,183,2.759700
ascii-16m,4,step,184,3.424100
ascii-16m,4,step,185,2.906500
ascii-16m,4,step,186,3.888600
ascii-16m,4,step,187,3.041100
ascii-16m,4,step,188,2.748600
ascii-16m,4,step,189,2.768900
ascii-16m,4,step,190,3.508200
ascii-16m,4,step,191,2.981200
ascii-16m,4,step,192,2.905300
ascii-16m,4,step,193,2.753700
ascii-16m,4,step,194,2.832800
ascii-16m,4,step,195,2.981500
ascii-16m,4,step,196,2.885700
ascii-16m,4,step,197,2.765000
ascii-16m,4,step,198,2.814200
ascii-16m,4,step,199,2.664000
ascii-16m,4,step,200,2.898800
ascii-16m,4,step,201,3.311500
ascii-16m,4,step,202,2.778000
ascii-16m,4,step,203,2.844100
ascii-16m,4,step,204,2.826800
ascii-16m,4,step,205,2.809600
ascii-16m,4,step,206,2.746000
ascii-16m,4,step,207,2.747300
ascii-16m,4,step,208,2.803700
ascii-16m,4,step,209,2.695200
ascii-16m,4,step,210,2.851500
ascii-16m,4,step,211,2.766300
ascii-16m,4,step,212,2.913500
ascii-16m,4,step,213,2.949800
ascii-16m,4,step,214,3.531200
ascii-16m,4,step,215,3.439800
ascii-16m,4,step,216,2.770600
ascii-16m,4,step,217,2.742800
ascii-16m,4,step,218,2.779100
ascii-16m,4,step,219,2.791400
ascii-16m,4,step,220,4.009500
ascii-16m,4,step,221,3.419400
ascii-16m,4,step,222,2.709200
ascii-16m,4,step,223,2.768800
ascii-16m,4,step,224,3.101500
ascii-16m,4,step,225,4.018200
ascii-16m,4,step,226,4.537600
ascii-16m,4,step,227,2.786800
ascii-16m,4,step,228,2.786800
ascii-16m,4,step,229,3.418400
ascii-16m,4,step,230,2.841600
ascii-16m,4,step,231,2.845600
ascii-16m,4,step,232,4.135600
ascii-16m,4,step,233,4.766800
ascii-16m,4,step,234,3.780200
ascii-16m,4,step,235,2.984800
ascii-16m,4,step,236,3.592000
ascii-16m,4,step,237,2.719600
ascii-16m,4,step,238,2.904200
ascii-16m,4,step,239,3.084300
ascii-16m,4,step,240,3.843500
ascii-16m,4,step,241,2.856800
ascii-16m,4,step,242,2.755700
ascii-16m,4,step,243,2.959500
ascii-16m,4,step,244,5.096200
ascii-16m,4,step,245,4.702000
ascii-16m,4,step,246,4.835400
ascii-16m,4,step,247,4.843600
ascii-16m,4,step,248,5.038800
ascii-16m,4,step,249,3.468800
ascii-16m,4,step,250,2.840100
ascii-16m,4,step,251,2.776500
ascii-16m,4,step,252,3.537300
ascii-16m,4,step,253,2.909900
ascii-16m,4,step,254,2.721400
ascii-16m,4,step,255,2.731800
ascii-16m,4,step,256,0.029500
ascii-16m,4,publish-frame,0,0.354000
ascii-16m,4,release,0,0.032700
ascii-16m,4,total,0,803.091200
ascii-16m,4,cancel-release,0,0.190600
controls-16m,0,step,0,4.833300
controls-16m,0,step,1,5.407200
controls-16m,0,step,2,5.951800
controls-16m,0,step,3,3.613600
controls-16m,0,step,4,3.089000
controls-16m,0,step,5,3.092100
controls-16m,0,step,6,4.248700
controls-16m,0,step,7,3.923200
controls-16m,0,step,8,3.326900
controls-16m,0,step,9,2.983900
controls-16m,0,step,10,4.103500
controls-16m,0,step,11,3.541300
controls-16m,0,step,12,3.382200
controls-16m,0,step,13,3.181000
controls-16m,0,step,14,3.503500
controls-16m,0,step,15,3.727900
controls-16m,0,step,16,3.900100
controls-16m,0,step,17,3.223900
controls-16m,0,step,18,3.406000
controls-16m,0,step,19,4.857000
controls-16m,0,step,20,5.467300
controls-16m,0,step,21,4.848000
controls-16m,0,step,22,3.376300
controls-16m,0,step,23,3.567200
controls-16m,0,step,24,4.635400
controls-16m,0,step,25,3.595200
controls-16m,0,step,26,3.702100
controls-16m,0,step,27,3.541100
controls-16m,0,step,28,4.072700
controls-16m,0,step,29,5.266000
controls-16m,0,step,30,3.400900
controls-16m,0,step,31,3.116100
controls-16m,0,step,32,2.965600
controls-16m,0,step,33,3.372500
controls-16m,0,step,34,4.227600
controls-16m,0,step,35,2.955200
controls-16m,0,step,36,3.096800
controls-16m,0,step,37,3.511000
controls-16m,0,step,38,3.241100
controls-16m,0,step,39,4.024600
controls-16m,0,step,40,4.108100
controls-16m,0,step,41,3.088900
controls-16m,0,step,42,4.200700
controls-16m,0,step,43,4.413000
controls-16m,0,step,44,3.860600
controls-16m,0,step,45,3.995200
controls-16m,0,step,46,3.903000
controls-16m,0,step,47,3.722900
controls-16m,0,step,48,3.184900
controls-16m,0,step,49,3.265400
controls-16m,0,step,50,3.336500
controls-16m,0,step,51,4.001600
controls-16m,0,step,52,3.416200
controls-16m,0,step,53,3.505200
controls-16m,0,step,54,3.307700
controls-16m,0,step,55,3.434800
controls-16m,0,step,56,3.927700
controls-16m,0,step,57,3.898900
controls-16m,0,step,58,3.218600
controls-16m,0,step,59,2.994500
controls-16m,0,step,60,4.502000
controls-16m,0,step,61,5.727500
controls-16m,0,step,62,3.626800
controls-16m,0,step,63,3.619600
controls-16m,0,step,64,4.683900
controls-16m,0,step,65,5.226900
controls-16m,0,step,66,5.027600
controls-16m,0,step,67,3.927200
controls-16m,0,step,68,4.303300
controls-16m,0,step,69,3.895600
controls-16m,0,step,70,3.672900
controls-16m,0,step,71,3.827000
controls-16m,0,step,72,4.351800
controls-16m,0,step,73,3.456200
controls-16m,0,step,74,3.148300
controls-16m,0,step,75,3.301600
controls-16m,0,step,76,3.957100
controls-16m,0,step,77,3.382200
controls-16m,0,step,78,3.186000
controls-16m,0,step,79,3.942600
controls-16m,0,step,80,6.144700
controls-16m,0,step,81,4.138500
controls-16m,0,step,82,5.141400
controls-16m,0,step,83,3.204000
controls-16m,0,step,84,3.138400
controls-16m,0,step,85,3.776100
controls-16m,0,step,86,3.611700
controls-16m,0,step,87,3.051200
controls-16m,0,step,88,3.134000
controls-16m,0,step,89,3.017000
controls-16m,0,step,90,3.150000
controls-16m,0,step,91,2.937500
controls-16m,0,step,92,2.995500
controls-16m,0,step,93,3.170700
controls-16m,0,step,94,3.004400
controls-16m,0,step,95,3.264100
controls-16m,0,step,96,3.705700
controls-16m,0,step,97,2.975800
controls-16m,0,step,98,3.272300
controls-16m,0,step,99,3.141300
controls-16m,0,step,100,3.728000
controls-16m,0,step,101,3.359300
controls-16m,0,step,102,3.134800
controls-16m,0,step,103,2.993000
controls-16m,0,step,104,3.109000
controls-16m,0,step,105,3.197800
controls-16m,0,step,106,3.483800
controls-16m,0,step,107,3.036800
controls-16m,0,step,108,3.042300
controls-16m,0,step,109,3.032100
controls-16m,0,step,110,3.026100
controls-16m,0,step,111,3.593900
controls-16m,0,step,112,4.758100
controls-16m,0,step,113,3.137900
controls-16m,0,step,114,3.014200
controls-16m,0,step,115,3.423600
controls-16m,0,step,116,4.166700
controls-16m,0,step,117,5.935600
controls-16m,0,step,118,6.014200
controls-16m,0,step,119,3.028200
controls-16m,0,step,120,3.026000
controls-16m,0,step,121,3.045300
controls-16m,0,step,122,2.961200
controls-16m,0,step,123,3.133300
controls-16m,0,step,124,4.615500
controls-16m,0,step,125,3.245600
controls-16m,0,step,126,3.061500
controls-16m,0,step,127,3.011400
controls-16m,0,step,128,3.589900
controls-16m,0,step,129,3.001000
controls-16m,0,step,130,3.137900
controls-16m,0,step,131,3.054300
controls-16m,0,step,132,2.970200
controls-16m,0,step,133,3.217700
controls-16m,0,step,134,3.160300
controls-16m,0,step,135,3.770900
controls-16m,0,step,136,3.225200
controls-16m,0,step,137,2.963700
controls-16m,0,step,138,3.390800
controls-16m,0,step,139,3.139400
controls-16m,0,step,140,3.142200
controls-16m,0,step,141,3.521500
controls-16m,0,step,142,3.515800
controls-16m,0,step,143,3.562100
controls-16m,0,step,144,4.539300
controls-16m,0,step,145,4.263000
controls-16m,0,step,146,3.219800
controls-16m,0,step,147,3.071800
controls-16m,0,step,148,3.830800
controls-16m,0,step,149,3.180500
controls-16m,0,step,150,3.042600
controls-16m,0,step,151,3.046500
controls-16m,0,step,152,3.127400
controls-16m,0,step,153,3.157100
controls-16m,0,step,154,3.103700
controls-16m,0,step,155,3.065400
controls-16m,0,step,156,3.007000
controls-16m,0,step,157,2.962700
controls-16m,0,step,158,3.179700
controls-16m,0,step,159,3.169700
controls-16m,0,step,160,3.695400
controls-16m,0,step,161,3.493900
controls-16m,0,step,162,2.960100
controls-16m,0,step,163,3.056400
controls-16m,0,step,164,3.180900
controls-16m,0,step,165,2.971200
controls-16m,0,step,166,3.312000
controls-16m,0,step,167,3.093600
controls-16m,0,step,168,3.161200
controls-16m,0,step,169,3.110700
controls-16m,0,step,170,3.354500
controls-16m,0,step,171,3.103100
controls-16m,0,step,172,3.160300
controls-16m,0,step,173,3.587000
controls-16m,0,step,174,2.981500
controls-16m,0,step,175,3.672100
controls-16m,0,step,176,3.797400
controls-16m,0,step,177,2.966800
controls-16m,0,step,178,3.115400
controls-16m,0,step,179,2.980800
controls-16m,0,step,180,2.987200
controls-16m,0,step,181,3.563500
controls-16m,0,step,182,3.689900
controls-16m,0,step,183,3.190400
controls-16m,0,step,184,3.128300
controls-16m,0,step,185,3.340100
controls-16m,0,step,186,3.236500
controls-16m,0,step,187,3.234900
controls-16m,0,step,188,3.699600
controls-16m,0,step,189,3.292900
controls-16m,0,step,190,4.122200
controls-16m,0,step,191,4.050100
controls-16m,0,step,192,3.121600
controls-16m,0,step,193,3.153600
controls-16m,0,step,194,3.501400
controls-16m,0,step,195,3.313900
controls-16m,0,step,196,3.020900
controls-16m,0,step,197,3.030300
controls-16m,0,step,198,3.101700
controls-16m,0,step,199,3.053200
controls-16m,0,step,200,3.146000
controls-16m,0,step,201,4.775700
controls-16m,0,step,202,3.085800
controls-16m,0,step,203,3.261900
controls-16m,0,step,204,3.175100
controls-16m,0,step,205,3.412100
controls-16m,0,step,206,4.181300
controls-16m,0,step,207,3.351800
controls-16m,0,step,208,3.951500
controls-16m,0,step,209,3.426900
controls-16m,0,step,210,3.177700
controls-16m,0,step,211,3.022900
controls-16m,0,step,212,4.314100
controls-16m,0,step,213,3.799100
controls-16m,0,step,214,3.616100
controls-16m,0,step,215,3.155200
controls-16m,0,step,216,3.542600
controls-16m,0,step,217,3.448800
controls-16m,0,step,218,3.074300
controls-16m,0,step,219,3.419000
controls-16m,0,step,220,4.704100
controls-16m,0,step,221,5.422900
controls-16m,0,step,222,4.778400
controls-16m,0,step,223,4.691800
controls-16m,0,step,224,4.853300
controls-16m,0,step,225,4.286700
controls-16m,0,step,226,3.892100
controls-16m,0,step,227,3.273800
controls-16m,0,step,228,3.139500
controls-16m,0,step,229,2.998800
controls-16m,0,step,230,5.111800
controls-16m,0,step,231,5.335200
controls-16m,0,step,232,5.092700
controls-16m,0,step,233,4.144600
controls-16m,0,step,234,3.176500
controls-16m,0,step,235,5.256200
controls-16m,0,step,236,3.342900
controls-16m,0,step,237,3.106900
controls-16m,0,step,238,3.043400
controls-16m,0,step,239,3.736700
controls-16m,0,step,240,3.060500
controls-16m,0,step,241,3.034800
controls-16m,0,step,242,3.141900
controls-16m,0,step,243,4.275300
controls-16m,0,step,244,5.305900
controls-16m,0,step,245,5.460700
controls-16m,0,step,246,5.572000
controls-16m,0,step,247,3.668400
controls-16m,0,step,248,3.784300
controls-16m,0,step,249,2.992900
controls-16m,0,step,250,3.009500
controls-16m,0,step,251,3.401000
controls-16m,0,step,252,5.293800
controls-16m,0,step,253,5.282600
controls-16m,0,step,254,4.531800
controls-16m,0,step,255,2.968900
controls-16m,0,step,256,0.021400
controls-16m,0,publish-frame,0,0.208300
controls-16m,0,release,0,0.030600
controls-16m,0,total,0,930.823900
controls-16m,0,cancel-release,0,0.183300
controls-16m,1,step,0,4.783600
controls-16m,1,step,1,4.591100
controls-16m,1,step,2,4.159700
controls-16m,1,step,3,5.550900
controls-16m,1,step,4,4.745200
controls-16m,1,step,5,6.513000
controls-16m,1,step,6,3.719600
controls-16m,1,step,7,4.982200
controls-16m,1,step,8,4.195500
controls-16m,1,step,9,3.048400
controls-16m,1,step,10,2.981500
controls-16m,1,step,11,3.722800
controls-16m,1,step,12,4.646100
controls-16m,1,step,13,4.585300
controls-16m,1,step,14,4.122200
controls-16m,1,step,15,4.813100
controls-16m,1,step,16,5.108800
controls-16m,1,step,17,3.188500
controls-16m,1,step,18,4.978200
controls-16m,1,step,19,4.744700
controls-16m,1,step,20,3.388900
controls-16m,1,step,21,4.631000
controls-16m,1,step,22,4.448100
controls-16m,1,step,23,5.472300
controls-16m,1,step,24,4.541400
controls-16m,1,step,25,3.936200
controls-16m,1,step,26,3.996300
controls-16m,1,step,27,3.123000
controls-16m,1,step,28,3.500600
controls-16m,1,step,29,5.244600
controls-16m,1,step,30,5.183600
controls-16m,1,step,31,4.626200
controls-16m,1,step,32,5.502800
controls-16m,1,step,33,5.367000
controls-16m,1,step,34,5.169000
controls-16m,1,step,35,5.211300
controls-16m,1,step,36,5.150100
controls-16m,1,step,37,5.893100
controls-16m,1,step,38,5.282500
controls-16m,1,step,39,5.496600
controls-16m,1,step,40,5.674500
controls-16m,1,step,41,5.289700
controls-16m,1,step,42,3.655400
controls-16m,1,step,43,6.554600
controls-16m,1,step,44,4.506700
controls-16m,1,step,45,4.004300
controls-16m,1,step,46,3.217700
controls-16m,1,step,47,4.676900
controls-16m,1,step,48,5.992200
controls-16m,1,step,49,4.431100
controls-16m,1,step,50,4.933000
controls-16m,1,step,51,6.300300
controls-16m,1,step,52,5.847400
controls-16m,1,step,53,5.820000
controls-16m,1,step,54,4.901500
controls-16m,1,step,55,5.284000
controls-16m,1,step,56,5.506500
controls-16m,1,step,57,4.873900
controls-16m,1,step,58,5.460000
controls-16m,1,step,59,5.019900
controls-16m,1,step,60,4.993200
controls-16m,1,step,61,5.560000
controls-16m,1,step,62,5.797800
controls-16m,1,step,63,5.700800
controls-16m,1,step,64,5.445900
controls-16m,1,step,65,5.898300
controls-16m,1,step,66,5.923600
controls-16m,1,step,67,5.474800
controls-16m,1,step,68,5.581300
controls-16m,1,step,69,5.481100
controls-16m,1,step,70,4.629600
controls-16m,1,step,71,4.793800
controls-16m,1,step,72,5.662600
controls-16m,1,step,73,3.700600
controls-16m,1,step,74,4.199900
controls-16m,1,step,75,5.041300
controls-16m,1,step,76,5.140400
controls-16m,1,step,77,5.138500
controls-16m,1,step,78,4.448800
controls-16m,1,step,79,3.851600
controls-16m,1,step,80,5.799400
controls-16m,1,step,81,4.009600
controls-16m,1,step,82,3.107200
controls-16m,1,step,83,4.155000
controls-16m,1,step,84,5.196300
controls-16m,1,step,85,5.268800
controls-16m,1,step,86,4.998800
controls-16m,1,step,87,3.519500
controls-16m,1,step,88,3.031900
controls-16m,1,step,89,3.159000
controls-16m,1,step,90,3.776900
controls-16m,1,step,91,4.776000
controls-16m,1,step,92,3.755000
controls-16m,1,step,93,3.184100
controls-16m,1,step,94,3.354100
controls-16m,1,step,95,3.916700
controls-16m,1,step,96,3.790900
controls-16m,1,step,97,4.180000
controls-16m,1,step,98,3.177000
controls-16m,1,step,99,3.010600
controls-16m,1,step,100,4.164300
controls-16m,1,step,101,3.397600
controls-16m,1,step,102,3.119600
controls-16m,1,step,103,2.933900
controls-16m,1,step,104,2.953600
controls-16m,1,step,105,3.291100
controls-16m,1,step,106,2.975100
controls-16m,1,step,107,2.975400
controls-16m,1,step,108,2.993900
controls-16m,1,step,109,2.976100
controls-16m,1,step,110,3.315100
controls-16m,1,step,111,3.041100
controls-16m,1,step,112,3.078100
controls-16m,1,step,113,2.935200
controls-16m,1,step,114,2.950400
controls-16m,1,step,115,4.504100
controls-16m,1,step,116,3.476800
controls-16m,1,step,117,3.071900
controls-16m,1,step,118,3.025800
controls-16m,1,step,119,3.123400
controls-16m,1,step,120,4.713000
controls-16m,1,step,121,4.611600
controls-16m,1,step,122,3.265700
controls-16m,1,step,123,2.963000
controls-16m,1,step,124,3.044700
controls-16m,1,step,125,3.016800
controls-16m,1,step,126,3.017000
controls-16m,1,step,127,2.965300
controls-16m,1,step,128,3.022400
controls-16m,1,step,129,3.177100
controls-16m,1,step,130,2.990400
controls-16m,1,step,131,3.218600
controls-16m,1,step,132,2.990400
controls-16m,1,step,133,3.034800
controls-16m,1,step,134,3.174300
controls-16m,1,step,135,3.060400
controls-16m,1,step,136,3.567500
controls-16m,1,step,137,3.986200
controls-16m,1,step,138,4.435700
controls-16m,1,step,139,3.244100
controls-16m,1,step,140,3.370400
controls-16m,1,step,141,3.623600
controls-16m,1,step,142,3.536900
controls-16m,1,step,143,3.085900
controls-16m,1,step,144,3.288400
controls-16m,1,step,145,3.254700
controls-16m,1,step,146,3.195500
controls-16m,1,step,147,3.465700
controls-16m,1,step,148,2.933900
controls-16m,1,step,149,3.451000
controls-16m,1,step,150,3.070400
controls-16m,1,step,151,3.200200
controls-16m,1,step,152,3.189600
controls-16m,1,step,153,2.976400
controls-16m,1,step,154,3.070400
controls-16m,1,step,155,3.397900
controls-16m,1,step,156,3.073000
controls-16m,1,step,157,4.558800
controls-16m,1,step,158,5.171200
controls-16m,1,step,159,4.519100
controls-16m,1,step,160,3.467500
controls-16m,1,step,161,3.671600
controls-16m,1,step,162,3.121500
controls-16m,1,step,163,3.084500
controls-16m,1,step,164,3.180600
controls-16m,1,step,165,4.349700
controls-16m,1,step,166,4.017000
controls-16m,1,step,167,2.933000
controls-16m,1,step,168,3.002000
controls-16m,1,step,169,3.685700
controls-16m,1,step,170,3.784900
controls-16m,1,step,171,3.014300
controls-16m,1,step,172,3.057500
controls-16m,1,step,173,3.138200
controls-16m,1,step,174,3.894700
controls-16m,1,step,175,2.987400
controls-16m,1,step,176,3.013300
controls-16m,1,step,177,3.385900
controls-16m,1,step,178,2.996700
controls-16m,1,step,179,4.315500
controls-16m,1,step,180,4.660800
controls-16m,1,step,181,2.993800
controls-16m,1,step,182,3.075400
controls-16m,1,step,183,3.329800
controls-16m,1,step,184,5.237100
controls-16m,1,step,185,3.705400
controls-16m,1,step,186,2.992500
controls-16m,1,step,187,3.091200
controls-16m,1,step,188,3.006000
controls-16m,1,step,189,5.371400
controls-16m,1,step,190,5.362300
controls-16m,1,step,191,3.125300
controls-16m,1,step,192,3.914900
controls-16m,1,step,193,4.497700
controls-16m,1,step,194,3.243600
controls-16m,1,step,195,4.923400
controls-16m,1,step,196,5.274800
controls-16m,1,step,197,5.396600
controls-16m,1,step,198,3.367900
controls-16m,1,step,199,3.102300
controls-16m,1,step,200,3.326100
controls-16m,1,step,201,3.418000
controls-16m,1,step,202,5.217700
controls-16m,1,step,203,3.045200
controls-16m,1,step,204,5.380000
controls-16m,1,step,205,4.215900
controls-16m,1,step,206,3.260700
controls-16m,1,step,207,3.760600
controls-16m,1,step,208,5.314900
controls-16m,1,step,209,5.119200
controls-16m,1,step,210,3.364700
controls-16m,1,step,211,5.021600
controls-16m,1,step,212,4.000400
controls-16m,1,step,213,3.370100
controls-16m,1,step,214,3.301900
controls-16m,1,step,215,3.231600
controls-16m,1,step,216,3.208000
controls-16m,1,step,217,4.925300
controls-16m,1,step,218,5.004200
controls-16m,1,step,219,4.229300
controls-16m,1,step,220,3.428200
controls-16m,1,step,221,3.644400
controls-16m,1,step,222,3.508900
controls-16m,1,step,223,3.126600
controls-16m,1,step,224,3.058800
controls-16m,1,step,225,3.064800
controls-16m,1,step,226,4.307700
controls-16m,1,step,227,2.963300
controls-16m,1,step,228,2.981500
controls-16m,1,step,229,3.036800
controls-16m,1,step,230,2.955600
controls-16m,1,step,231,3.891800
controls-16m,1,step,232,4.352500
controls-16m,1,step,233,3.144100
controls-16m,1,step,234,2.909500
controls-16m,1,step,235,4.186600
controls-16m,1,step,236,4.227900
controls-16m,1,step,237,5.419500
controls-16m,1,step,238,5.208300
controls-16m,1,step,239,4.647200
controls-16m,1,step,240,5.196300
controls-16m,1,step,241,4.604700
controls-16m,1,step,242,4.978700
controls-16m,1,step,243,5.455400
controls-16m,1,step,244,5.668000
controls-16m,1,step,245,5.787200
controls-16m,1,step,246,4.101500
controls-16m,1,step,247,3.146800
controls-16m,1,step,248,3.983500
controls-16m,1,step,249,4.984300
controls-16m,1,step,250,5.472700
controls-16m,1,step,251,5.047400
controls-16m,1,step,252,4.104600
controls-16m,1,step,253,5.219800
controls-16m,1,step,254,5.303400
controls-16m,1,step,255,4.202200
controls-16m,1,step,256,0.024100
controls-16m,1,publish-frame,0,0.306700
controls-16m,1,release,0,0.056100
controls-16m,1,total,0,1050.380800
controls-16m,1,cancel-release,0,0.203700
controls-16m,2,step,0,3.322100
controls-16m,2,step,1,4.080300
controls-16m,2,step,2,3.372400
controls-16m,2,step,3,3.044300
controls-16m,2,step,4,3.690200
controls-16m,2,step,5,3.140000
controls-16m,2,step,6,3.176800
controls-16m,2,step,7,3.467600
controls-16m,2,step,8,3.067700
controls-16m,2,step,9,3.296700
controls-16m,2,step,10,3.352700
controls-16m,2,step,11,3.185400
controls-16m,2,step,12,3.503800
controls-16m,2,step,13,2.980700
controls-16m,2,step,14,3.602200
controls-16m,2,step,15,4.011100
controls-16m,2,step,16,3.271400
controls-16m,2,step,17,3.039500
controls-16m,2,step,18,3.240100
controls-16m,2,step,19,3.342500
controls-16m,2,step,20,2.955700
controls-16m,2,step,21,3.067200
controls-16m,2,step,22,3.077000
controls-16m,2,step,23,3.054100
controls-16m,2,step,24,3.561500
controls-16m,2,step,25,3.205000
controls-16m,2,step,26,2.913600
controls-16m,2,step,27,3.032500
controls-16m,2,step,28,3.070500
controls-16m,2,step,29,2.964400
controls-16m,2,step,30,3.063100
controls-16m,2,step,31,3.023900
controls-16m,2,step,32,3.299700
controls-16m,2,step,33,4.522600
controls-16m,2,step,34,3.387800
controls-16m,2,step,35,3.459100
controls-16m,2,step,36,3.050500
controls-16m,2,step,37,2.979300
controls-16m,2,step,38,3.025900
controls-16m,2,step,39,3.114700
controls-16m,2,step,40,3.145200
controls-16m,2,step,41,3.781600
controls-16m,2,step,42,2.996300
controls-16m,2,step,43,2.988600
controls-16m,2,step,44,3.018400
controls-16m,2,step,45,3.831600
controls-16m,2,step,46,3.803500
controls-16m,2,step,47,3.009900
controls-16m,2,step,48,3.038200
controls-16m,2,step,49,3.173400
controls-16m,2,step,50,3.724800
controls-16m,2,step,51,3.056800
controls-16m,2,step,52,3.228500
controls-16m,2,step,53,3.130400
controls-16m,2,step,54,2.992500
controls-16m,2,step,55,3.383700
controls-16m,2,step,56,3.150600
controls-16m,2,step,57,3.009400
controls-16m,2,step,58,2.992700
controls-16m,2,step,59,3.098500
controls-16m,2,step,60,3.620900
controls-16m,2,step,61,3.511000
controls-16m,2,step,62,3.409200
controls-16m,2,step,63,2.973600
controls-16m,2,step,64,3.075900
controls-16m,2,step,65,3.149300
controls-16m,2,step,66,3.146700
controls-16m,2,step,67,3.083900
controls-16m,2,step,68,3.060900
controls-16m,2,step,69,3.154600
controls-16m,2,step,70,3.108700
controls-16m,2,step,71,3.136000
controls-16m,2,step,72,2.966500
controls-16m,2,step,73,3.042600
controls-16m,2,step,74,3.022800
controls-16m,2,step,75,3.026100
controls-16m,2,step,76,4.162800
controls-16m,2,step,77,4.426300
controls-16m,2,step,78,2.980600
controls-16m,2,step,79,3.019700
controls-16m,2,step,80,3.494200
controls-16m,2,step,81,2.903200
controls-16m,2,step,82,4.176900
controls-16m,2,step,83,4.003600
controls-16m,2,step,84,3.475800
controls-16m,2,step,85,3.569000
controls-16m,2,step,86,3.921700
controls-16m,2,step,87,3.098800
controls-16m,2,step,88,2.993800
controls-16m,2,step,89,4.605900
controls-16m,2,step,90,4.455400
controls-16m,2,step,91,3.368800
controls-16m,2,step,92,3.376400
controls-16m,2,step,93,4.954500
controls-16m,2,step,94,4.469200
controls-16m,2,step,95,5.456100
controls-16m,2,step,96,5.279500
controls-16m,2,step,97,4.537000
controls-16m,2,step,98,4.337000
controls-16m,2,step,99,3.092300
controls-16m,2,step,100,3.014300
controls-16m,2,step,101,4.363600
controls-16m,2,step,102,4.766300
controls-16m,2,step,103,5.340200
controls-16m,2,step,104,5.373300
controls-16m,2,step,105,5.438900
controls-16m,2,step,106,3.519800
controls-16m,2,step,107,3.374400
controls-16m,2,step,108,3.557800
controls-16m,2,step,109,4.037800
controls-16m,2,step,110,5.364700
controls-16m,2,step,111,5.360100
controls-16m,2,step,112,5.329600
controls-16m,2,step,113,5.133400
controls-16m,2,step,114,3.576700
controls-16m,2,step,115,3.114500
controls-16m,2,step,116,5.931800
controls-16m,2,step,117,5.093300
controls-16m,2,step,118,5.317900
controls-16m,2,step,119,4.994600
controls-16m,2,step,120,4.945400
controls-16m,2,step,121,4.297400
controls-16m,2,step,122,4.097400
controls-16m,2,step,123,4.336500
controls-16m,2,step,124,5.011200
controls-16m,2,step,125,5.229300
controls-16m,2,step,126,6.785600
controls-16m,2,step,127,3.440500
controls-16m,2,step,128,3.151500
controls-16m,2,step,129,3.412800
controls-16m,2,step,130,3.706300
controls-16m,2,step,131,3.749800
controls-16m,2,step,132,2.980700
controls-16m,2,step,133,3.191400
controls-16m,2,step,134,3.019900
controls-16m,2,step,135,2.941600
controls-16m,2,step,136,4.232300
controls-16m,2,step,137,3.278800
controls-16m,2,step,138,4.041500
controls-16m,2,step,139,3.347000
controls-16m,2,step,140,3.124400
controls-16m,2,step,141,3.368600
controls-16m,2,step,142,3.797700
controls-16m,2,step,143,3.169200
controls-16m,2,step,144,3.052300
controls-16m,2,step,145,3.131900
controls-16m,2,step,146,3.596700
controls-16m,2,step,147,3.095100
controls-16m,2,step,148,3.080300
controls-16m,2,step,149,2.970400
controls-16m,2,step,150,3.113900
controls-16m,2,step,151,4.599500
controls-16m,2,step,152,4.327300
controls-16m,2,step,153,5.382300
controls-16m,2,step,154,4.695000
controls-16m,2,step,155,4.552200
controls-16m,2,step,156,3.488800
controls-16m,2,step,157,4.507600
controls-16m,2,step,158,4.947700
controls-16m,2,step,159,3.695100
controls-16m,2,step,160,3.084600
controls-16m,2,step,161,3.660800
controls-16m,2,step,162,3.700900
controls-16m,2,step,163,3.268000
controls-16m,2,step,164,3.088500
controls-16m,2,step,165,3.002500
controls-16m,2,step,166,3.051000
controls-16m,2,step,167,3.075700
controls-16m,2,step,168,3.991000
controls-16m,2,step,169,3.818600
controls-16m,2,step,170,3.018500
controls-16m,2,step,171,2.952500
controls-16m,2,step,172,3.029000
controls-16m,2,step,173,3.694000
controls-16m,2,step,174,3.469500
controls-16m,2,step,175,3.260900
controls-16m,2,step,176,2.921100
controls-16m,2,step,177,2.993100
controls-16m,2,step,178,3.571800
controls-16m,2,step,179,3.091600
controls-16m,2,step,180,2.956100
controls-16m,2,step,181,5.336900
controls-16m,2,step,182,5.405700
controls-16m,2,step,183,5.487100
controls-16m,2,step,184,5.021000
controls-16m,2,step,185,3.093600
controls-16m,2,step,186,3.536600
controls-16m,2,step,187,3.793800
controls-16m,2,step,188,3.126000
controls-16m,2,step,189,3.221700
controls-16m,2,step,190,3.223000
controls-16m,2,step,191,4.447500
controls-16m,2,step,192,3.098500
controls-16m,2,step,193,2.958000
controls-16m,2,step,194,3.604400
controls-16m,2,step,195,3.144700
controls-16m,2,step,196,3.013600
controls-16m,2,step,197,3.562300
controls-16m,2,step,198,3.662400
controls-16m,2,step,199,3.214100
controls-16m,2,step,200,3.006500
controls-16m,2,step,201,4.267000
controls-16m,2,step,202,2.994800
controls-16m,2,step,203,3.106600
controls-16m,2,step,204,3.302900
controls-16m,2,step,205,3.349400
controls-16m,2,step,206,3.622700
controls-16m,2,step,207,3.764700
controls-16m,2,step,208,3.046300
controls-16m,2,step,209,3.245200
controls-16m,2,step,210,3.429200
controls-16m,2,step,211,3.210800
controls-16m,2,step,212,3.097100
controls-16m,2,step,213,2.936400
controls-16m,2,step,214,3.099700
controls-16m,2,step,215,3.154100
controls-16m,2,step,216,3.344200
controls-16m,2,step,217,3.244500
controls-16m,2,step,218,3.009700
controls-16m,2,step,219,3.046700
controls-16m,2,step,220,3.051900
controls-16m,2,step,221,3.293500
controls-16m,2,step,222,3.909900
controls-16m,2,step,223,5.319000
controls-16m,2,step,224,5.349700
controls-16m,2,step,225,3.513600
controls-16m,2,step,226,4.493700
controls-16m,2,step,227,2.921900
controls-16m,2,step,228,2.927500
controls-16m,2,step,229,3.531400
controls-16m,2,step,230,4.591700
controls-16m,2,step,231,3.108700
controls-16m,2,step,232,3.065600
controls-16m,2,step,233,3.056200
controls-16m,2,step,234,4.273200
controls-16m,2,step,235,3.855500
controls-16m,2,step,236,3.160700
controls-16m,2,step,237,3.088600
controls-16m,2,step,238,3.204200
controls-16m,2,step,239,3.571100
controls-16m,2,step,240,3.272600
controls-16m,2,step,241,3.120700
controls-16m,2,step,242,3.122000
controls-16m,2,step,243,3.198000
controls-16m,2,step,244,3.609700
controls-16m,2,step,245,3.580300
controls-16m,2,step,246,4.805300
controls-16m,2,step,247,4.868200
controls-16m,2,step,248,3.654300
controls-16m,2,step,249,3.294500
controls-16m,2,step,250,3.669100
controls-16m,2,step,251,3.277500
controls-16m,2,step,252,3.131900
controls-16m,2,step,253,3.905700
controls-16m,2,step,254,4.383600
controls-16m,2,step,255,3.242200
controls-16m,2,step,256,0.022200
controls-16m,2,publish-frame,0,0.287500
controls-16m,2,release,0,0.032400
controls-16m,2,total,0,924.829500
controls-16m,2,cancel-release,0,0.089200
controls-16m,3,step,0,3.014000
controls-16m,3,step,1,3.008100
controls-16m,3,step,2,2.910400
controls-16m,3,step,3,2.941000
controls-16m,3,step,4,3.910000
controls-16m,3,step,5,3.292300
controls-16m,3,step,6,3.173900
controls-16m,3,step,7,2.964700
controls-16m,3,step,8,3.056700
controls-16m,3,step,9,3.251000
controls-16m,3,step,10,4.052400
controls-16m,3,step,11,3.550100
controls-16m,3,step,12,3.013800
controls-16m,3,step,13,3.093000
controls-16m,3,step,14,2.937100
controls-16m,3,step,15,3.002100
controls-16m,3,step,16,3.064100
controls-16m,3,step,17,3.350600
controls-16m,3,step,18,3.843100
controls-16m,3,step,19,3.894000
controls-16m,3,step,20,5.303600
controls-16m,3,step,21,5.209800
controls-16m,3,step,22,3.159400
controls-16m,3,step,23,3.071000
controls-16m,3,step,24,3.032500
controls-16m,3,step,25,3.002600
controls-16m,3,step,26,3.119200
controls-16m,3,step,27,3.177000
controls-16m,3,step,28,3.499200
controls-16m,3,step,29,3.210100
controls-16m,3,step,30,3.128000
controls-16m,3,step,31,3.750400
controls-16m,3,step,32,4.239300
controls-16m,3,step,33,3.046400
controls-16m,3,step,34,2.920600
controls-16m,3,step,35,3.033800
controls-16m,3,step,36,3.203300
controls-16m,3,step,37,3.083600
controls-16m,3,step,38,4.478400
controls-16m,3,step,39,4.550700
controls-16m,3,step,40,3.102500
controls-16m,3,step,41,3.252800
controls-16m,3,step,42,3.139800
controls-16m,3,step,43,3.636400
controls-16m,3,step,44,3.288500
controls-16m,3,step,45,3.052200
controls-16m,3,step,46,3.006500
controls-16m,3,step,47,4.337600
controls-16m,3,step,48,3.709000
controls-16m,3,step,49,3.194700
controls-16m,3,step,50,3.136700
controls-16m,3,step,51,3.144800
controls-16m,3,step,52,3.168600
controls-16m,3,step,53,3.950300
controls-16m,3,step,54,2.992900
controls-16m,3,step,55,2.966000
controls-16m,3,step,56,3.011900
controls-16m,3,step,57,3.015900
controls-16m,3,step,58,3.280800
controls-16m,3,step,59,3.762800
controls-16m,3,step,60,3.033300
controls-16m,3,step,61,3.032600
controls-16m,3,step,62,3.141600
controls-16m,3,step,63,4.364300
controls-16m,3,step,64,3.930100
controls-16m,3,step,65,3.227000
controls-16m,3,step,66,3.093200
controls-16m,3,step,67,4.382700
controls-16m,3,step,68,4.317800
controls-16m,3,step,69,3.065400
controls-16m,3,step,70,3.383300
controls-16m,3,step,71,3.388100
controls-16m,3,step,72,3.909300
controls-16m,3,step,73,3.121100
controls-16m,3,step,74,3.050000
controls-16m,3,step,75,2.956900
controls-16m,3,step,76,3.125800
controls-16m,3,step,77,3.720300
controls-16m,3,step,78,3.879800
controls-16m,3,step,79,4.345800
controls-16m,3,step,80,3.163400
controls-16m,3,step,81,4.252800
controls-16m,3,step,82,3.861900
controls-16m,3,step,83,3.938200
controls-16m,3,step,84,3.015800
controls-16m,3,step,85,4.006000
controls-16m,3,step,86,4.076300
controls-16m,3,step,87,3.123000
controls-16m,3,step,88,3.068300
controls-16m,3,step,89,2.989400
controls-16m,3,step,90,2.941800
controls-16m,3,step,91,3.325600
controls-16m,3,step,92,3.099900
controls-16m,3,step,93,2.992200
controls-16m,3,step,94,3.161800
controls-16m,3,step,95,2.990500
controls-16m,3,step,96,3.506300
controls-16m,3,step,97,3.952300
controls-16m,3,step,98,3.029500
controls-16m,3,step,99,4.525400
controls-16m,3,step,100,5.429800
controls-16m,3,step,101,5.481200
controls-16m,3,step,102,5.397900
controls-16m,3,step,103,5.346600
controls-16m,3,step,104,5.043300
controls-16m,3,step,105,3.301900
controls-16m,3,step,106,2.899100
controls-16m,3,step,107,2.976900
controls-16m,3,step,108,3.707200
controls-16m,3,step,109,4.109900
controls-16m,3,step,110,3.237500
controls-16m,3,step,111,3.087400
controls-16m,3,step,112,3.113300
controls-16m,3,step,113,3.103900
controls-16m,3,step,114,3.416600
controls-16m,3,step,115,3.029300
controls-16m,3,step,116,5.263200
controls-16m,3,step,117,3.153500
controls-16m,3,step,118,3.074700
controls-16m,3,step,119,3.192300
controls-16m,3,step,120,2.982300
controls-16m,3,step,121,3.008300
controls-16m,3,step,122,3.276700
controls-16m,3,step,123,4.113700
controls-16m,3,step,124,3.212100
controls-16m,3,step,125,4.275800
controls-16m,3,step,126,3.448700
controls-16m,3,step,127,3.662800
controls-16m,3,step,128,4.038800
controls-16m,3,step,129,3.121200
controls-16m,3,step,130,2.937900
controls-16m,3,step,131,3.103800
controls-16m,3,step,132,3.354500
controls-16m,3,step,133,3.817100
controls-16m,3,step,134,4.149300
controls-16m,3,step,135,3.200100
controls-16m,3,step,136,3.192700
controls-16m,3,step,137,4.517100
controls-16m,3,step,138,3.142300
controls-16m,3,step,139,2.943500
controls-16m,3,step,140,3.090100
controls-16m,3,step,141,3.042400
controls-16m,3,step,142,4.434000
controls-16m,3,step,143,5.228500
controls-16m,3,step,144,3.511100
controls-16m,3,step,145,4.351300
controls-16m,3,step,146,3.285500
controls-16m,3,step,147,3.157500
controls-16m,3,step,148,2.941500
controls-16m,3,step,149,3.921600
controls-16m,3,step,150,3.990300
controls-16m,3,step,151,5.152900
controls-16m,3,step,152,5.278300
controls-16m,3,step,153,3.181100
controls-16m,3,step,154,4.264200
controls-16m,3,step,155,5.227400
controls-16m,3,step,156,3.008000
controls-16m,3,step,157,5.296100
controls-16m,3,step,158,5.032700
controls-16m,3,step,159,4.351100
controls-16m,3,step,160,3.187100
controls-16m,3,step,161,3.107000
controls-16m,3,step,162,3.418500
controls-16m,3,step,163,4.518500
controls-16m,3,step,164,3.189800
controls-16m,3,step,165,3.517400
controls-16m,3,step,166,2.945600
controls-16m,3,step,167,3.052800
controls-16m,3,step,168,3.422900
controls-16m,3,step,169,3.394500
controls-16m,3,step,170,3.060800
controls-16m,3,step,171,2.981600
controls-16m,3,step,172,3.120700
controls-16m,3,step,173,3.147400
controls-16m,3,step,174,3.215600
controls-16m,3,step,175,3.173400
controls-16m,3,step,176,3.106600
controls-16m,3,step,177,3.250800
controls-16m,3,step,178,3.057300
controls-16m,3,step,179,3.631500
controls-16m,3,step,180,5.768700
controls-16m,3,step,181,5.441900
controls-16m,3,step,182,3.846300
controls-16m,3,step,183,2.867500
controls-16m,3,step,184,3.028900
controls-16m,3,step,185,3.009900
controls-16m,3,step,186,3.406700
controls-16m,3,step,187,3.325200
controls-16m,3,step,188,2.957600
controls-16m,3,step,189,3.021400
controls-16m,3,step,190,3.214400
controls-16m,3,step,191,5.255300
controls-16m,3,step,192,5.229200
controls-16m,3,step,193,3.191300
controls-16m,3,step,194,3.043200
controls-16m,3,step,195,3.139700
controls-16m,3,step,196,3.050700
controls-16m,3,step,197,4.065200
controls-16m,3,step,198,3.349800
controls-16m,3,step,199,3.109300
controls-16m,3,step,200,3.521900
controls-16m,3,step,201,4.322700
controls-16m,3,step,202,4.047500
controls-16m,3,step,203,2.930000
controls-16m,3,step,204,3.042400
controls-16m,3,step,205,4.073400
controls-16m,3,step,206,3.786700
controls-16m,3,step,207,4.336300
controls-16m,3,step,208,3.816200
controls-16m,3,step,209,4.544300
controls-16m,3,step,210,3.788800
controls-16m,3,step,211,2.937700
controls-16m,3,step,212,3.104100
controls-16m,3,step,213,3.107800
controls-16m,3,step,214,3.128700
controls-16m,3,step,215,3.100300
controls-16m,3,step,216,4.067000
controls-16m,3,step,217,4.055500
controls-16m,3,step,218,5.474600
controls-16m,3,step,219,3.949800
controls-16m,3,step,220,3.957500
controls-16m,3,step,221,2.979000
controls-16m,3,step,222,3.076900
controls-16m,3,step,223,3.321800
controls-16m,3,step,224,3.042700
controls-16m,3,step,225,2.946300
controls-16m,3,step,226,3.937900
controls-16m,3,step,227,3.280500
controls-16m,3,step,228,3.823800
controls-16m,3,step,229,3.182400
controls-16m,3,step,230,4.349900
controls-16m,3,step,231,5.313500
controls-16m,3,step,232,3.309600
controls-16m,3,step,233,5.013500
controls-16m,3,step,234,3.448100
controls-16m,3,step,235,2.977500
controls-16m,3,step,236,4.537000
controls-16m,3,step,237,4.124400
controls-16m,3,step,238,5.339600
controls-16m,3,step,239,5.310800
controls-16m,3,step,240,4.119900
controls-16m,3,step,241,3.504800
controls-16m,3,step,242,3.109500
controls-16m,3,step,243,3.142700
controls-16m,3,step,244,3.748200
controls-16m,3,step,245,4.118900
controls-16m,3,step,246,3.234900
controls-16m,3,step,247,3.024500
controls-16m,3,step,248,3.203900
controls-16m,3,step,249,3.215200
controls-16m,3,step,250,3.876000
controls-16m,3,step,251,4.057400
controls-16m,3,step,252,3.059700
controls-16m,3,step,253,2.988900
controls-16m,3,step,254,3.579600
controls-16m,3,step,255,4.142700
controls-16m,3,step,256,0.025200
controls-16m,3,publish-frame,0,0.177000
controls-16m,3,release,0,0.030000
controls-16m,3,total,0,918.402400
controls-16m,3,cancel-release,0,0.126400
controls-16m,4,step,0,3.091600
controls-16m,4,step,1,3.127900
controls-16m,4,step,2,3.252900
controls-16m,4,step,3,3.052900
controls-16m,4,step,4,2.989100
controls-16m,4,step,5,2.984000
controls-16m,4,step,6,2.984500
controls-16m,4,step,7,2.984400
controls-16m,4,step,8,3.227000
controls-16m,4,step,9,3.188700
controls-16m,4,step,10,2.951500
controls-16m,4,step,11,3.034500
controls-16m,4,step,12,2.915500
controls-16m,4,step,13,2.974200
controls-16m,4,step,14,3.128600
controls-16m,4,step,15,3.109800
controls-16m,4,step,16,3.024500
controls-16m,4,step,17,3.022500
controls-16m,4,step,18,3.031600
controls-16m,4,step,19,3.245600
controls-16m,4,step,20,4.108700
controls-16m,4,step,21,3.008900
controls-16m,4,step,22,2.991700
controls-16m,4,step,23,3.006200
controls-16m,4,step,24,3.225500
controls-16m,4,step,25,3.149400
controls-16m,4,step,26,3.118800
controls-16m,4,step,27,3.011100
controls-16m,4,step,28,2.916900
controls-16m,4,step,29,3.106000
controls-16m,4,step,30,3.004900
controls-16m,4,step,31,3.180200
controls-16m,4,step,32,3.070900
controls-16m,4,step,33,2.938800
controls-16m,4,step,34,3.373900
controls-16m,4,step,35,3.289200
controls-16m,4,step,36,3.646100
controls-16m,4,step,37,3.148000
controls-16m,4,step,38,3.047900
controls-16m,4,step,39,3.240300
controls-16m,4,step,40,4.698200
controls-16m,4,step,41,3.571300
controls-16m,4,step,42,3.044800
controls-16m,4,step,43,2.989900
controls-16m,4,step,44,3.122800
controls-16m,4,step,45,3.240400
controls-16m,4,step,46,3.144800
controls-16m,4,step,47,3.141400
controls-16m,4,step,48,3.180100
controls-16m,4,step,49,2.998900
controls-16m,4,step,50,3.560100
controls-16m,4,step,51,3.258000
controls-16m,4,step,52,3.074400
controls-16m,4,step,53,3.145800
controls-16m,4,step,54,3.157700
controls-16m,4,step,55,3.438900
controls-16m,4,step,56,4.036900
controls-16m,4,step,57,3.588100
controls-16m,4,step,58,4.190200
controls-16m,4,step,59,3.344500
controls-16m,4,step,60,3.109300
controls-16m,4,step,61,3.717200
controls-16m,4,step,62,3.160500
controls-16m,4,step,63,3.370700
controls-16m,4,step,64,3.133200
controls-16m,4,step,65,3.088000
controls-16m,4,step,66,3.145800
controls-16m,4,step,67,2.967200
controls-16m,4,step,68,3.062900
controls-16m,4,step,69,3.081800
controls-16m,4,step,70,4.196600
controls-16m,4,step,71,5.338400
controls-16m,4,step,72,3.056600
controls-16m,4,step,73,2.965800
controls-16m,4,step,74,3.000900
controls-16m,4,step,75,2.950300
controls-16m,4,step,76,3.152300
controls-16m,4,step,77,3.015200
controls-16m,4,step,78,3.040900
controls-16m,4,step,79,3.000000
controls-16m,4,step,80,4.972100
controls-16m,4,step,81,3.146300
controls-16m,4,step,82,2.985700
controls-16m,4,step,83,3.111300
controls-16m,4,step,84,2.971000
controls-16m,4,step,85,2.921800
controls-16m,4,step,86,3.433500
controls-16m,4,step,87,3.081600
controls-16m,4,step,88,2.966500
controls-16m,4,step,89,2.979700
controls-16m,4,step,90,3.271200
controls-16m,4,step,91,3.329300
controls-16m,4,step,92,2.980300
controls-16m,4,step,93,2.973000
controls-16m,4,step,94,2.836200
controls-16m,4,step,95,3.294100
controls-16m,4,step,96,3.095500
controls-16m,4,step,97,2.970000
controls-16m,4,step,98,2.996800
controls-16m,4,step,99,2.984700
controls-16m,4,step,100,3.109900
controls-16m,4,step,101,3.225600
controls-16m,4,step,102,2.972200
controls-16m,4,step,103,2.993000
controls-16m,4,step,104,2.980300
controls-16m,4,step,105,2.867600
controls-16m,4,step,106,4.149400
controls-16m,4,step,107,3.043900
controls-16m,4,step,108,3.022800
controls-16m,4,step,109,3.022000
controls-16m,4,step,110,3.169700
controls-16m,4,step,111,3.212600
controls-16m,4,step,112,3.244300
controls-16m,4,step,113,3.020900
controls-16m,4,step,114,3.128600
controls-16m,4,step,115,3.132500
controls-16m,4,step,116,3.470400
controls-16m,4,step,117,3.118100
controls-16m,4,step,118,3.783200
controls-16m,4,step,119,2.998000
controls-16m,4,step,120,3.501200
controls-16m,4,step,121,3.131900
controls-16m,4,step,122,4.001400
controls-16m,4,step,123,4.411500
controls-16m,4,step,124,3.122900
controls-16m,4,step,125,2.973700
controls-16m,4,step,126,3.808400
controls-16m,4,step,127,3.101300
controls-16m,4,step,128,3.235700
controls-16m,4,step,129,3.054100
controls-16m,4,step,130,2.909700
controls-16m,4,step,131,3.235100
controls-16m,4,step,132,5.159100
controls-16m,4,step,133,5.363400
controls-16m,4,step,134,5.307300
controls-16m,4,step,135,4.737100
controls-16m,4,step,136,4.155200
controls-16m,4,step,137,3.002100
controls-16m,4,step,138,2.945900
controls-16m,4,step,139,3.281300
controls-16m,4,step,140,4.031100
controls-16m,4,step,141,4.845800
controls-16m,4,step,142,5.301200
controls-16m,4,step,143,3.595800
controls-16m,4,step,144,3.828000
controls-16m,4,step,145,3.030800
controls-16m,4,step,146,3.167300
controls-16m,4,step,147,3.251800
controls-16m,4,step,148,3.259900
controls-16m,4,step,149,4.245300
controls-16m,4,step,150,5.305100
controls-16m,4,step,151,5.151300
controls-16m,4,step,152,3.817000
controls-16m,4,step,153,5.087800
controls-16m,4,step,154,2.985500
controls-16m,4,step,155,3.144900
controls-16m,4,step,156,4.299800
controls-16m,4,step,157,4.241200
controls-16m,4,step,158,3.687300
controls-16m,4,step,159,3.180900
controls-16m,4,step,160,3.044200
controls-16m,4,step,161,3.216000
controls-16m,4,step,162,3.121800
controls-16m,4,step,163,3.134600
controls-16m,4,step,164,3.156100
controls-16m,4,step,165,3.149100
controls-16m,4,step,166,4.838500
controls-16m,4,step,167,5.395600
controls-16m,4,step,168,5.222200
controls-16m,4,step,169,3.376100
controls-16m,4,step,170,3.395100
controls-16m,4,step,171,3.061500
controls-16m,4,step,172,3.020200
controls-16m,4,step,173,3.448000
controls-16m,4,step,174,3.264900
controls-16m,4,step,175,3.167200
controls-16m,4,step,176,3.011100
controls-16m,4,step,177,2.972700
controls-16m,4,step,178,2.994700
controls-16m,4,step,179,3.092900
controls-16m,4,step,180,3.237100
controls-16m,4,step,181,3.618000
controls-16m,4,step,182,3.285500
controls-16m,4,step,183,3.281400
controls-16m,4,step,184,3.060100
controls-16m,4,step,185,3.189800
controls-16m,4,step,186,3.001300
controls-16m,4,step,187,3.298500
controls-16m,4,step,188,3.146300
controls-16m,4,step,189,2.970200
controls-16m,4,step,190,3.179800
controls-16m,4,step,191,3.172400
controls-16m,4,step,192,2.963700
controls-16m,4,step,193,3.132000
controls-16m,4,step,194,2.963400
controls-16m,4,step,195,2.937800
controls-16m,4,step,196,3.859000
controls-16m,4,step,197,3.013900
controls-16m,4,step,198,3.273300
controls-16m,4,step,199,3.456400
controls-16m,4,step,200,3.093200
controls-16m,4,step,201,3.668700
controls-16m,4,step,202,3.236400
controls-16m,4,step,203,3.067300
controls-16m,4,step,204,3.334200
controls-16m,4,step,205,3.234500
controls-16m,4,step,206,3.652400
controls-16m,4,step,207,3.721400
controls-16m,4,step,208,3.290100
controls-16m,4,step,209,2.950700
controls-16m,4,step,210,2.963400
controls-16m,4,step,211,3.037700
controls-16m,4,step,212,3.778200
controls-16m,4,step,213,3.064400
controls-16m,4,step,214,2.937300
controls-16m,4,step,215,2.930600
controls-16m,4,step,216,3.137400
controls-16m,4,step,217,3.406700
controls-16m,4,step,218,3.981200
controls-16m,4,step,219,2.958400
controls-16m,4,step,220,3.002600
controls-16m,4,step,221,2.931400
controls-16m,4,step,222,2.981300
controls-16m,4,step,223,3.115600
controls-16m,4,step,224,3.091400
controls-16m,4,step,225,3.102600
controls-16m,4,step,226,3.258200
controls-16m,4,step,227,3.856100
controls-16m,4,step,228,3.200900
controls-16m,4,step,229,3.292000
controls-16m,4,step,230,3.067500
controls-16m,4,step,231,3.372200
controls-16m,4,step,232,3.144200
controls-16m,4,step,233,4.079500
controls-16m,4,step,234,3.048900
controls-16m,4,step,235,2.966200
controls-16m,4,step,236,3.063900
controls-16m,4,step,237,3.624600
controls-16m,4,step,238,4.297600
controls-16m,4,step,239,3.101600
controls-16m,4,step,240,3.045900
controls-16m,4,step,241,4.022600
controls-16m,4,step,242,3.573100
controls-16m,4,step,243,3.534900
controls-16m,4,step,244,3.060100
controls-16m,4,step,245,3.169300
controls-16m,4,step,246,3.609300
controls-16m,4,step,247,3.215000
controls-16m,4,step,248,3.206400
controls-16m,4,step,249,2.943600
controls-16m,4,step,250,2.990600
controls-16m,4,step,251,3.012600
controls-16m,4,step,252,3.061600
controls-16m,4,step,253,3.891600
controls-16m,4,step,254,3.011400
controls-16m,4,step,255,3.139000
controls-16m,4,step,256,0.022500
controls-16m,4,publish-frame,0,0.169900
controls-16m,4,release,0,0.030500
controls-16m,4,total,0,856.142700
controls-16m,4,cancel-release,0,0.098500
mixed-16m,0,step,0,3.362300
mixed-16m,0,step,1,2.902600
mixed-16m,0,step,2,1.716100
mixed-16m,0,step,3,1.700500
mixed-16m,0,step,4,1.790300
mixed-16m,0,step,5,1.945200
mixed-16m,0,step,6,1.823800
mixed-16m,0,step,7,1.583400
mixed-16m,0,step,8,1.696800
mixed-16m,0,step,9,1.682700
mixed-16m,0,step,10,1.664000
mixed-16m,0,step,11,1.797400
mixed-16m,0,step,12,2.410200
mixed-16m,0,step,13,1.739800
mixed-16m,0,step,14,1.591400
mixed-16m,0,step,15,2.151300
mixed-16m,0,step,16,2.789300
mixed-16m,0,step,17,2.856900
mixed-16m,0,step,18,2.926800
mixed-16m,0,step,19,1.740500
mixed-16m,0,step,20,2.868900
mixed-16m,0,step,21,1.871200
mixed-16m,0,step,22,2.160200
mixed-16m,0,step,23,1.620800
mixed-16m,0,step,24,1.735900
mixed-16m,0,step,25,1.752300
mixed-16m,0,step,26,1.682800
mixed-16m,0,step,27,2.638600
mixed-16m,0,step,28,2.750900
mixed-16m,0,step,29,2.973400
mixed-16m,0,step,30,1.715300
mixed-16m,0,step,31,1.759500
mixed-16m,0,step,32,1.891300
mixed-16m,0,step,33,2.249600
mixed-16m,0,step,34,1.717100
mixed-16m,0,step,35,1.813800
mixed-16m,0,step,36,2.256200
mixed-16m,0,step,37,1.875500
mixed-16m,0,step,38,1.959000
mixed-16m,0,step,39,2.295300
mixed-16m,0,step,40,2.182900
mixed-16m,0,step,41,2.601600
mixed-16m,0,step,42,2.985800
mixed-16m,0,step,43,2.580200
mixed-16m,0,step,44,2.973200
mixed-16m,0,step,45,2.995800
mixed-16m,0,step,46,2.916400
mixed-16m,0,step,47,2.886700
mixed-16m,0,step,48,3.032300
mixed-16m,0,step,49,2.626800
mixed-16m,0,step,50,2.829800
mixed-16m,0,step,51,2.480400
mixed-16m,0,step,52,2.190700
mixed-16m,0,step,53,1.865800
mixed-16m,0,step,54,1.927000
mixed-16m,0,step,55,1.988300
mixed-16m,0,step,56,2.429900
mixed-16m,0,step,57,2.025000
mixed-16m,0,step,58,2.319900
mixed-16m,0,step,59,3.145600
mixed-16m,0,step,60,2.427000
mixed-16m,0,step,61,1.815700
mixed-16m,0,step,62,1.847800
mixed-16m,0,step,63,1.705900
mixed-16m,0,step,64,1.899000
mixed-16m,0,step,65,1.955600
mixed-16m,0,step,66,2.258100
mixed-16m,0,step,67,3.573800
mixed-16m,0,step,68,3.930100
mixed-16m,0,step,69,3.782600
mixed-16m,0,step,70,3.631600
mixed-16m,0,step,71,2.400900
mixed-16m,0,step,72,1.834900
mixed-16m,0,step,73,1.908600
mixed-16m,0,step,74,1.810700
mixed-16m,0,step,75,1.869600
mixed-16m,0,step,76,1.773800
mixed-16m,0,step,77,2.211900
mixed-16m,0,step,78,1.928700
mixed-16m,0,step,79,1.921100
mixed-16m,0,step,80,2.047700
mixed-16m,0,step,81,2.178400
mixed-16m,0,step,82,1.779500
mixed-16m,0,step,83,2.040500
mixed-16m,0,step,84,1.844400
mixed-16m,0,step,85,2.038900
mixed-16m,0,step,86,2.359700
mixed-16m,0,step,87,2.376600
mixed-16m,0,step,88,2.286500
mixed-16m,0,step,89,1.912100
mixed-16m,0,step,90,2.050800
mixed-16m,0,step,91,2.320300
mixed-16m,0,step,92,2.046100
mixed-16m,0,step,93,2.422900
mixed-16m,0,step,94,2.136300
mixed-16m,0,step,95,1.802500
mixed-16m,0,step,96,2.533900
mixed-16m,0,step,97,2.204900
mixed-16m,0,step,98,1.933700
mixed-16m,0,step,99,2.215200
mixed-16m,0,step,100,2.271400
mixed-16m,0,step,101,2.400500
mixed-16m,0,step,102,2.706500
mixed-16m,0,step,103,2.107900
mixed-16m,0,step,104,2.004800
mixed-16m,0,step,105,2.165000
mixed-16m,0,step,106,2.184200
mixed-16m,0,step,107,2.827400
mixed-16m,0,step,108,1.971200
mixed-16m,0,step,109,2.840400
mixed-16m,0,step,110,2.701900
mixed-16m,0,step,111,2.479400
mixed-16m,0,step,112,2.144000
mixed-16m,0,step,113,2.055700
mixed-16m,0,step,114,2.057000
mixed-16m,0,step,115,2.053500
mixed-16m,0,step,116,2.666300
mixed-16m,0,step,117,2.276300
mixed-16m,0,step,118,2.493600
mixed-16m,0,step,119,2.174900
mixed-16m,0,step,120,2.187800
mixed-16m,0,step,121,1.962500
mixed-16m,0,step,122,1.912400
mixed-16m,0,step,123,2.540600
mixed-16m,0,step,124,2.190000
mixed-16m,0,step,125,2.351700
mixed-16m,0,step,126,2.036400
mixed-16m,0,step,127,2.084400
mixed-16m,0,step,128,2.104600
mixed-16m,0,step,129,2.015300
mixed-16m,0,step,130,2.044300
mixed-16m,0,step,131,2.712300
mixed-16m,0,step,132,2.657100
mixed-16m,0,step,133,2.791700
mixed-16m,0,step,134,2.939500
mixed-16m,0,step,135,2.863000
mixed-16m,0,step,136,2.449400
mixed-16m,0,step,137,3.033400
mixed-16m,0,step,138,2.688900
mixed-16m,0,step,139,2.610900
mixed-16m,0,step,140,2.066500
mixed-16m,0,step,141,1.688800
mixed-16m,0,step,142,1.632600
mixed-16m,0,step,143,1.706200
mixed-16m,0,step,144,1.789600
mixed-16m,0,step,145,1.717000
mixed-16m,0,step,146,1.688400
mixed-16m,0,step,147,2.039000
mixed-16m,0,step,148,2.419500
mixed-16m,0,step,149,1.666400
mixed-16m,0,step,150,1.692300
mixed-16m,0,step,151,1.608200
mixed-16m,0,step,152,1.670800
mixed-16m,0,step,153,1.725700
mixed-16m,0,step,154,1.914000
mixed-16m,0,step,155,1.686300
mixed-16m,0,step,156,2.275600
mixed-16m,0,step,157,1.628500
mixed-16m,0,step,158,1.642100
mixed-16m,0,step,159,1.667700
mixed-16m,0,step,160,1.677300
mixed-16m,0,step,161,1.647800
mixed-16m,0,step,162,1.589000
mixed-16m,0,step,163,1.759800
mixed-16m,0,step,164,1.852300
mixed-16m,0,step,165,1.636300
mixed-16m,0,step,166,1.668900
mixed-16m,0,step,167,1.701200
mixed-16m,0,step,168,1.644600
mixed-16m,0,step,169,1.640900
mixed-16m,0,step,170,1.659700
mixed-16m,0,step,171,1.757000
mixed-16m,0,step,172,1.729400
mixed-16m,0,step,173,2.439500
mixed-16m,0,step,174,1.871200
mixed-16m,0,step,175,1.780500
mixed-16m,0,step,176,1.643400
mixed-16m,0,step,177,1.703600
mixed-16m,0,step,178,1.636100
mixed-16m,0,step,179,1.624700
mixed-16m,0,step,180,1.592300
mixed-16m,0,step,181,1.690800
mixed-16m,0,step,182,1.849300
mixed-16m,0,step,183,1.634400
mixed-16m,0,step,184,1.693000
mixed-16m,0,step,185,1.945400
mixed-16m,0,step,186,2.109000
mixed-16m,0,step,187,1.651100
mixed-16m,0,step,188,1.714000
mixed-16m,0,step,189,1.668000
mixed-16m,0,step,190,1.682000
mixed-16m,0,step,191,1.718400
mixed-16m,0,step,192,1.865300
mixed-16m,0,step,193,1.690200
mixed-16m,0,step,194,2.240100
mixed-16m,0,step,195,2.015100
mixed-16m,0,step,196,2.283600
mixed-16m,0,step,197,2.046900
mixed-16m,0,step,198,1.667200
mixed-16m,0,step,199,1.773400
mixed-16m,0,step,200,1.771900
mixed-16m,0,step,201,2.137500
mixed-16m,0,step,202,1.721200
mixed-16m,0,step,203,1.818200
mixed-16m,0,step,204,1.693800
mixed-16m,0,step,205,1.727700
mixed-16m,0,step,206,1.716000
mixed-16m,0,step,207,1.794300
mixed-16m,0,step,208,1.714200
mixed-16m,0,step,209,1.665300
mixed-16m,0,step,210,3.067800
mixed-16m,0,step,211,3.058700
mixed-16m,0,step,212,3.135300
mixed-16m,0,step,213,2.975200
mixed-16m,0,step,214,2.992100
mixed-16m,0,step,215,3.218400
mixed-16m,0,step,216,3.315600
mixed-16m,0,step,217,2.987400
mixed-16m,0,step,218,2.960100
mixed-16m,0,step,219,3.127800
mixed-16m,0,step,220,1.896800
mixed-16m,0,step,221,1.670700
mixed-16m,0,step,222,1.720600
mixed-16m,0,step,223,1.692900
mixed-16m,0,step,224,1.664400
mixed-16m,0,step,225,1.642700
mixed-16m,0,step,226,1.652400
mixed-16m,0,step,227,1.613600
mixed-16m,0,step,228,1.645000
mixed-16m,0,step,229,1.635800
mixed-16m,0,step,230,1.565000
mixed-16m,0,step,231,1.588800
mixed-16m,0,step,232,2.011700
mixed-16m,0,step,233,1.658900
mixed-16m,0,step,234,2.466000
mixed-16m,0,step,235,1.779800
mixed-16m,0,step,236,1.682000
mixed-16m,0,step,237,1.626500
mixed-16m,0,step,238,2.418900
mixed-16m,0,step,239,1.766300
mixed-16m,0,step,240,1.786200
mixed-16m,0,step,241,1.642700
mixed-16m,0,step,242,1.745500
mixed-16m,0,step,243,2.214000
mixed-16m,0,step,244,1.689900
mixed-16m,0,step,245,1.658000
mixed-16m,0,step,246,1.693600
mixed-16m,0,step,247,1.708300
mixed-16m,0,step,248,1.703800
mixed-16m,0,step,249,1.733900
mixed-16m,0,step,250,1.857100
mixed-16m,0,step,251,1.654400
mixed-16m,0,step,252,1.673700
mixed-16m,0,step,253,1.594800
mixed-16m,0,step,254,1.670700
mixed-16m,0,step,255,1.700600
mixed-16m,0,step,256,0.021000
mixed-16m,0,publish-frame,0,0.133500
mixed-16m,0,release,0,0.037500
mixed-16m,0,total,0,537.270500
mixed-16m,0,cancel-release,0,0.038200
mixed-16m,1,step,0,3.451500
mixed-16m,1,step,1,1.711300
mixed-16m,1,step,2,1.638900
mixed-16m,1,step,3,1.755100
mixed-16m,1,step,4,1.615600
mixed-16m,1,step,5,1.785400
mixed-16m,1,step,6,1.889400
mixed-16m,1,step,7,1.785200
mixed-16m,1,step,8,2.311700
mixed-16m,1,step,9,3.007200
mixed-16m,1,step,10,2.973400
mixed-16m,1,step,11,2.992000
mixed-16m,1,step,12,3.176900
mixed-16m,1,step,13,3.170600
mixed-16m,1,step,14,2.710600
mixed-16m,1,step,15,2.232800
mixed-16m,1,step,16,1.585100
mixed-16m,1,step,17,1.661200
mixed-16m,1,step,18,1.597800
mixed-16m,1,step,19,1.862200
mixed-16m,1,step,20,2.936100
mixed-16m,1,step,21,2.840500
mixed-16m,1,step,22,1.922600
mixed-16m,1,step,23,1.797300
mixed-16m,1,step,24,3.061200
mixed-16m,1,step,25,1.622400
mixed-16m,1,step,26,1.940900
mixed-16m,1,step,27,2.689900
mixed-16m,1,step,28,2.380000
mixed-16m,1,step,29,2.116200
mixed-16m,1,step,30,2.015300
mixed-16m,1,step,31,1.916900
mixed-16m,1,step,32,2.311700
mixed-16m,1,step,33,1.778600
mixed-16m,1,step,34,1.635900
mixed-16m,1,step,35,2.777100
mixed-16m,1,step,36,1.773900
mixed-16m,1,step,37,1.759000
mixed-16m,1,step,38,1.679300
mixed-16m,1,step,39,1.763600
mixed-16m,1,step,40,1.798700
mixed-16m,1,step,41,2.914200
mixed-16m,1,step,42,2.976100
mixed-16m,1,step,43,2.998100
mixed-16m,1,step,44,2.842400
mixed-16m,1,step,45,1.940400
mixed-16m,1,step,46,1.764000
mixed-16m,1,step,47,1.731700
mixed-16m,1,step,48,1.630600
mixed-16m,1,step,49,1.731100
mixed-16m,1,step,50,2.509900
mixed-16m,1,step,51,2.770800
mixed-16m,1,step,52,2.083500
mixed-16m,1,step,53,2.771600
mixed-16m,1,step,54,2.957900
mixed-16m,1,step,55,2.122400
mixed-16m,1,step,56,2.745200
mixed-16m,1,step,57,1.915800
mixed-16m,1,step,58,1.729300
mixed-16m,1,step,59,1.820100
mixed-16m,1,step,60,2.254500
mixed-16m,1,step,61,2.006300
mixed-16m,1,step,62,2.501600
mixed-16m,1,step,63,1.765700
mixed-16m,1,step,64,2.406500
mixed-16m,1,step,65,2.975300
mixed-16m,1,step,66,3.000000
mixed-16m,1,step,67,2.887700
mixed-16m,1,step,68,2.288600
mixed-16m,1,step,69,1.791000
mixed-16m,1,step,70,1.603300
mixed-16m,1,step,71,1.615300
mixed-16m,1,step,72,1.600900
mixed-16m,1,step,73,1.731300
mixed-16m,1,step,74,1.680100
mixed-16m,1,step,75,1.867100
mixed-16m,1,step,76,2.465100
mixed-16m,1,step,77,3.167800
mixed-16m,1,step,78,2.062700
mixed-16m,1,step,79,1.598300
mixed-16m,1,step,80,2.107200
mixed-16m,1,step,81,1.762400
mixed-16m,1,step,82,1.762000
mixed-16m,1,step,83,1.633900
mixed-16m,1,step,84,2.005000
mixed-16m,1,step,85,1.662500
mixed-16m,1,step,86,1.786700
mixed-16m,1,step,87,1.715700
mixed-16m,1,step,88,1.761400
mixed-16m,1,step,89,1.669800
mixed-16m,1,step,90,1.789900
mixed-16m,1,step,91,2.442100
mixed-16m,1,step,92,2.728200
mixed-16m,1,step,93,1.667900
mixed-16m,1,step,94,2.198200
mixed-16m,1,step,95,2.351700
mixed-16m,1,step,96,1.753300
mixed-16m,1,step,97,1.563600
mixed-16m,1,step,98,1.812800
mixed-16m,1,step,99,1.756600
mixed-16m,1,step,100,1.686900
mixed-16m,1,step,101,2.046900
mixed-16m,1,step,102,1.589400
mixed-16m,1,step,103,2.245700
mixed-16m,1,step,104,2.799900
mixed-16m,1,step,105,2.608000
mixed-16m,1,step,106,2.319000
mixed-16m,1,step,107,1.808700
mixed-16m,1,step,108,1.699200
mixed-16m,1,step,109,1.943000
mixed-16m,1,step,110,2.643100
mixed-16m,1,step,111,2.941000
mixed-16m,1,step,112,2.976500
mixed-16m,1,step,113,3.099900
mixed-16m,1,step,114,3.035700
mixed-16m,1,step,115,2.954400
mixed-16m,1,step,116,2.932500
mixed-16m,1,step,117,2.313900
mixed-16m,1,step,118,1.999000
mixed-16m,1,step,119,1.899000
mixed-16m,1,step,120,1.859300
mixed-16m,1,step,121,1.813400
mixed-16m,1,step,122,2.037000
mixed-16m,1,step,123,2.907600
mixed-16m,1,step,124,2.866300
mixed-16m,1,step,125,2.345500
mixed-16m,1,step,126,1.612000
mixed-16m,1,step,127,2.009900
mixed-16m,1,step,128,2.055000
mixed-16m,1,step,129,2.364000
mixed-16m,1,step,130,2.807200
mixed-16m,1,step,131,2.968000
mixed-16m,1,step,132,3.002800
mixed-16m,1,step,133,3.022300
mixed-16m,1,step,134,3.106200
mixed-16m,1,step,135,3.030000
mixed-16m,1,step,136,2.983200
mixed-16m,1,step,137,2.929900
mixed-16m,1,step,138,2.990600
mixed-16m,1,step,139,3.027000
mixed-16m,1,step,140,1.876800
mixed-16m,1,step,141,1.850000
mixed-16m,1,step,142,1.690500
mixed-16m,1,step,143,1.869700
mixed-16m,1,step,144,1.782900
mixed-16m,1,step,145,1.587300
mixed-16m,1,step,146,1.593900
mixed-16m,1,step,147,1.710800
mixed-16m,1,step,148,1.700600
mixed-16m,1,step,149,1.646300
mixed-16m,1,step,150,2.985200
mixed-16m,1,step,151,2.860100
mixed-16m,1,step,152,2.929100
mixed-16m,1,step,153,2.303300
mixed-16m,1,step,154,1.575000
mixed-16m,1,step,155,1.878300
mixed-16m,1,step,156,1.696900
mixed-16m,1,step,157,1.675000
mixed-16m,1,step,158,2.109700
mixed-16m,1,step,159,1.784000
mixed-16m,1,step,160,1.798200
mixed-16m,1,step,161,1.670700
mixed-16m,1,step,162,1.608100
mixed-16m,1,step,163,1.647100
mixed-16m,1,step,164,1.648600
mixed-16m,1,step,165,1.682400
mixed-16m,1,step,166,1.644500
mixed-16m,1,step,167,1.861400
mixed-16m,1,step,168,1.786200
mixed-16m,1,step,169,1.682500
mixed-16m,1,step,170,2.706700
mixed-16m,1,step,171,1.749100
mixed-16m,1,step,172,1.657800
mixed-16m,1,step,173,1.642600
mixed-16m,1,step,174,1.670000
mixed-16m,1,step,175,1.620400
mixed-16m,1,step,176,1.688000
mixed-16m,1,step,177,1.790800
mixed-16m,1,step,178,2.031600
mixed-16m,1,step,179,1.717800
mixed-16m,1,step,180,2.672100
mixed-16m,1,step,181,1.720800
mixed-16m,1,step,182,1.740300
mixed-16m,1,step,183,1.627200
mixed-16m,1,step,184,1.709400
mixed-16m,1,step,185,1.707100
mixed-16m,1,step,186,2.057700
mixed-16m,1,step,187,1.694700
mixed-16m,1,step,188,1.780900
mixed-16m,1,step,189,1.702900
mixed-16m,1,step,190,1.635300
mixed-16m,1,step,191,1.836500
mixed-16m,1,step,192,1.807300
mixed-16m,1,step,193,1.634400
mixed-16m,1,step,194,1.797700
mixed-16m,1,step,195,1.695700
mixed-16m,1,step,196,2.006900
mixed-16m,1,step,197,1.852600
mixed-16m,1,step,198,2.526500
mixed-16m,1,step,199,2.409300
mixed-16m,1,step,200,1.683400
mixed-16m,1,step,201,1.660600
mixed-16m,1,step,202,1.585900
mixed-16m,1,step,203,1.660300
mixed-16m,1,step,204,2.009400
mixed-16m,1,step,205,2.617600
mixed-16m,1,step,206,2.996700
mixed-16m,1,step,207,3.147200
mixed-16m,1,step,208,3.079100
mixed-16m,1,step,209,2.967800
mixed-16m,1,step,210,2.938600
mixed-16m,1,step,211,2.085800
mixed-16m,1,step,212,2.267700
mixed-16m,1,step,213,1.673300
mixed-16m,1,step,214,1.578500
mixed-16m,1,step,215,1.721800
mixed-16m,1,step,216,1.595000
mixed-16m,1,step,217,1.687600
mixed-16m,1,step,218,2.205300
mixed-16m,1,step,219,1.971000
mixed-16m,1,step,220,1.813500
mixed-16m,1,step,221,2.093800
mixed-16m,1,step,222,1.687600
mixed-16m,1,step,223,1.610800
mixed-16m,1,step,224,1.711800
mixed-16m,1,step,225,1.615200
mixed-16m,1,step,226,1.633500
mixed-16m,1,step,227,1.789200
mixed-16m,1,step,228,2.810800
mixed-16m,1,step,229,2.540000
mixed-16m,1,step,230,1.665900
mixed-16m,1,step,231,1.734400
mixed-16m,1,step,232,1.612300
mixed-16m,1,step,233,1.628400
mixed-16m,1,step,234,1.665200
mixed-16m,1,step,235,1.639800
mixed-16m,1,step,236,1.808300
mixed-16m,1,step,237,2.348100
mixed-16m,1,step,238,1.972000
mixed-16m,1,step,239,1.829700
mixed-16m,1,step,240,1.751100
mixed-16m,1,step,241,1.688800
mixed-16m,1,step,242,1.679000
mixed-16m,1,step,243,1.613000
mixed-16m,1,step,244,1.752800
mixed-16m,1,step,245,1.857400
mixed-16m,1,step,246,1.864200
mixed-16m,1,step,247,1.582600
mixed-16m,1,step,248,1.772000
mixed-16m,1,step,249,1.781200
mixed-16m,1,step,250,1.755500
mixed-16m,1,step,251,1.544600
mixed-16m,1,step,252,1.706900
mixed-16m,1,step,253,1.817500
mixed-16m,1,step,254,3.657100
mixed-16m,1,step,255,2.184300
mixed-16m,1,step,256,0.029600
mixed-16m,1,publish-frame,0,0.183000
mixed-16m,1,release,0,0.037700
mixed-16m,1,total,0,536.521100
mixed-16m,1,cancel-release,0,0.060800
mixed-16m,2,step,0,2.168800
mixed-16m,2,step,1,1.974000
mixed-16m,2,step,2,3.008700
mixed-16m,2,step,3,1.777500
mixed-16m,2,step,4,1.808200
mixed-16m,2,step,5,1.707500
mixed-16m,2,step,6,1.732200
mixed-16m,2,step,7,1.614600
mixed-16m,2,step,8,1.696900
mixed-16m,2,step,9,1.940800
mixed-16m,2,step,10,2.580800
mixed-16m,2,step,11,1.842900
mixed-16m,2,step,12,1.646800
mixed-16m,2,step,13,1.790000
mixed-16m,2,step,14,1.590100
mixed-16m,2,step,15,1.807600
mixed-16m,2,step,16,1.587500
mixed-16m,2,step,17,1.669600
mixed-16m,2,step,18,1.606200
mixed-16m,2,step,19,1.765000
mixed-16m,2,step,20,2.650100
mixed-16m,2,step,21,2.250700
mixed-16m,2,step,22,2.131900
mixed-16m,2,step,23,1.949100
mixed-16m,2,step,24,1.776500
mixed-16m,2,step,25,1.622900
mixed-16m,2,step,26,1.663100
mixed-16m,2,step,27,1.644700
mixed-16m,2,step,28,1.708200
mixed-16m,2,step,29,1.855800
mixed-16m,2,step,30,2.316400
mixed-16m,2,step,31,2.253400
mixed-16m,2,step,32,1.759200
mixed-16m,2,step,33,1.685500
mixed-16m,2,step,34,1.734700
mixed-16m,2,step,35,1.863800
mixed-16m,2,step,36,1.807900
mixed-16m,2,step,37,2.169600
mixed-16m,2,step,38,1.937400
mixed-16m,2,step,39,1.973200
mixed-16m,2,step,40,1.617200
mixed-16m,2,step,41,1.666700
mixed-16m,2,step,42,1.848400
mixed-16m,2,step,43,1.614400
mixed-16m,2,step,44,1.763000
mixed-16m,2,step,45,1.787600
mixed-16m,2,step,46,1.933700
mixed-16m,2,step,47,2.471800
mixed-16m,2,step,48,1.816000
mixed-16m,2,step,49,1.729900
mixed-16m,2,step,50,1.689300
mixed-16m,2,step,51,1.674700
mixed-16m,2,step,52,1.692700
mixed-16m,2,step,53,1.892900
mixed-16m,2,step,54,1.994700
mixed-16m,2,step,55,2.022700
mixed-16m,2,step,56,1.796200
mixed-16m,2,step,57,1.989900
mixed-16m,2,step,58,2.221200
mixed-16m,2,step,59,1.783300
mixed-16m,2,step,60,1.847100
mixed-16m,2,step,61,1.677700
mixed-16m,2,step,62,1.612600
mixed-16m,2,step,63,1.709200
mixed-16m,2,step,64,1.844700
mixed-16m,2,step,65,1.666400
mixed-16m,2,step,66,1.768200
mixed-16m,2,step,67,1.621500
mixed-16m,2,step,68,1.715900
mixed-16m,2,step,69,1.606400
mixed-16m,2,step,70,1.672800
mixed-16m,2,step,71,1.662600
mixed-16m,2,step,72,1.739400
mixed-16m,2,step,73,1.734300
mixed-16m,2,step,74,1.715800
mixed-16m,2,step,75,1.663100
mixed-16m,2,step,76,1.674300
mixed-16m,2,step,77,1.578200
mixed-16m,2,step,78,1.875100
mixed-16m,2,step,79,1.594700
mixed-16m,2,step,80,1.666300
mixed-16m,2,step,81,1.680900
mixed-16m,2,step,82,1.687500
mixed-16m,2,step,83,2.004900
mixed-16m,2,step,84,1.957900
mixed-16m,2,step,85,1.655200
mixed-16m,2,step,86,1.763400
mixed-16m,2,step,87,1.661000
mixed-16m,2,step,88,1.743400
mixed-16m,2,step,89,1.646700
mixed-16m,2,step,90,1.761800
mixed-16m,2,step,91,1.700600
mixed-16m,2,step,92,2.466100
mixed-16m,2,step,93,3.172600
mixed-16m,2,step,94,2.448300
mixed-16m,2,step,95,2.095600
mixed-16m,2,step,96,1.947000
mixed-16m,2,step,97,1.894000
mixed-16m,2,step,98,2.167800
mixed-16m,2,step,99,2.596800
mixed-16m,2,step,100,2.525900
mixed-16m,2,step,101,2.021600
mixed-16m,2,step,102,1.951200
mixed-16m,2,step,103,1.783300
mixed-16m,2,step,104,2.204400
mixed-16m,2,step,105,2.077800
mixed-16m,2,step,106,1.905400
mixed-16m,2,step,107,1.720300
mixed-16m,2,step,108,2.354100
mixed-16m,2,step,109,2.705500
mixed-16m,2,step,110,2.357300
mixed-16m,2,step,111,2.200800
mixed-16m,2,step,112,2.545900
mixed-16m,2,step,113,2.073100
mixed-16m,2,step,114,2.131500
mixed-16m,2,step,115,2.322200
mixed-16m,2,step,116,2.128100
mixed-16m,2,step,117,1.582100
mixed-16m,2,step,118,1.631700
mixed-16m,2,step,119,1.747400
mixed-16m,2,step,120,1.835800
mixed-16m,2,step,121,1.654900
mixed-16m,2,step,122,1.681700
mixed-16m,2,step,123,1.760600
mixed-16m,2,step,124,1.891500
mixed-16m,2,step,125,1.638000
mixed-16m,2,step,126,1.749500
mixed-16m,2,step,127,2.311000
mixed-16m,2,step,128,1.925200
mixed-16m,2,step,129,1.603800
mixed-16m,2,step,130,1.631700
mixed-16m,2,step,131,1.707600
mixed-16m,2,step,132,1.657400
mixed-16m,2,step,133,1.685300
mixed-16m,2,step,134,2.415700
mixed-16m,2,step,135,3.078200
mixed-16m,2,step,136,2.736200
mixed-16m,2,step,137,2.260700
mixed-16m,2,step,138,1.843300
mixed-16m,2,step,139,1.674500
mixed-16m,2,step,140,1.626400
mixed-16m,2,step,141,1.630800
mixed-16m,2,step,142,1.788600
mixed-16m,2,step,143,1.728600
mixed-16m,2,step,144,2.349900
mixed-16m,2,step,145,3.012100
mixed-16m,2,step,146,2.940900
mixed-16m,2,step,147,3.122200
mixed-16m,2,step,148,3.017300
mixed-16m,2,step,149,1.901300
mixed-16m,2,step,150,1.674800
mixed-16m,2,step,151,1.690400
mixed-16m,2,step,152,1.709500
mixed-16m,2,step,153,1.688200
mixed-16m,2,step,154,1.632800
mixed-16m,2,step,155,1.715200
mixed-16m,2,step,156,1.763800
mixed-16m,2,step,157,1.640500
mixed-16m,2,step,158,2.430500
mixed-16m,2,step,159,1.858200
mixed-16m,2,step,160,1.727000
mixed-16m,2,step,161,1.912500
mixed-16m,2,step,162,1.698700
mixed-16m,2,step,163,1.699800
mixed-16m,2,step,164,1.695500
mixed-16m,2,step,165,1.741800
mixed-16m,2,step,166,1.741700
mixed-16m,2,step,167,2.092800
mixed-16m,2,step,168,1.871500
mixed-16m,2,step,169,1.809000
mixed-16m,2,step,170,1.771300
mixed-16m,2,step,171,1.756200
mixed-16m,2,step,172,1.793300
mixed-16m,2,step,173,1.652500
mixed-16m,2,step,174,1.782000
mixed-16m,2,step,175,1.736200
mixed-16m,2,step,176,2.088600
mixed-16m,2,step,177,1.601000
mixed-16m,2,step,178,1.811900
mixed-16m,2,step,179,1.635500
mixed-16m,2,step,180,1.617200
mixed-16m,2,step,181,1.699200
mixed-16m,2,step,182,1.688100
mixed-16m,2,step,183,1.746800
mixed-16m,2,step,184,1.921300
mixed-16m,2,step,185,1.709500
mixed-16m,2,step,186,2.040900
mixed-16m,2,step,187,1.829900
mixed-16m,2,step,188,1.615900
mixed-16m,2,step,189,1.717700
mixed-16m,2,step,190,1.580700
mixed-16m,2,step,191,1.795700
mixed-16m,2,step,192,1.816500
mixed-16m,2,step,193,1.845800
mixed-16m,2,step,194,1.653200
mixed-16m,2,step,195,2.330500
mixed-16m,2,step,196,2.080900
mixed-16m,2,step,197,2.528100
mixed-16m,2,step,198,1.585500
mixed-16m,2,step,199,1.676100
mixed-16m,2,step,200,1.673600
mixed-16m,2,step,201,1.662800
mixed-16m,2,step,202,2.025000
mixed-16m,2,step,203,2.536600
mixed-16m,2,step,204,3.030100
mixed-16m,2,step,205,2.987100
mixed-16m,2,step,206,1.966100
mixed-16m,2,step,207,1.733900
mixed-16m,2,step,208,1.702100
mixed-16m,2,step,209,1.646300
mixed-16m,2,step,210,1.650200
mixed-16m,2,step,211,1.580500
mixed-16m,2,step,212,1.699900
mixed-16m,2,step,213,1.594000
mixed-16m,2,step,214,1.573500
mixed-16m,2,step,215,1.747400
mixed-16m,2,step,216,1.575700
mixed-16m,2,step,217,1.770900
mixed-16m,2,step,218,1.760300
mixed-16m,2,step,219,1.695900
mixed-16m,2,step,220,1.664000
mixed-16m,2,step,221,1.887500
mixed-16m,2,step,222,2.166500
mixed-16m,2,step,223,1.676300
mixed-16m,2,step,224,1.939800
mixed-16m,2,step,225,1.596700
mixed-16m,2,step,226,1.831800
mixed-16m,2,step,227,1.608000
mixed-16m,2,step,228,1.625700
mixed-16m,2,step,229,1.637800
mixed-16m,2,step,230,1.626600
mixed-16m,2,step,231,1.587300
mixed-16m,2,step,232,1.669400
mixed-16m,2,step,233,1.651900
mixed-16m,2,step,234,1.697900
mixed-16m,2,step,235,1.608900
mixed-16m,2,step,236,1.681500
mixed-16m,2,step,237,1.690700
mixed-16m,2,step,238,1.686800
mixed-16m,2,step,239,1.764200
mixed-16m,2,step,240,1.686600
mixed-16m,2,step,241,1.771400
mixed-16m,2,step,242,1.585000
mixed-16m,2,step,243,1.825000
mixed-16m,2,step,244,1.665800
mixed-16m,2,step,245,1.659600
mixed-16m,2,step,246,1.707100
mixed-16m,2,step,247,1.733100
mixed-16m,2,step,248,1.762200
mixed-16m,2,step,249,1.608800
mixed-16m,2,step,250,1.663000
mixed-16m,2,step,251,2.371900
mixed-16m,2,step,252,2.694000
mixed-16m,2,step,253,2.191300
mixed-16m,2,step,254,2.261600
mixed-16m,2,step,255,2.906100
mixed-16m,2,step,256,0.028100
mixed-16m,2,publish-frame,0,0.210100
mixed-16m,2,release,0,0.038900
mixed-16m,2,total,0,483.809600
mixed-16m,2,cancel-release,0,0.109200
mixed-16m,3,step,0,2.977400
mixed-16m,3,step,1,2.755500
mixed-16m,3,step,2,2.637200
mixed-16m,3,step,3,2.317600
mixed-16m,3,step,4,2.947700
mixed-16m,3,step,5,2.646400
mixed-16m,3,step,6,2.250200
mixed-16m,3,step,7,1.907100
mixed-16m,3,step,8,2.264200
mixed-16m,3,step,9,2.223100
mixed-16m,3,step,10,2.137200
mixed-16m,3,step,11,2.103000
mixed-16m,3,step,12,1.967300
mixed-16m,3,step,13,1.945600
mixed-16m,3,step,14,2.575600
mixed-16m,3,step,15,2.886100
mixed-16m,3,step,16,2.378100
mixed-16m,3,step,17,1.577200
mixed-16m,3,step,18,1.577700
mixed-16m,3,step,19,1.638800
mixed-16m,3,step,20,1.635900
mixed-16m,3,step,21,1.555500
mixed-16m,3,step,22,1.808700
mixed-16m,3,step,23,1.882800
mixed-16m,3,step,24,1.818000
mixed-16m,3,step,25,1.734500
mixed-16m,3,step,26,1.724400
mixed-16m,3,step,27,1.632800
mixed-16m,3,step,28,1.844300
mixed-16m,3,step,29,2.416000
mixed-16m,3,step,30,1.948200
mixed-16m,3,step,31,1.609400
mixed-16m,3,step,32,1.829800
mixed-16m,3,step,33,2.056500
mixed-16m,3,step,34,1.655100
mixed-16m,3,step,35,1.979800
mixed-16m,3,step,36,1.874800
mixed-16m,3,step,37,1.793200
mixed-16m,3,step,38,1.947000
mixed-16m,3,step,39,1.656600
mixed-16m,3,step,40,1.712100
mixed-16m,3,step,41,1.722400
mixed-16m,3,step,42,1.914800
mixed-16m,3,step,43,1.735700
mixed-16m,3,step,44,1.982600
mixed-16m,3,step,45,2.225000
mixed-16m,3,step,46,1.764700
mixed-16m,3,step,47,2.824600
mixed-16m,3,step,48,2.958900
mixed-16m,3,step,49,2.961100
mixed-16m,3,step,50,1.748600
mixed-16m,3,step,51,1.763100
mixed-16m,3,step,52,1.688900
mixed-16m,3,step,53,1.686200
mixed-16m,3,step,54,2.770500
mixed-16m,3,step,55,2.921800
mixed-16m,3,step,56,3.030300
mixed-16m,3,step,57,2.249500
mixed-16m,3,step,58,1.689500
mixed-16m,3,step,59,1.701900
mixed-16m,3,step,60,1.781000
mixed-16m,3,step,61,1.620000
mixed-16m,3,step,62,1.627700
mixed-16m,3,step,63,1.590700
mixed-16m,3,step,64,1.799700
mixed-16m,3,step,65,1.602800
mixed-16m,3,step,66,1.648800
mixed-16m,3,step,67,2.523700
mixed-16m,3,step,68,1.873900
mixed-16m,3,step,69,1.808400
mixed-16m,3,step,70,2.548400
mixed-16m,3,step,71,1.862700
mixed-16m,3,step,72,2.346900
mixed-16m,3,step,73,2.020900
mixed-16m,3,step,74,2.216000
mixed-16m,3,step,75,2.186800
mixed-16m,3,step,76,2.167600
mixed-16m,3,step,77,2.958000
mixed-16m,3,step,78,2.996100
mixed-16m,3,step,79,2.675300
mixed-16m,3,step,80,2.019900
mixed-16m,3,step,81,2.982700
mixed-16m,3,step,82,3.015800
mixed-16m,3,step,83,2.335400
mixed-16m,3,step,84,1.732000
mixed-16m,3,step,85,1.676500
mixed-16m,3,step,86,1.900000
mixed-16m,3,step,87,1.694500
mixed-16m,3,step,88,1.723300
mixed-16m,3,step,89,2.704400
mixed-16m,3,step,90,2.790200
mixed-16m,3,step,91,1.767200
mixed-16m,3,step,92,1.580600
mixed-16m,3,step,93,1.936500
mixed-16m,3,step,94,1.700100
mixed-16m,3,step,95,1.932200
mixed-16m,3,step,96,1.736400
mixed-16m,3,step,97,1.781400
mixed-16m,3,step,98,2.749600
mixed-16m,3,step,99,2.193000
mixed-16m,3,step,100,2.211200
mixed-16m,3,step,101,2.006100
mixed-16m,3,step,102,1.716600
mixed-16m,3,step,103,2.314200
mixed-16m,3,step,104,1.665900
mixed-16m,3,step,105,2.377500
mixed-16m,3,step,106,1.926900
mixed-16m,3,step,107,1.594500
mixed-16m,3,step,108,1.717800
mixed-16m,3,step,109,1.754500
mixed-16m,3,step,110,1.636100
mixed-16m,3,step,111,1.731300
mixed-16m,3,step,112,1.775700
mixed-16m,3,step,113,1.817700
mixed-16m,3,step,114,1.827300
mixed-16m,3,step,115,1.774100
mixed-16m,3,step,116,1.689500
mixed-16m,3,step,117,2.223000
mixed-16m,3,step,118,1.935600
mixed-16m,3,step,119,1.746400
mixed-16m,3,step,120,1.672300
mixed-16m,3,step,121,1.757600
mixed-16m,3,step,122,1.678500
mixed-16m,3,step,123,1.729000
mixed-16m,3,step,124,1.783900
mixed-16m,3,step,125,1.628400
mixed-16m,3,step,126,1.963000
mixed-16m,3,step,127,1.990600
mixed-16m,3,step,128,1.775600
mixed-16m,3,step,129,1.572300
mixed-16m,3,step,130,1.626600
mixed-16m,3,step,131,2.662100
mixed-16m,3,step,132,2.932600
mixed-16m,3,step,133,3.026100
mixed-16m,3,step,134,2.919100
mixed-16m,3,step,135,2.908700
mixed-16m,3,step,136,2.843900
mixed-16m,3,step,137,2.836600
mixed-16m,3,step,138,2.914000
mixed-16m,3,step,139,2.356300
mixed-16m,3,step,140,1.622900
mixed-16m,3,step,141,1.680500
mixed-16m,3,step,142,1.761800
mixed-16m,3,step,143,1.743700
mixed-16m,3,step,144,1.628600
mixed-16m,3,step,145,1.799500
mixed-16m,3,step,146,1.603800
mixed-16m,3,step,147,1.665700
mixed-16m,3,step,148,1.558400
mixed-16m,3,step,149,1.593100
mixed-16m,3,step,150,1.965900
mixed-16m,3,step,151,1.930400
mixed-16m,3,step,152,1.671900
mixed-16m,3,step,153,1.591400
mixed-16m,3,step,154,1.711500
mixed-16m,3,step,155,1.701000
mixed-16m,3,step,156,1.728000
mixed-16m,3,step,157,2.044900
mixed-16m,3,step,158,2.002000
mixed-16m,3,step,159,1.917000
mixed-16m,3,step,160,2.300700
mixed-16m,3,step,161,1.921000
mixed-16m,3,step,162,1.671000
mixed-16m,3,step,163,1.666500
mixed-16m,3,step,164,1.611300
mixed-16m,3,step,165,1.977800
mixed-16m,3,step,166,2.122600
mixed-16m,3,step,167,1.804400
mixed-16m,3,step,168,1.750800
mixed-16m,3,step,169,1.716300
mixed-16m,3,step,170,1.611200
mixed-16m,3,step,171,2.502000
mixed-16m,3,step,172,1.629000
mixed-16m,3,step,173,1.681200
mixed-16m,3,step,174,1.574200
mixed-16m,3,step,175,1.795600
mixed-16m,3,step,176,2.094400
mixed-16m,3,step,177,2.272100
mixed-16m,3,step,178,1.736600
mixed-16m,3,step,179,2.366100
mixed-16m,3,step,180,1.574700
mixed-16m,3,step,181,1.663100
mixed-16m,3,step,182,2.302700
mixed-16m,3,step,183,2.395900
mixed-16m,3,step,184,2.202800
mixed-16m,3,step,185,2.782600
mixed-16m,3,step,186,1.754600
mixed-16m,3,step,187,1.832200
mixed-16m,3,step,188,1.578700
mixed-16m,3,step,189,1.733600
mixed-16m,3,step,190,1.789900
mixed-16m,3,step,191,1.736900
mixed-16m,3,step,192,2.641700
mixed-16m,3,step,193,2.284300
mixed-16m,3,step,194,1.657100
mixed-16m,3,step,195,1.785600
mixed-16m,3,step,196,1.753800
mixed-16m,3,step,197,1.759900
mixed-16m,3,step,198,1.596500
mixed-16m,3,step,199,1.658800
mixed-16m,3,step,200,1.690700
mixed-16m,3,step,201,1.687700
mixed-16m,3,step,202,1.717700
mixed-16m,3,step,203,1.621800
mixed-16m,3,step,204,1.785900
mixed-16m,3,step,205,1.642100
mixed-16m,3,step,206,1.656000
mixed-16m,3,step,207,1.567300
mixed-16m,3,step,208,1.612000
mixed-16m,3,step,209,1.734000
mixed-16m,3,step,210,1.648400
mixed-16m,3,step,211,1.938300
mixed-16m,3,step,212,1.858900
mixed-16m,3,step,213,1.576500
mixed-16m,3,step,214,1.644100
mixed-16m,3,step,215,1.672000
mixed-16m,3,step,216,1.658400
mixed-16m,3,step,217,1.709400
mixed-16m,3,step,218,1.824600
mixed-16m,3,step,219,1.717200
mixed-16m,3,step,220,2.140800
mixed-16m,3,step,221,1.732600
mixed-16m,3,step,222,1.933900
mixed-16m,3,step,223,2.783600
mixed-16m,3,step,224,2.029400
mixed-16m,3,step,225,1.649800
mixed-16m,3,step,226,1.678500
mixed-16m,3,step,227,1.792200
mixed-16m,3,step,228,2.676500
mixed-16m,3,step,229,1.729900
mixed-16m,3,step,230,2.166600
mixed-16m,3,step,231,2.963000
mixed-16m,3,step,232,2.962400
mixed-16m,3,step,233,3.053800
mixed-16m,3,step,234,2.724000
mixed-16m,3,step,235,2.053400
mixed-16m,3,step,236,1.652500
mixed-16m,3,step,237,1.787600
mixed-16m,3,step,238,1.603800
mixed-16m,3,step,239,1.796100
mixed-16m,3,step,240,1.768500
mixed-16m,3,step,241,1.613800
mixed-16m,3,step,242,2.607400
mixed-16m,3,step,243,3.179600
mixed-16m,3,step,244,2.278600
mixed-16m,3,step,245,1.834800
mixed-16m,3,step,246,1.653800
mixed-16m,3,step,247,1.576700
mixed-16m,3,step,248,1.665200
mixed-16m,3,step,249,1.666000
mixed-16m,3,step,250,1.808500
mixed-16m,3,step,251,1.844000
mixed-16m,3,step,252,1.814600
mixed-16m,3,step,253,1.679700
mixed-16m,3,step,254,2.106600
mixed-16m,3,step,255,2.820500
mixed-16m,3,step,256,0.027900
mixed-16m,3,publish-frame,0,0.217100
mixed-16m,3,release,0,0.040400
mixed-16m,3,total,0,511.301900
mixed-16m,3,cancel-release,0,0.240900
mixed-16m,4,step,0,2.093100
mixed-16m,4,step,1,1.673900
mixed-16m,4,step,2,2.952000
mixed-16m,4,step,3,2.043700
mixed-16m,4,step,4,1.576800
mixed-16m,4,step,5,1.598800
mixed-16m,4,step,6,1.676500
mixed-16m,4,step,7,1.694400
mixed-16m,4,step,8,2.199500
mixed-16m,4,step,9,1.605800
mixed-16m,4,step,10,2.136800
mixed-16m,4,step,11,1.692300
mixed-16m,4,step,12,1.646900
mixed-16m,4,step,13,1.734700
mixed-16m,4,step,14,1.635700
mixed-16m,4,step,15,1.669000
mixed-16m,4,step,16,1.582100
mixed-16m,4,step,17,1.791900
mixed-16m,4,step,18,2.410000
mixed-16m,4,step,19,1.836200
mixed-16m,4,step,20,1.957000
mixed-16m,4,step,21,2.020800
mixed-16m,4,step,22,1.754800
mixed-16m,4,step,23,1.736800
mixed-16m,4,step,24,1.706600
mixed-16m,4,step,25,1.893700
mixed-16m,4,step,26,2.056800
mixed-16m,4,step,27,2.566400
mixed-16m,4,step,28,1.573900
mixed-16m,4,step,29,1.696200
mixed-16m,4,step,30,1.601800
mixed-16m,4,step,31,1.703400
mixed-16m,4,step,32,1.798200
mixed-16m,4,step,33,1.806000
mixed-16m,4,step,34,1.869800
mixed-16m,4,step,35,1.774900
mixed-16m,4,step,36,2.034900
mixed-16m,4,step,37,1.888600
mixed-16m,4,step,38,1.874500
mixed-16m,4,step,39,2.033300
mixed-16m,4,step,40,1.823900
mixed-16m,4,step,41,1.914300
mixed-16m,4,step,42,1.743600
mixed-16m,4,step,43,1.660100
mixed-16m,4,step,44,2.428700
mixed-16m,4,step,45,2.385600
mixed-16m,4,step,46,2.355000
mixed-16m,4,step,47,2.024800
mixed-16m,4,step,48,2.046800
mixed-16m,4,step,49,1.576900
mixed-16m,4,step,50,1.732400
mixed-16m,4,step,51,1.605700
mixed-16m,4,step,52,2.251300
mixed-16m,4,step,53,2.462500
mixed-16m,4,step,54,1.673500
mixed-16m,4,step,55,1.723500
mixed-16m,4,step,56,1.633800
mixed-16m,4,step,57,1.713800
mixed-16m,4,step,58,1.673400
mixed-16m,4,step,59,1.781000
mixed-16m,4,step,60,1.731700
mixed-16m,4,step,61,2.124000
mixed-16m,4,step,62,2.766100
mixed-16m,4,step,63,2.271400
mixed-16m,4,step,64,2.424100
mixed-16m,4,step,65,2.981000
mixed-16m,4,step,66,3.038400
mixed-16m,4,step,67,3.162200
mixed-16m,4,step,68,2.788200
mixed-16m,4,step,69,2.492200
mixed-16m,4,step,70,2.000600
mixed-16m,4,step,71,1.645000
mixed-16m,4,step,72,1.749200
mixed-16m,4,step,73,1.721600
mixed-16m,4,step,74,1.690400
mixed-16m,4,step,75,1.614500
mixed-16m,4,step,76,1.783600
mixed-16m,4,step,77,2.009000
mixed-16m,4,step,78,1.601400
mixed-16m,4,step,79,1.665800
mixed-16m,4,step,80,1.678000
mixed-16m,4,step,81,1.603500
mixed-16m,4,step,82,1.604000
mixed-16m,4,step,83,1.588800
mixed-16m,4,step,84,1.602600
mixed-16m,4,step,85,1.658500
mixed-16m,4,step,86,1.976000
mixed-16m,4,step,87,2.316300
mixed-16m,4,step,88,1.723200
mixed-16m,4,step,89,1.686500
mixed-16m,4,step,90,1.839800
mixed-16m,4,step,91,1.643800
mixed-16m,4,step,92,1.567100
mixed-16m,4,step,93,1.741600
mixed-16m,4,step,94,1.784600
mixed-16m,4,step,95,1.605000
mixed-16m,4,step,96,1.985000
mixed-16m,4,step,97,1.749900
mixed-16m,4,step,98,1.677700
mixed-16m,4,step,99,1.643800
mixed-16m,4,step,100,1.801400
mixed-16m,4,step,101,1.701800
mixed-16m,4,step,102,1.645000
mixed-16m,4,step,103,1.564900
mixed-16m,4,step,104,2.461300
mixed-16m,4,step,105,2.009900
mixed-16m,4,step,106,1.753600
mixed-16m,4,step,107,2.706400
mixed-16m,4,step,108,2.262100
mixed-16m,4,step,109,1.992100
mixed-16m,4,step,110,1.792100
mixed-16m,4,step,111,1.614000
mixed-16m,4,step,112,1.918500
mixed-16m,4,step,113,2.404400
mixed-16m,4,step,114,1.808400
mixed-16m,4,step,115,2.616300
mixed-16m,4,step,116,2.458000
mixed-16m,4,step,117,2.940400
mixed-16m,4,step,118,2.896700
mixed-16m,4,step,119,2.189200
mixed-16m,4,step,120,1.881400
mixed-16m,4,step,121,2.028900
mixed-16m,4,step,122,1.932300
mixed-16m,4,step,123,1.821400
mixed-16m,4,step,124,1.676500
mixed-16m,4,step,125,2.102500
mixed-16m,4,step,126,1.718700
mixed-16m,4,step,127,1.740100
mixed-16m,4,step,128,2.217300
mixed-16m,4,step,129,3.167600
mixed-16m,4,step,130,2.373700
mixed-16m,4,step,131,1.641200
mixed-16m,4,step,132,1.605200
mixed-16m,4,step,133,2.461300
mixed-16m,4,step,134,3.074300
mixed-16m,4,step,135,3.078900
mixed-16m,4,step,136,2.226100
mixed-16m,4,step,137,2.272300
mixed-16m,4,step,138,1.699900
mixed-16m,4,step,139,1.620800
mixed-16m,4,step,140,1.587600
mixed-16m,4,step,141,1.555600
mixed-16m,4,step,142,1.535600
mixed-16m,4,step,143,1.579500
mixed-16m,4,step,144,2.006000
mixed-16m,4,step,145,1.922000
mixed-16m,4,step,146,1.972300
mixed-16m,4,step,147,1.915300
mixed-16m,4,step,148,2.330900
mixed-16m,4,step,149,1.693100
mixed-16m,4,step,150,1.697200
mixed-16m,4,step,151,1.663200
mixed-16m,4,step,152,1.737700
mixed-16m,4,step,153,2.041000
mixed-16m,4,step,154,1.856900
mixed-16m,4,step,155,1.772200
mixed-16m,4,step,156,1.720200
mixed-16m,4,step,157,1.822600
mixed-16m,4,step,158,1.745000
mixed-16m,4,step,159,1.666200
mixed-16m,4,step,160,1.941700
mixed-16m,4,step,161,1.768700
mixed-16m,4,step,162,1.770500
mixed-16m,4,step,163,2.326200
mixed-16m,4,step,164,1.930000
mixed-16m,4,step,165,3.035900
mixed-16m,4,step,166,3.146900
mixed-16m,4,step,167,3.252500
mixed-16m,4,step,168,1.701900
mixed-16m,4,step,169,2.324700
mixed-16m,4,step,170,1.738500
mixed-16m,4,step,171,2.062800
mixed-16m,4,step,172,2.718400
mixed-16m,4,step,173,1.642000
mixed-16m,4,step,174,1.684000
mixed-16m,4,step,175,1.590300
mixed-16m,4,step,176,1.674900
mixed-16m,4,step,177,1.604800
mixed-16m,4,step,178,2.775200
mixed-16m,4,step,179,2.984200
mixed-16m,4,step,180,1.850400
mixed-16m,4,step,181,1.654700
mixed-16m,4,step,182,1.715000
mixed-16m,4,step,183,1.803100
mixed-16m,4,step,184,1.916000
mixed-16m,4,step,185,1.670700
mixed-16m,4,step,186,2.752100
mixed-16m,4,step,187,2.958000
mixed-16m,4,step,188,3.088700
mixed-16m,4,step,189,3.061900
mixed-16m,4,step,190,2.219200
mixed-16m,4,step,191,2.839800
mixed-16m,4,step,192,3.362500
mixed-16m,4,step,193,2.141100
mixed-16m,4,step,194,2.110900
mixed-16m,4,step,195,2.367500
mixed-16m,4,step,196,2.330800
mixed-16m,4,step,197,1.663000
mixed-16m,4,step,198,1.760600
mixed-16m,4,step,199,1.666100
mixed-16m,4,step,200,2.605000
mixed-16m,4,step,201,2.024000
mixed-16m,4,step,202,1.728200
mixed-16m,4,step,203,1.719300
mixed-16m,4,step,204,2.464700
mixed-16m,4,step,205,1.598300
mixed-16m,4,step,206,2.068300
mixed-16m,4,step,207,1.673300
mixed-16m,4,step,208,2.313800
mixed-16m,4,step,209,1.654200
mixed-16m,4,step,210,2.088900
mixed-16m,4,step,211,2.078200
mixed-16m,4,step,212,2.934300
mixed-16m,4,step,213,2.995700
mixed-16m,4,step,214,2.988200
mixed-16m,4,step,215,3.014200
mixed-16m,4,step,216,2.922500
mixed-16m,4,step,217,2.078000
mixed-16m,4,step,218,1.704300
mixed-16m,4,step,219,1.655300
mixed-16m,4,step,220,1.713000
mixed-16m,4,step,221,1.738200
mixed-16m,4,step,222,1.667100
mixed-16m,4,step,223,2.678500
mixed-16m,4,step,224,2.881500
mixed-16m,4,step,225,1.604200
mixed-16m,4,step,226,1.799600
mixed-16m,4,step,227,1.767700
mixed-16m,4,step,228,1.647700
mixed-16m,4,step,229,1.682000
mixed-16m,4,step,230,1.685900
mixed-16m,4,step,231,1.705700
mixed-16m,4,step,232,1.639900
mixed-16m,4,step,233,2.178500
mixed-16m,4,step,234,2.413100
mixed-16m,4,step,235,2.019000
mixed-16m,4,step,236,1.829500
mixed-16m,4,step,237,1.630800
mixed-16m,4,step,238,1.682600
mixed-16m,4,step,239,1.690500
mixed-16m,4,step,240,1.921400
mixed-16m,4,step,241,1.841400
mixed-16m,4,step,242,2.300100
mixed-16m,4,step,243,2.144400
mixed-16m,4,step,244,1.892300
mixed-16m,4,step,245,1.845000
mixed-16m,4,step,246,1.691800
mixed-16m,4,step,247,1.689100
mixed-16m,4,step,248,1.745200
mixed-16m,4,step,249,2.676500
mixed-16m,4,step,250,2.311600
mixed-16m,4,step,251,2.014600
mixed-16m,4,step,252,1.605500
mixed-16m,4,step,253,1.738100
mixed-16m,4,step,254,1.786000
mixed-16m,4,step,255,2.212100
mixed-16m,4,step,256,0.017000
mixed-16m,4,publish-frame,0,0.126600
mixed-16m,4,release,0,0.028400
mixed-16m,4,total,0,513.621800
mixed-16m,4,cancel-release,0,0.244700
