fixture,trial,operation,sample,elapsed_ms
ascii-16m,0,step,0,3.806700
ascii-16m,0,step,1,3.722100
ascii-16m,0,step,2,3.814200
ascii-16m,0,step,3,3.678000
ascii-16m,0,step,4,3.835400
ascii-16m,0,step,5,3.982000
ascii-16m,0,step,6,3.719100
ascii-16m,0,step,7,3.856800
ascii-16m,0,step,8,3.824400
ascii-16m,0,step,9,3.925400
ascii-16m,0,step,10,3.848700
ascii-16m,0,step,11,4.011200
ascii-16m,0,step,12,3.953000
ascii-16m,0,step,13,4.009900
ascii-16m,0,step,14,3.929900
ascii-16m,0,step,15,3.904000
ascii-16m,0,step,16,3.902900
ascii-16m,0,step,17,3.899100
ascii-16m,0,step,18,3.830700
ascii-16m,0,step,19,3.783200
ascii-16m,0,step,20,3.826800
ascii-16m,0,step,21,3.900600
ascii-16m,0,step,22,3.827800
ascii-16m,0,step,23,3.826500
ascii-16m,0,step,24,3.664800
ascii-16m,0,step,25,3.918700
ascii-16m,0,step,26,3.719200
ascii-16m,0,step,27,3.703800
ascii-16m,0,step,28,3.823700
ascii-16m,0,step,29,3.895400
ascii-16m,0,step,30,3.782200
ascii-16m,0,step,31,3.866800
ascii-16m,0,step,32,3.928000
ascii-16m,0,step,33,3.993900
ascii-16m,0,step,34,3.945700
ascii-16m,0,step,35,3.954500
ascii-16m,0,step,36,3.748500
ascii-16m,0,step,37,3.864800
ascii-16m,0,step,38,3.785000
ascii-16m,0,step,39,3.836100
ascii-16m,0,step,40,3.828200
ascii-16m,0,step,41,3.728300
ascii-16m,0,step,42,3.865000
ascii-16m,0,step,43,3.752300
ascii-16m,0,step,44,3.666700
ascii-16m,0,step,45,3.832100
ascii-16m,0,step,46,3.903200
ascii-16m,0,step,47,3.784300
ascii-16m,0,step,48,3.762400
ascii-16m,0,step,49,3.842700
ascii-16m,0,step,50,3.810200
ascii-16m,0,step,51,3.851700
ascii-16m,0,step,52,3.886800
ascii-16m,0,step,53,3.911800
ascii-16m,0,step,54,3.980600
ascii-16m,0,step,55,3.864800
ascii-16m,0,step,56,3.874500
ascii-16m,0,step,57,3.844400
ascii-16m,0,step,58,3.850000
ascii-16m,0,step,59,3.747300
ascii-16m,0,step,60,3.810900
ascii-16m,0,step,61,3.839300
ascii-16m,0,step,62,3.719400
ascii-16m,0,step,63,3.817000
ascii-16m,0,step,64,3.833300
ascii-16m,0,step,65,3.839800
ascii-16m,0,step,66,3.885200
ascii-16m,0,step,67,3.791600
ascii-16m,0,step,68,3.820500
ascii-16m,0,step,69,3.681200
ascii-16m,0,step,70,3.872900
ascii-16m,0,step,71,3.849600
ascii-16m,0,step,72,3.883800
ascii-16m,0,step,73,3.867200
ascii-16m,0,step,74,4.112600
ascii-16m,0,step,75,3.879000
ascii-16m,0,step,76,3.895500
ascii-16m,0,step,77,3.893000
ascii-16m,0,step,78,3.950800
ascii-16m,0,step,79,3.658500
ascii-16m,0,step,80,3.712600
ascii-16m,0,step,81,3.846700
ascii-16m,0,step,82,3.920500
ascii-16m,0,step,83,3.821100
ascii-16m,0,step,84,3.771300
ascii-16m,0,step,85,3.644400
ascii-16m,0,step,86,3.912300
ascii-16m,0,step,87,3.736200
ascii-16m,0,step,88,3.855600
ascii-16m,0,step,89,3.685400
ascii-16m,0,step,90,3.830800
ascii-16m,0,step,91,3.880200
ascii-16m,0,step,92,3.849100
ascii-16m,0,step,93,3.912600
ascii-16m,0,step,94,3.901900
ascii-16m,0,step,95,3.914500
ascii-16m,0,step,96,3.937200
ascii-16m,0,step,97,3.839500
ascii-16m,0,step,98,3.822600
ascii-16m,0,step,99,3.927800
ascii-16m,0,step,100,3.813000
ascii-16m,0,step,101,3.814700
ascii-16m,0,step,102,3.754700
ascii-16m,0,step,103,3.855600
ascii-16m,0,step,104,3.792000
ascii-16m,0,step,105,3.817300
ascii-16m,0,step,106,3.682700
ascii-16m,0,step,107,3.913400
ascii-16m,0,step,108,3.841000
ascii-16m,0,step,109,3.657500
ascii-16m,0,step,110,3.809400
ascii-16m,0,step,111,3.860800
ascii-16m,0,step,112,3.878100
ascii-16m,0,step,113,3.898200
ascii-16m,0,step,114,3.815700
ascii-16m,0,step,115,3.959000
ascii-16m,0,step,116,3.870100
ascii-16m,0,step,117,3.903500
ascii-16m,0,step,118,3.847200
ascii-16m,0,step,119,3.901000
ascii-16m,0,step,120,3.809500
ascii-16m,0,step,121,3.811800
ascii-16m,0,step,122,3.841100
ascii-16m,0,step,123,3.863600
ascii-16m,0,step,124,3.819400
ascii-16m,0,step,125,3.677300
ascii-16m,0,step,126,3.833400
ascii-16m,0,step,127,3.950600
ascii-16m,0,step,128,3.893200
ascii-16m,0,step,129,3.824200
ascii-16m,0,step,130,3.825400
ascii-16m,0,step,131,3.894600
ascii-16m,0,step,132,3.711200
ascii-16m,0,step,133,3.844000
ascii-16m,0,step,134,3.906000
ascii-16m,0,step,135,4.138400
ascii-16m,0,step,136,3.768800
ascii-16m,0,step,137,3.898200
ascii-16m,0,step,138,3.906800
ascii-16m,0,step,139,4.071900
ascii-16m,0,step,140,3.842900
ascii-16m,0,step,141,3.679200
ascii-16m,0,step,142,3.648100
ascii-16m,0,step,143,4.415500
ascii-16m,0,step,144,3.740400
ascii-16m,0,step,145,3.924900
ascii-16m,0,step,146,6.046500
ascii-16m,0,step,147,4.342300
ascii-16m,0,step,148,3.962600
ascii-16m,0,step,149,4.493900
ascii-16m,0,step,150,4.089400
ascii-16m,0,step,151,3.728100
ascii-16m,0,step,152,3.843600
ascii-16m,0,step,153,3.926900
ascii-16m,0,step,154,4.000000
ascii-16m,0,step,155,3.832600
ascii-16m,0,step,156,3.888600
ascii-16m,0,step,157,3.878000
ascii-16m,0,step,158,3.839800
ascii-16m,0,step,159,3.877500
ascii-16m,0,step,160,3.856300
ascii-16m,0,step,161,3.848900
ascii-16m,0,step,162,3.711100
ascii-16m,0,step,163,3.853700
ascii-16m,0,step,164,3.835700
ascii-16m,0,step,165,3.795300
ascii-16m,0,step,166,3.793300
ascii-16m,0,step,167,4.004600
ascii-16m,0,step,168,3.699900
ascii-16m,0,step,169,3.719700
ascii-16m,0,step,170,3.831500
ascii-16m,0,step,171,4.124600
ascii-16m,0,step,172,3.751000
ascii-16m,0,step,173,3.859500
ascii-16m,0,step,174,3.817000
ascii-16m,0,step,175,3.981000
ascii-16m,0,step,176,3.907400
ascii-16m,0,step,177,3.883800
ascii-16m,0,step,178,3.751300
ascii-16m,0,step,179,3.924000
ascii-16m,0,step,180,3.870600
ascii-16m,0,step,181,3.858200
ascii-16m,0,step,182,3.793200
ascii-16m,0,step,183,3.943400
ascii-16m,0,step,184,3.798300
ascii-16m,0,step,185,3.852600
ascii-16m,0,step,186,3.825500
ascii-16m,0,step,187,3.841100
ascii-16m,0,step,188,3.827000
ascii-16m,0,step,189,3.636700
ascii-16m,0,step,190,3.852100
ascii-16m,0,step,191,3.972700
ascii-16m,0,step,192,3.891700
ascii-16m,0,step,193,3.892100
ascii-16m,0,step,194,3.864400
ascii-16m,0,step,195,3.894300
ascii-16m,0,step,196,3.849200
ascii-16m,0,step,197,3.769900
ascii-16m,0,step,198,3.855600
ascii-16m,0,step,199,3.920500
ascii-16m,0,step,200,3.816200
ascii-16m,0,step,201,3.840400
ascii-16m,0,step,202,3.835800
ascii-16m,0,step,203,3.850100
ascii-16m,0,step,204,3.640900
ascii-16m,0,step,205,3.818700
ascii-16m,0,step,206,3.817500
ascii-16m,0,step,207,3.892500
ascii-16m,0,step,208,3.870200
ascii-16m,0,step,209,3.792900
ascii-16m,0,step,210,3.824900
ascii-16m,0,step,211,3.920000
ascii-16m,0,step,212,3.835500
ascii-16m,0,step,213,3.856700
ascii-16m,0,step,214,3.849500
ascii-16m,0,step,215,3.965400
ascii-16m,0,step,216,3.749400
ascii-16m,0,step,217,3.743300
ascii-16m,0,step,218,3.818700
ascii-16m,0,step,219,3.865500
ascii-16m,0,step,220,3.879100
ascii-16m,0,step,221,3.877000
ascii-16m,0,step,222,3.855600
ascii-16m,0,step,223,3.705400
ascii-16m,0,step,224,3.951900
ascii-16m,0,step,225,3.859900
ascii-16m,0,step,226,3.685600
ascii-16m,0,step,227,3.698200
ascii-16m,0,step,228,3.940100
ascii-16m,0,step,229,3.814100
ascii-16m,0,step,230,3.857200
ascii-16m,0,step,231,3.858900
ascii-16m,0,step,232,5.418100
ascii-16m,0,step,233,3.737500
ascii-16m,0,step,234,3.899500
ascii-16m,0,step,235,3.910300
ascii-16m,0,step,236,3.837300
ascii-16m,0,step,237,3.833300
ascii-16m,0,step,238,3.827000
ascii-16m,0,step,239,3.906600
ascii-16m,0,step,240,3.712700
ascii-16m,0,step,241,3.782900
ascii-16m,0,step,242,3.768200
ascii-16m,0,step,243,3.771300
ascii-16m,0,step,244,3.798900
ascii-16m,0,step,245,3.812700
ascii-16m,0,step,246,3.701000
ascii-16m,0,step,247,3.796500
ascii-16m,0,step,248,3.908000
ascii-16m,0,step,249,3.648800
ascii-16m,0,step,250,3.814700
ascii-16m,0,step,251,3.803500
ascii-16m,0,step,252,3.867600
ascii-16m,0,step,253,3.704200
ascii-16m,0,step,254,3.719900
ascii-16m,0,step,255,3.707600
ascii-16m,0,step,256,0.019700
ascii-16m,0,publish-frame,0,0.634000
ascii-16m,0,release,0,0.113800
ascii-16m,0,total,0,989.257400
ascii-16m,0,cancel-release,0,0.157200
ascii-16m,1,step,0,3.937000
ascii-16m,1,step,1,3.856300
ascii-16m,1,step,2,3.840400
ascii-16m,1,step,3,3.690700
ascii-16m,1,step,4,3.910200
ascii-16m,1,step,5,3.757400
ascii-16m,1,step,6,3.865800
ascii-16m,1,step,7,3.804100
ascii-16m,1,step,8,3.906300
ascii-16m,1,step,9,3.872800
ascii-16m,1,step,10,3.982400
ascii-16m,1,step,11,3.967900
ascii-16m,1,step,12,3.925500
ascii-16m,1,step,13,3.789600
ascii-16m,1,step,14,3.561200
ascii-16m,1,step,15,3.889000
ascii-16m,1,step,16,3.912800
ascii-16m,1,step,17,3.801300
ascii-16m,1,step,18,3.930400
ascii-16m,1,step,19,3.627800
ascii-16m,1,step,20,3.809700
ascii-16m,1,step,21,3.870400
ascii-16m,1,step,22,3.785600
ascii-16m,1,step,23,3.732200
ascii-16m,1,step,24,3.806900
ascii-16m,1,step,25,3.818600
ascii-16m,1,step,26,3.623800
ascii-16m,1,step,27,3.810000
ascii-16m,1,step,28,3.800500
ascii-16m,1,step,29,3.704600
ascii-16m,1,step,30,3.749000
ascii-16m,1,step,31,3.648700
ascii-16m,1,step,32,3.919300
ascii-16m,1,step,33,3.936600
ascii-16m,1,step,34,3.900400
ascii-16m,1,step,35,3.907700
ascii-16m,1,step,36,3.920800
ascii-16m,1,step,37,3.699000
ascii-16m,1,step,38,3.765100
ascii-16m,1,step,39,3.884900
ascii-16m,1,step,40,3.798800
ascii-16m,1,step,41,3.820600
ascii-16m,1,step,42,3.570800
ascii-16m,1,step,43,3.763400
ascii-16m,1,step,44,3.784900
ascii-16m,1,step,45,3.877000
ascii-16m,1,step,46,3.846400
ascii-16m,1,step,47,3.812900
ascii-16m,1,step,48,3.674900
ascii-16m,1,step,49,3.934100
ascii-16m,1,step,50,3.841500
ascii-16m,1,step,51,3.877400
ascii-16m,1,step,52,3.799800
ascii-16m,1,step,53,3.657100
ascii-16m,1,step,54,3.882500
ascii-16m,1,step,55,3.878200
ascii-16m,1,step,56,3.916400
ascii-16m,1,step,57,3.947200
ascii-16m,1,step,58,3.640600
ascii-16m,1,step,59,3.943300
ascii-16m,1,step,60,3.930100
ascii-16m,1,step,61,3.881300
ascii-16m,1,step,62,3.866800
ascii-16m,1,step,63,3.582600
ascii-16m,1,step,64,3.922600
ascii-16m,1,step,65,3.840200
ascii-16m,1,step,66,3.909300
ascii-16m,1,step,67,3.784700
ascii-16m,1,step,68,3.539700
ascii-16m,1,step,69,3.700400
ascii-16m,1,step,70,3.934700
ascii-16m,1,step,71,3.835000
ascii-16m,1,step,72,3.797500
ascii-16m,1,step,73,3.542800
ascii-16m,1,step,74,3.846600
ascii-16m,1,step,75,3.803800
ascii-16m,1,step,76,3.845100
ascii-16m,1,step,77,3.826500
ascii-16m,1,step,78,3.514100
ascii-16m,1,step,79,3.760600
ascii-16m,1,step,80,3.933600
ascii-16m,1,step,81,3.915000
ascii-16m,1,step,82,3.838300
ascii-16m,1,step,83,3.604800
ascii-16m,1,step,84,3.922200
ascii-16m,1,step,85,3.774900
ascii-16m,1,step,86,3.869500
ascii-16m,1,step,87,3.857100
ascii-16m,1,step,88,3.714500
ascii-16m,1,step,89,3.773400
ascii-16m,1,step,90,3.593300
ascii-16m,1,step,91,3.882400
ascii-16m,1,step,92,3.856100
ascii-16m,1,step,93,3.856500
ascii-16m,1,step,94,3.622100
ascii-16m,1,step,95,3.660000
ascii-16m,1,step,96,3.865500
ascii-16m,1,step,97,3.846300
ascii-16m,1,step,98,3.863500
ascii-16m,1,step,99,3.808400
ascii-16m,1,step,100,3.648100
ascii-16m,1,step,101,3.854300
ascii-16m,1,step,102,3.844300
ascii-16m,1,step,103,3.936600
ascii-16m,1,step,104,3.785900
ascii-16m,1,step,105,3.620800
ascii-16m,1,step,106,3.910600
ascii-16m,1,step,107,3.923400
ascii-16m,1,step,108,3.915000
ascii-16m,1,step,109,3.769000
ascii-16m,1,step,110,3.553600
ascii-16m,1,step,111,4.094000
ascii-16m,1,step,112,3.908800
ascii-16m,1,step,113,3.845400
ascii-16m,1,step,114,3.797500
ascii-16m,1,step,115,3.604900
ascii-16m,1,step,116,3.838100
ascii-16m,1,step,117,3.834200
ascii-16m,1,step,118,3.821300
ascii-16m,1,step,119,3.876000
ascii-16m,1,step,120,3.404400
ascii-16m,1,step,121,3.713800
ascii-16m,1,step,122,3.851900
ascii-16m,1,step,123,3.812800
ascii-16m,1,step,124,3.827000
ascii-16m,1,step,125,3.559800
ascii-16m,1,step,126,3.851900
ascii-16m,1,step,127,3.853500
ascii-16m,1,step,128,4.017400
ascii-16m,1,step,129,3.849400
ascii-16m,1,step,130,3.541600
ascii-16m,1,step,131,3.931300
ascii-16m,1,step,132,4.044400
ascii-16m,1,step,133,3.914100
ascii-16m,1,step,134,3.865700
ascii-16m,1,step,135,3.624200
ascii-16m,1,step,136,4.000600
ascii-16m,1,step,137,3.849800
ascii-16m,1,step,138,3.837900
ascii-16m,1,step,139,3.805900
ascii-16m,1,step,140,3.625800
ascii-16m,1,step,141,3.851000
ascii-16m,1,step,142,3.854300
ascii-16m,1,step,143,3.825100
ascii-16m,1,step,144,3.895000
ascii-16m,1,step,145,3.594100
ascii-16m,1,step,146,3.827800
ascii-16m,1,step,147,3.850900
ascii-16m,1,step,148,3.872900
ascii-16m,1,step,149,3.757900
ascii-16m,1,step,150,3.442400
ascii-16m,1,step,151,3.878200
ascii-16m,1,step,152,3.979900
ascii-16m,1,step,153,3.744100
ascii-16m,1,step,154,3.909700
ascii-16m,1,step,155,3.597500
ascii-16m,1,step,156,3.951900
ascii-16m,1,step,157,3.897500
ascii-16m,1,step,158,3.868900
ascii-16m,1,step,159,3.774500
ascii-16m,1,step,160,3.723300
ascii-16m,1,step,161,3.855100
ascii-16m,1,step,162,3.866300
ascii-16m,1,step,163,3.854400
ascii-16m,1,step,164,3.850900
ascii-16m,1,step,165,3.563000
ascii-16m,1,step,166,3.713100
ascii-16m,1,step,167,3.748100
ascii-16m,1,step,168,3.849000
ascii-16m,1,step,169,3.838500
ascii-16m,1,step,170,3.552600
ascii-16m,1,step,171,3.830500
ascii-16m,1,step,172,3.840500
ascii-16m,1,step,173,3.955300
ascii-16m,1,step,174,3.829000
ascii-16m,1,step,175,3.613900
ascii-16m,1,step,176,3.896800
ascii-16m,1,step,177,3.947600
ascii-16m,1,step,178,3.869100
ascii-16m,1,step,179,3.852000
ascii-16m,1,step,180,3.560400
ascii-16m,1,step,181,3.980200
ascii-16m,1,step,182,3.717600
ascii-16m,1,step,183,3.750800
ascii-16m,1,step,184,3.481800
ascii-16m,1,step,185,3.724400
ascii-16m,1,step,186,3.829800
ascii-16m,1,step,187,3.601300
ascii-16m,1,step,188,3.657300
ascii-16m,1,step,189,3.835400
ascii-16m,1,step,190,3.597700
ascii-16m,1,step,191,3.570700
ascii-16m,1,step,192,3.818100
ascii-16m,1,step,193,3.534000
ascii-16m,1,step,194,3.652800
ascii-16m,1,step,195,3.778800
ascii-16m,1,step,196,3.511000
ascii-16m,1,step,197,3.552800
ascii-16m,1,step,198,3.814200
ascii-16m,1,step,199,3.511400
ascii-16m,1,step,200,3.561600
ascii-16m,1,step,201,3.793400
ascii-16m,1,step,202,3.634600
ascii-16m,1,step,203,3.541200
ascii-16m,1,step,204,3.816600
ascii-16m,1,step,205,3.510000
ascii-16m,1,step,206,3.935300
ascii-16m,1,step,207,5.036500
ascii-16m,1,step,208,3.579600
ascii-16m,1,step,209,3.580000
ascii-16m,1,step,210,3.867300
ascii-16m,1,step,211,3.517300
ascii-16m,1,step,212,3.627500
ascii-16m,1,step,213,3.779500
ascii-16m,1,step,214,3.505600
ascii-16m,1,step,215,3.593900
ascii-16m,1,step,216,3.617700
ascii-16m,1,step,217,3.495700
ascii-16m,1,step,218,3.492900
ascii-16m,1,step,219,3.829900
ascii-16m,1,step,220,3.477300
ascii-16m,1,step,221,3.523800
ascii-16m,1,step,222,3.775600
ascii-16m,1,step,223,3.593100
ascii-16m,1,step,224,3.614500
ascii-16m,1,step,225,3.834800
ascii-16m,1,step,226,3.486600
ascii-16m,1,step,227,3.544800
ascii-16m,1,step,228,3.822200
ascii-16m,1,step,229,3.504400
ascii-16m,1,step,230,3.561400
ascii-16m,1,step,231,3.781200
ascii-16m,1,step,232,3.559200
ascii-16m,1,step,233,3.620500
ascii-16m,1,step,234,3.795700
ascii-16m,1,step,235,3.547700
ascii-16m,1,step,236,3.645700
ascii-16m,1,step,237,3.775000
ascii-16m,1,step,238,3.505400
ascii-16m,1,step,239,3.583100
ascii-16m,1,step,240,3.827800
ascii-16m,1,step,241,3.505500
ascii-16m,1,step,242,3.631000
ascii-16m,1,step,243,3.807800
ascii-16m,1,step,244,3.413200
ascii-16m,1,step,245,3.684900
ascii-16m,1,step,246,3.646700
ascii-16m,1,step,247,3.559700
ascii-16m,1,step,248,3.567700
ascii-16m,1,step,249,3.823400
ascii-16m,1,step,250,3.575100
ascii-16m,1,step,251,3.529500
ascii-16m,1,step,252,3.780300
ascii-16m,1,step,253,3.612200
ascii-16m,1,step,254,3.592500
ascii-16m,1,step,255,3.893800
ascii-16m,1,step,256,0.067900
ascii-16m,1,publish-frame,0,0.760100
ascii-16m,1,release,0,0.105300
ascii-16m,1,total,0,965.249800
ascii-16m,1,cancel-release,0,0.152900
ascii-16m,2,step,0,3.921700
ascii-16m,2,step,1,3.864300
ascii-16m,2,step,2,3.872900
ascii-16m,2,step,3,3.772300
ascii-16m,2,step,4,3.779500
ascii-16m,2,step,5,3.559800
ascii-16m,2,step,6,3.660700
ascii-16m,2,step,7,3.867100
ascii-16m,2,step,8,3.749400
ascii-16m,2,step,9,3.577200
ascii-16m,2,step,10,3.726200
ascii-16m,2,step,11,3.843300
ascii-16m,2,step,12,3.557900
ascii-16m,2,step,13,3.620600
ascii-16m,2,step,14,3.801800
ascii-16m,2,step,15,3.349500
ascii-16m,2,step,16,3.568900
ascii-16m,2,step,17,3.778800
ascii-16m,2,step,18,3.548800
ascii-16m,2,step,19,3.484600
ascii-16m,2,step,20,3.715800
ascii-16m,2,step,21,3.366400
ascii-16m,2,step,22,3.379400
ascii-16m,2,step,23,3.413500
ascii-16m,2,step,24,3.749300
ascii-16m,2,step,25,3.395600
ascii-16m,2,step,26,3.567400
ascii-16m,2,step,27,3.638500
ascii-16m,2,step,28,3.465200
ascii-16m,2,step,29,3.666100
ascii-16m,2,step,30,3.810800
ascii-16m,2,step,31,3.583800
ascii-16m,2,step,32,3.688000
ascii-16m,2,step,33,3.689700
ascii-16m,2,step,34,3.563000
ascii-16m,2,step,35,3.566300
ascii-16m,2,step,36,3.806400
ascii-16m,2,step,37,3.645400
ascii-16m,2,step,38,3.572100
ascii-16m,2,step,39,3.799500
ascii-16m,2,step,40,3.497300
ascii-16m,2,step,41,3.584200
ascii-16m,2,step,42,3.868100
ascii-16m,2,step,43,3.885000
ascii-16m,2,step,44,3.807900
ascii-16m,2,step,45,3.512600
ascii-16m,2,step,46,3.678600
ascii-16m,2,step,47,3.777600
ascii-16m,2,step,48,3.603200
ascii-16m,2,step,49,3.778500
ascii-16m,2,step,50,3.647700
ascii-16m,2,step,51,3.507100
ascii-16m,2,step,52,3.405100
ascii-16m,2,step,53,3.574500
ascii-16m,2,step,54,3.805200
ascii-16m,2,step,55,3.511400
ascii-16m,2,step,56,3.583700
ascii-16m,2,step,57,3.462200
ascii-16m,2,step,58,3.668200
ascii-16m,2,step,59,3.748400
ascii-16m,2,step,60,3.496700
ascii-16m,2,step,61,3.491100
ascii-16m,2,step,62,3.502600
ascii-16m,2,step,63,3.631500
ascii-16m,2,step,64,3.679700
ascii-16m,2,step,65,3.546600
ascii-16m,2,step,66,3.763200
ascii-16m,2,step,67,3.408300
ascii-16m,2,step,68,3.498300
ascii-16m,2,step,69,3.498200
ascii-16m,2,step,70,3.560200
ascii-16m,2,step,71,3.823700
ascii-16m,2,step,72,3.490600
ascii-16m,2,step,73,3.391200
ascii-16m,2,step,74,3.485100
ascii-16m,2,step,75,3.601200
ascii-16m,2,step,76,3.922000
ascii-16m,2,step,77,3.519700
ascii-16m,2,step,78,3.505100
ascii-16m,2,step,79,3.553700
ascii-16m,2,step,80,3.683200
ascii-16m,2,step,81,3.842300
ascii-16m,2,step,82,3.664100
ascii-16m,2,step,83,3.849100
ascii-16m,2,step,84,3.512700
ascii-16m,2,step,85,3.498300
ascii-16m,2,step,86,3.596500
ascii-16m,2,step,87,3.560100
ascii-16m,2,step,88,3.848600
ascii-16m,2,step,89,3.607200
ascii-16m,2,step,90,3.709100
ascii-16m,2,step,91,3.543900
ascii-16m,2,step,92,3.547200
ascii-16m,2,step,93,3.571900
ascii-16m,2,step,94,3.614800
ascii-16m,2,step,95,3.834900
ascii-16m,2,step,96,3.558100
ascii-16m,2,step,97,3.507600
ascii-16m,2,step,98,3.599600
ascii-16m,2,step,99,3.690000
ascii-16m,2,step,100,3.814600
ascii-16m,2,step,101,3.541200
ascii-16m,2,step,102,3.614400
ascii-16m,2,step,103,3.597700
ascii-16m,2,step,104,3.654800
ascii-16m,2,step,105,3.831300
ascii-16m,2,step,106,3.479000
ascii-16m,2,step,107,3.829800
ascii-16m,2,step,108,3.396200
ascii-16m,2,step,109,3.600600
ascii-16m,2,step,110,3.599100
ascii-16m,2,step,111,3.652400
ascii-16m,2,step,112,3.807700
ascii-16m,2,step,113,3.503100
ascii-16m,2,step,114,3.579900
ascii-16m,2,step,115,3.594300
ascii-16m,2,step,116,3.420700
ascii-16m,2,step,117,3.645900
ascii-16m,2,step,118,3.344200
ascii-16m,2,step,119,3.494400
ascii-16m,2,step,120,3.371800
ascii-16m,2,step,121,3.639400
ascii-16m,2,step,122,3.788000
ascii-16m,2,step,123,3.508200
ascii-16m,2,step,124,3.817700
ascii-16m,2,step,125,3.497900
ascii-16m,2,step,126,3.534100
ascii-16m,2,step,127,3.491100
ascii-16m,2,step,128,3.759600
ascii-16m,2,step,129,3.799600
ascii-16m,2,step,130,3.450200
ascii-16m,2,step,131,3.566400
ascii-16m,2,step,132,3.620900
ascii-16m,2,step,133,3.507400
ascii-16m,2,step,134,3.790500
ascii-16m,2,step,135,3.521700
ascii-16m,2,step,136,3.608900
ascii-16m,2,step,137,3.867500
ascii-16m,2,step,138,3.570400
ascii-16m,2,step,139,3.681700
ascii-16m,2,step,140,3.614900
ascii-16m,2,step,141,3.879200
ascii-16m,2,step,142,3.520600
ascii-16m,2,step,143,3.533200
ascii-16m,2,step,144,3.564200
ascii-16m,2,step,145,3.778100
ascii-16m,2,step,146,3.805600
ascii-16m,2,step,147,3.505100
ascii-16m,2,step,148,3.405600
ascii-16m,2,step,149,3.527900
ascii-16m,2,step,150,3.621500
ascii-16m,2,step,151,3.854700
ascii-16m,2,step,152,3.504000
ascii-16m,2,step,153,3.505300
ascii-16m,2,step,154,3.607700
ascii-16m,2,step,155,3.568900
ascii-16m,2,step,156,3.838600
ascii-16m,2,step,157,3.553500
ascii-16m,2,step,158,3.869800
ascii-16m,2,step,159,3.496200
ascii-16m,2,step,160,3.472500
ascii-16m,2,step,161,3.585400
ascii-16m,2,step,162,3.635700
ascii-16m,2,step,163,3.798900
ascii-16m,2,step,164,3.517800
ascii-16m,2,step,165,3.501300
ascii-16m,2,step,166,3.496500
ascii-16m,2,step,167,3.614800
ascii-16m,2,step,168,3.800200
ascii-16m,2,step,169,3.601100
ascii-16m,2,step,170,3.510000
ascii-16m,2,step,171,3.557600
ascii-16m,2,step,172,3.643700
ascii-16m,2,step,173,3.655700
ascii-16m,2,step,174,3.567600
ascii-16m,2,step,175,3.819100
ascii-16m,2,step,176,3.727200
ascii-16m,2,step,177,3.412500
ascii-16m,2,step,178,3.515400
ascii-16m,2,step,179,3.539400
ascii-16m,2,step,180,3.831000
ascii-16m,2,step,181,3.506400
ascii-16m,2,step,182,3.500300
ascii-16m,2,step,183,3.503500
ascii-16m,2,step,184,3.686600
ascii-16m,2,step,185,3.798700
ascii-16m,2,step,186,3.555900
ascii-16m,2,step,187,3.485300
ascii-16m,2,step,188,3.556200
ascii-16m,2,step,189,3.628300
ascii-16m,2,step,190,3.806100
ascii-16m,2,step,191,3.628100
ascii-16m,2,step,192,3.723400
ascii-16m,2,step,193,5.053700
ascii-16m,2,step,194,3.386800
ascii-16m,2,step,195,3.619600
ascii-16m,2,step,196,3.626900
ascii-16m,2,step,197,3.844200
ascii-16m,2,step,198,3.488800
ascii-16m,2,step,199,3.498800
ascii-16m,2,step,200,3.596300
ascii-16m,2,step,201,3.670600
ascii-16m,2,step,202,3.682700
ascii-16m,2,step,203,3.566800
ascii-16m,2,step,204,3.592800
ascii-16m,2,step,205,3.616000
ascii-16m,2,step,206,3.560300
ascii-16m,2,step,207,3.638900
ascii-16m,2,step,208,3.588200
ascii-16m,2,step,209,3.795300
ascii-16m,2,step,210,3.587900
ascii-16m,2,step,211,3.597700
ascii-16m,2,step,212,3.756400
ascii-16m,2,step,213,3.602400
ascii-16m,2,step,214,3.624600
ascii-16m,2,step,215,3.577500
ascii-16m,2,step,216,3.601800
ascii-16m,2,step,217,3.659100
ascii-16m,2,step,218,3.788500
ascii-16m,2,step,219,3.561100
ascii-16m,2,step,220,3.505900
ascii-16m,2,step,221,3.611400
ascii-16m,2,step,222,3.597100
ascii-16m,2,step,223,3.796500
ascii-16m,2,step,224,3.556500
ascii-16m,2,step,225,3.581600
ascii-16m,2,step,226,3.605100
ascii-16m,2,step,227,3.667700
ascii-16m,2,step,228,3.565900
ascii-16m,2,step,229,3.672600
ascii-16m,2,step,230,3.585600
ascii-16m,2,step,231,3.598900
ascii-16m,2,step,232,3.659100
ascii-16m,2,step,233,3.582900
ascii-16m,2,step,234,3.757800
ascii-16m,2,step,235,3.539100
ascii-16m,2,step,236,3.619400
ascii-16m,2,step,237,3.501100
ascii-16m,2,step,238,3.543500
ascii-16m,2,step,239,3.553600
ascii-16m,2,step,240,3.808700
ascii-16m,2,step,241,3.597000
ascii-16m,2,step,242,3.593600
ascii-16m,2,step,243,3.517800
ascii-16m,2,step,244,3.557700
ascii-16m,2,step,245,3.849100
ascii-16m,2,step,246,3.508600
ascii-16m,2,step,247,3.493200
ascii-16m,2,step,248,3.581800
ascii-16m,2,step,249,3.614900
ascii-16m,2,step,250,3.554600
ascii-16m,2,step,251,3.803300
ascii-16m,2,step,252,3.514800
ascii-16m,2,step,253,3.631700
ascii-16m,2,step,254,3.554700
ascii-16m,2,step,255,3.518400
ascii-16m,2,step,256,0.023000
ascii-16m,2,publish-frame,0,0.791300
ascii-16m,2,release,0,0.109400
ascii-16m,2,total,0,929.161100
ascii-16m,2,cancel-release,0,0.160500
ascii-16m,3,step,0,3.788000
ascii-16m,3,step,1,3.500100
ascii-16m,3,step,2,3.603800
ascii-16m,3,step,3,3.628300
ascii-16m,3,step,4,3.593000
ascii-16m,3,step,5,3.593900
ascii-16m,3,step,6,3.571500
ascii-16m,3,step,7,3.593900
ascii-16m,3,step,8,3.605300
ascii-16m,3,step,9,3.550400
ascii-16m,3,step,10,3.469800
ascii-16m,3,step,11,3.774000
ascii-16m,3,step,12,3.663400
ascii-16m,3,step,13,3.496100
ascii-16m,3,step,14,3.579000
ascii-16m,3,step,15,3.709400
ascii-16m,3,step,16,3.531900
ascii-16m,3,step,17,3.572400
ascii-16m,3,step,18,3.588300
ascii-16m,3,step,19,3.488200
ascii-16m,3,step,20,3.625200
ascii-16m,3,step,21,3.637600
ascii-16m,3,step,22,3.442800
ascii-16m,3,step,23,3.621800
ascii-16m,3,step,24,3.586800
ascii-16m,3,step,25,3.462000
ascii-16m,3,step,26,3.527000
ascii-16m,3,step,27,3.350300
ascii-16m,3,step,28,3.602000
ascii-16m,3,step,29,3.495100
ascii-16m,3,step,30,3.599500
ascii-16m,3,step,31,3.486800
ascii-16m,3,step,32,3.632600
ascii-16m,3,step,33,3.564100
ascii-16m,3,step,34,3.931300
ascii-16m,3,step,35,3.496300
ascii-16m,3,step,36,3.517200
ascii-16m,3,step,37,3.493800
ascii-16m,3,step,38,3.353100
ascii-16m,3,step,39,3.613000
ascii-16m,3,step,40,3.822800
ascii-16m,3,step,41,3.866800
ascii-16m,3,step,42,3.560000
ascii-16m,3,step,43,3.700600
ascii-16m,3,step,44,3.888800
ascii-16m,3,step,45,3.769200
ascii-16m,3,step,46,3.569900
ascii-16m,3,step,47,3.544500
ascii-16m,3,step,48,3.686400
ascii-16m,3,step,49,3.767900
ascii-16m,3,step,50,3.571900
ascii-16m,3,step,51,3.864900
ascii-16m,3,step,52,3.808700
ascii-16m,3,step,53,3.566200
ascii-16m,3,step,54,3.564900
ascii-16m,3,step,55,3.676800
ascii-16m,3,step,56,3.558300
ascii-16m,3,step,57,3.451600
ascii-16m,3,step,58,3.794900
ascii-16m,3,step,59,3.509100
ascii-16m,3,step,60,3.601000
ascii-16m,3,step,61,3.732400
ascii-16m,3,step,62,3.551600
ascii-16m,3,step,63,3.647900
ascii-16m,3,step,64,3.870400
ascii-16m,3,step,65,3.558600
ascii-16m,3,step,66,3.655700
ascii-16m,3,step,67,3.791300
ascii-16m,3,step,68,3.597900
ascii-16m,3,step,69,3.529900
ascii-16m,3,step,70,3.818000
ascii-16m,3,step,71,3.516100
ascii-16m,3,step,72,3.662500
ascii-16m,3,step,73,3.927600
ascii-16m,3,step,74,3.571000
ascii-16m,3,step,75,3.552500
ascii-16m,3,step,76,3.853000
ascii-16m,3,step,77,3.632100
ascii-16m,3,step,78,3.594700
ascii-16m,3,step,79,3.515500
ascii-16m,3,step,80,3.537700
ascii-16m,3,step,81,3.636400
ascii-16m,3,step,82,3.531600
ascii-16m,3,step,83,3.590100
ascii-16m,3,step,84,3.564000
ascii-16m,3,step,85,3.573800
ascii-16m,3,step,86,3.529500
ascii-16m,3,step,87,3.595200
ascii-16m,3,step,88,3.623600
ascii-16m,3,step,89,3.577900
ascii-16m,3,step,90,3.684200
ascii-16m,3,step,91,3.878100
ascii-16m,3,step,92,4.529600
ascii-16m,3,step,93,4.007400
ascii-16m,3,step,94,3.667700
ascii-16m,3,step,95,3.520000
ascii-16m,3,step,96,3.412400
ascii-16m,3,step,97,3.521700
ascii-16m,3,step,98,3.564400
ascii-16m,3,step,99,3.552800
ascii-16m,3,step,100,3.511900
ascii-16m,3,step,101,3.497500
ascii-16m,3,step,102,3.350400
ascii-16m,3,step,103,3.613500
ascii-16m,3,step,104,3.591100
ascii-16m,3,step,105,3.502800
ascii-16m,3,step,106,3.494900
ascii-16m,3,step,107,3.631900
ascii-16m,3,step,108,3.544800
ascii-16m,3,step,109,3.571400
ascii-16m,3,step,110,3.560000
ascii-16m,3,step,111,3.581400
ascii-16m,3,step,112,3.557700
ascii-16m,3,step,113,3.502700
ascii-16m,3,step,114,3.591700
ascii-16m,3,step,115,3.779100
ascii-16m,3,step,116,3.523000
ascii-16m,3,step,117,3.568700
ascii-16m,3,step,118,3.795400
ascii-16m,3,step,119,3.596000
ascii-16m,3,step,120,3.622700
ascii-16m,3,step,121,3.572400
ascii-16m,3,step,122,3.413600
ascii-16m,3,step,123,3.505100
ascii-16m,3,step,124,3.357700
ascii-16m,3,step,125,3.554100
ascii-16m,3,step,126,3.432800
ascii-16m,3,step,127,3.501100
ascii-16m,3,step,128,3.684400
ascii-16m,3,step,129,3.873000
ascii-16m,3,step,130,3.388800
ascii-16m,3,step,131,3.523500
ascii-16m,3,step,132,3.786200
ascii-16m,3,step,133,3.631200
ascii-16m,3,step,134,3.421200
ascii-16m,3,step,135,3.826900
ascii-16m,3,step,136,3.558600
ascii-16m,3,step,137,3.512600
ascii-16m,3,step,138,3.662600
ascii-16m,3,step,139,3.566700
ascii-16m,3,step,140,3.546100
ascii-16m,3,step,141,3.556700
ascii-16m,3,step,142,3.761500
ascii-16m,3,step,143,3.440600
ascii-16m,3,step,144,3.556700
ascii-16m,3,step,145,3.587800
ascii-16m,3,step,146,3.535200
ascii-16m,3,step,147,3.626600
ascii-16m,3,step,148,3.415100
ascii-16m,3,step,149,3.529200
ascii-16m,3,step,150,3.581300
ascii-16m,3,step,151,3.572000
ascii-16m,3,step,152,3.520100
ascii-16m,3,step,153,3.593000
ascii-16m,3,step,154,3.585000
ascii-16m,3,step,155,3.559900
ascii-16m,3,step,156,3.540700
ascii-16m,3,step,157,3.534300
ascii-16m,3,step,158,3.579000
ascii-16m,3,step,159,3.416500
ascii-16m,3,step,160,3.468700
ascii-16m,3,step,161,3.591300
ascii-16m,3,step,162,3.537200
ascii-16m,3,step,163,3.537500
ascii-16m,3,step,164,3.627500
ascii-16m,3,step,165,3.531600
ascii-16m,3,step,166,3.562800
ascii-16m,3,step,167,3.567300
ascii-16m,3,step,168,3.567900
ascii-16m,3,step,169,3.600900
ascii-16m,3,step,170,3.556300
ascii-16m,3,step,171,3.555600
ascii-16m,3,step,172,3.590600
ascii-16m,3,step,173,3.618700
ascii-16m,3,step,174,3.572700
ascii-16m,3,step,175,3.686000
ascii-16m,3,step,176,3.654200
ascii-16m,3,step,177,3.737900
ascii-16m,3,step,178,3.907100
ascii-16m,3,step,179,3.968700
ascii-16m,3,step,180,3.854200
ascii-16m,3,step,181,3.550900
ascii-16m,3,step,182,3.594300
ascii-16m,3,step,183,3.852400
ascii-16m,3,step,184,3.497900
ascii-16m,3,step,185,3.563200
ascii-16m,3,step,186,3.596500
ascii-16m,3,step,187,3.532600
ascii-16m,3,step,188,5.014900
ascii-16m,3,step,189,3.606700
ascii-16m,3,step,190,3.632300
ascii-16m,3,step,191,3.368600
ascii-16m,3,step,192,3.599800
ascii-16m,3,step,193,3.438000
ascii-16m,3,step,194,3.654300
ascii-16m,3,step,195,3.503700
ascii-16m,3,step,196,3.545700
ascii-16m,3,step,197,3.657300
ascii-16m,3,step,198,3.603700
ascii-16m,3,step,199,3.609900
ascii-16m,3,step,200,3.775300
ascii-16m,3,step,201,3.479200
ascii-16m,3,step,202,3.593900
ascii-16m,3,step,203,3.543500
ascii-16m,3,step,204,3.500400
ascii-16m,3,step,205,3.592200
ascii-16m,3,step,206,3.401800
ascii-16m,3,step,207,3.562400
ascii-16m,3,step,208,3.541900
ascii-16m,3,step,209,3.458200
ascii-16m,3,step,210,3.503900
ascii-16m,3,step,211,3.601100
ascii-16m,3,step,212,3.551800
ascii-16m,3,step,213,3.533100
ascii-16m,3,step,214,3.566000
ascii-16m,3,step,215,3.568200
ascii-16m,3,step,216,3.568300
ascii-16m,3,step,217,3.565800
ascii-16m,3,step,218,3.522700
ascii-16m,3,step,219,3.385000
ascii-16m,3,step,220,3.597300
ascii-16m,3,step,221,3.602400
ascii-16m,3,step,222,3.658100
ascii-16m,3,step,223,3.475500
ascii-16m,3,step,224,3.543800
ascii-16m,3,step,225,3.542500
ascii-16m,3,step,226,3.510600
ascii-16m,3,step,227,3.514100
ascii-16m,3,step,228,3.375700
ascii-16m,3,step,229,3.545700
ascii-16m,3,step,230,3.588300
ascii-16m,3,step,231,3.380600
ascii-16m,3,step,232,3.508400
ascii-16m,3,step,233,3.480500
ascii-16m,3,step,234,3.594600
ascii-16m,3,step,235,3.532000
ascii-16m,3,step,236,3.501500
ascii-16m,3,step,237,3.577600
ascii-16m,3,step,238,3.561400
ascii-16m,3,step,239,3.546000
ascii-16m,3,step,240,3.621900
ascii-16m,3,step,241,3.571100
ascii-16m,3,step,242,3.418800
ascii-16m,3,step,243,3.541100
ascii-16m,3,step,244,3.612100
ascii-16m,3,step,245,3.772400
ascii-16m,3,step,246,3.574500
ascii-16m,3,step,247,3.697400
ascii-16m,3,step,248,3.780200
ascii-16m,3,step,249,3.575700
ascii-16m,3,step,250,3.558700
ascii-16m,3,step,251,3.535500
ascii-16m,3,step,252,3.504700
ascii-16m,3,step,253,3.357200
ascii-16m,3,step,254,3.454100
ascii-16m,3,step,255,3.509700
ascii-16m,3,step,256,0.020500
ascii-16m,3,publish-frame,0,0.465800
ascii-16m,3,release,0,0.040300
ascii-16m,3,total,0,921.359100
ascii-16m,3,cancel-release,0,0.163200
ascii-16m,4,step,0,3.842100
ascii-16m,4,step,1,3.532600
ascii-16m,4,step,2,3.677800
ascii-16m,4,step,3,3.432500
ascii-16m,4,step,4,3.548000
ascii-16m,4,step,5,3.587000
ascii-16m,4,step,6,3.530100
ascii-16m,4,step,7,3.586100
ascii-16m,4,step,8,3.379800
ascii-16m,4,step,9,3.495100
ascii-16m,4,step,10,3.693700
ascii-16m,4,step,11,3.782600
ascii-16m,4,step,12,3.586300
ascii-16m,4,step,13,3.572700
ascii-16m,4,step,14,3.507600
ascii-16m,4,step,15,3.655900
ascii-16m,4,step,16,3.776300
ascii-16m,4,step,17,3.563300
ascii-16m,4,step,18,3.365000
ascii-16m,4,step,19,3.346700
ascii-16m,4,step,20,3.565400
ascii-16m,4,step,21,3.416800
ascii-16m,4,step,22,3.478900
ascii-16m,4,step,23,3.474900
ascii-16m,4,step,24,3.544900
ascii-16m,4,step,25,3.472700
ascii-16m,4,step,26,3.370800
ascii-16m,4,step,27,3.425200
ascii-16m,4,step,28,3.518600
ascii-16m,4,step,29,3.479100
ascii-16m,4,step,30,3.387400
ascii-16m,4,step,31,3.558800
ascii-16m,4,step,32,3.620000
ascii-16m,4,step,33,3.609900
ascii-16m,4,step,34,3.552100
ascii-16m,4,step,35,3.510100
ascii-16m,4,step,36,3.503600
ascii-16m,4,step,37,3.535600
ascii-16m,4,step,38,3.593200
ascii-16m,4,step,39,3.526000
ascii-16m,4,step,40,3.561100
ascii-16m,4,step,41,3.609900
ascii-16m,4,step,42,3.606400
ascii-16m,4,step,43,3.581200
ascii-16m,4,step,44,3.666000
ascii-16m,4,step,45,3.774400
ascii-16m,4,step,46,3.597400
ascii-16m,4,step,47,3.556300
ascii-16m,4,step,48,3.602100
ascii-16m,4,step,49,3.492200
ascii-16m,4,step,50,3.484700
ascii-16m,4,step,51,3.498600
ascii-16m,4,step,52,3.550200
ascii-16m,4,step,53,3.583400
ascii-16m,4,step,54,3.491000
ascii-16m,4,step,55,3.668600
ascii-16m,4,step,56,3.528100
ascii-16m,4,step,57,3.503300
ascii-16m,4,step,58,3.532100
ascii-16m,4,step,59,3.602700
ascii-16m,4,step,60,3.523900
ascii-16m,4,step,61,3.590100
ascii-16m,4,step,62,3.472700
ascii-16m,4,step,63,3.508700
ascii-16m,4,step,64,3.648500
ascii-16m,4,step,65,3.477400
ascii-16m,4,step,66,3.501600
ascii-16m,4,step,67,3.573100
ascii-16m,4,step,68,3.524900
ascii-16m,4,step,69,3.478000
ascii-16m,4,step,70,3.498100
ascii-16m,4,step,71,3.577500
ascii-16m,4,step,72,3.589700
ascii-16m,4,step,73,3.496300
ascii-16m,4,step,74,3.655000
ascii-16m,4,step,75,3.822200
ascii-16m,4,step,76,3.602200
ascii-16m,4,step,77,3.600100
ascii-16m,4,step,78,3.562400
ascii-16m,4,step,79,3.506500
ascii-16m,4,step,80,3.581500
ascii-16m,4,step,81,3.648500
ascii-16m,4,step,82,3.620300
ascii-16m,4,step,83,3.511100
ascii-16m,4,step,84,3.426300
ascii-16m,4,step,85,3.664900
ascii-16m,4,step,86,3.838200
ascii-16m,4,step,87,3.514300
ascii-16m,4,step,88,3.584200
ascii-16m,4,step,89,3.490900
ascii-16m,4,step,90,3.719500
ascii-16m,4,step,91,3.602700
ascii-16m,4,step,92,3.523200
ascii-16m,4,step,93,3.516000
ascii-16m,4,step,94,3.528600
ascii-16m,4,step,95,3.549900
ascii-16m,4,step,96,3.589800
ascii-16m,4,step,97,3.589100
ascii-16m,4,step,98,3.610300
ascii-16m,4,step,99,3.568900
ascii-16m,4,step,100,3.517300
ascii-16m,4,step,101,3.495400
ascii-16m,4,step,102,3.574500
ascii-16m,4,step,103,3.675300
ascii-16m,4,step,104,3.566100
ascii-16m,4,step,105,3.572300
ascii-16m,4,step,106,3.438100
ascii-16m,4,step,107,3.586700
ascii-16m,4,step,108,3.590200
ascii-16m,4,step,109,3.472600
ascii-16m,4,step,110,3.557600
ascii-16m,4,step,111,3.363600
ascii-16m,4,step,112,3.629600
ascii-16m,4,step,113,3.399100
ascii-16m,4,step,114,3.500200
ascii-16m,4,step,115,3.596000
ascii-16m,4,step,116,3.938300
ascii-16m,4,step,117,3.573600
ascii-16m,4,step,118,3.604200
ascii-16m,4,step,119,3.503900
ascii-16m,4,step,120,3.662500
ascii-16m,4,step,121,3.773100
ascii-16m,4,step,122,3.499300
ascii-16m,4,step,123,3.576500
ascii-16m,4,step,124,3.503800
ascii-16m,4,step,125,3.504800
ascii-16m,4,step,126,3.406600
ascii-16m,4,step,127,3.549200
ascii-16m,4,step,128,3.546500
ascii-16m,4,step,129,3.523000
ascii-16m,4,step,130,3.586500
ascii-16m,4,step,131,3.532100
ascii-16m,4,step,132,3.368600
ascii-16m,4,step,133,3.542800
ascii-16m,4,step,134,3.605400
ascii-16m,4,step,135,3.509100
ascii-16m,4,step,136,3.600600
ascii-16m,4,step,137,3.608100
ascii-16m,4,step,138,3.561300
ascii-16m,4,step,139,3.572900
ascii-16m,4,step,140,3.428600
ascii-16m,4,step,141,3.599100
ascii-16m,4,step,142,3.495900
ascii-16m,4,step,143,4.185900
ascii-16m,4,step,144,3.396600
ascii-16m,4,step,145,3.521400
ascii-16m,4,step,146,3.494500
ascii-16m,4,step,147,3.712400
ascii-16m,4,step,148,3.419700
ascii-16m,4,step,149,3.481200
ascii-16m,4,step,150,3.496300
ascii-16m,4,step,151,3.587700
ascii-16m,4,step,152,3.574200
ascii-16m,4,step,153,3.497600
ascii-16m,4,step,154,3.506200
ascii-16m,4,step,155,3.546000
ascii-16m,4,step,156,3.855100
ascii-16m,4,step,157,3.517800
ascii-16m,4,step,158,3.500200
ascii-16m,4,step,159,3.466700
ascii-16m,4,step,160,3.700400
ascii-16m,4,step,161,3.515600
ascii-16m,4,step,162,3.513400
ascii-16m,4,step,163,3.498100
ascii-16m,4,step,164,3.513500
ascii-16m,4,step,165,3.608100
ascii-16m,4,step,166,3.540300
ascii-16m,4,step,167,3.587600
ascii-16m,4,step,168,3.501600
ascii-16m,4,step,169,3.606800
ascii-16m,4,step,170,3.582000
ascii-16m,4,step,171,3.507200
ascii-16m,4,step,172,3.600900
ascii-16m,4,step,173,3.594600
ascii-16m,4,step,174,3.604700
ascii-16m,4,step,175,3.565900
ascii-16m,4,step,176,3.546100
ascii-16m,4,step,177,3.505100
ascii-16m,4,step,178,5.085600
ascii-16m,4,step,179,3.838100
ascii-16m,4,step,180,3.732500
ascii-16m,4,step,181,3.580000
ascii-16m,4,step,182,3.504400
ascii-16m,4,step,183,3.496200
ascii-16m,4,step,184,3.495400
ascii-16m,4,step,185,3.466400
ascii-16m,4,step,186,3.635000
ascii-16m,4,step,187,3.515800
ascii-16m,4,step,188,3.494900
ascii-16m,4,step,189,3.490500
ascii-16m,4,step,190,3.502600
ascii-16m,4,step,191,3.672000
ascii-16m,4,step,192,3.788500
ascii-16m,4,step,193,3.489200
ascii-16m,4,step,194,3.463700
ascii-16m,4,step,195,3.424200
ascii-16m,4,step,196,3.515700
ascii-16m,4,step,197,3.507700
ascii-16m,4,step,198,3.494600
ascii-16m,4,step,199,3.556900
ascii-16m,4,step,200,3.540600
ascii-16m,4,step,201,3.573500
ascii-16m,4,step,202,3.571200
ascii-16m,4,step,203,3.567600
ascii-16m,4,step,204,3.587600
ascii-16m,4,step,205,3.485100
ascii-16m,4,step,206,3.546800
ascii-16m,4,step,207,3.591800
ascii-16m,4,step,208,3.689400
ascii-16m,4,step,209,3.414400
ascii-16m,4,step,210,3.566300
ascii-16m,4,step,211,3.490700
ascii-16m,4,step,212,3.366500
ascii-16m,4,step,213,3.447100
ascii-16m,4,step,214,3.502600
ascii-16m,4,step,215,3.479000
ascii-16m,4,step,216,3.595900
ascii-16m,4,step,217,3.650900
ascii-16m,4,step,218,3.577300
ascii-16m,4,step,219,3.459200
ascii-16m,4,step,220,3.578500
ascii-16m,4,step,221,3.591200
ascii-16m,4,step,222,3.526100
ascii-16m,4,step,223,3.483300
ascii-16m,4,step,224,3.527200
ascii-16m,4,step,225,3.476200
ascii-16m,4,step,226,3.771400
ascii-16m,4,step,227,3.652700
ascii-16m,4,step,228,3.590200
ascii-16m,4,step,229,3.397900
ascii-16m,4,step,230,3.559800
ascii-16m,4,step,231,3.477800
ascii-16m,4,step,232,3.354700
ascii-16m,4,step,233,3.490500
ascii-16m,4,step,234,3.391200
ascii-16m,4,step,235,3.533600
ascii-16m,4,step,236,3.593700
ascii-16m,4,step,237,3.354300
ascii-16m,4,step,238,3.568300
ascii-16m,4,step,239,3.595500
ascii-16m,4,step,240,3.576000
ascii-16m,4,step,241,3.586400
ascii-16m,4,step,242,3.577200
ascii-16m,4,step,243,3.466400
ascii-16m,4,step,244,3.492900
ascii-16m,4,step,245,3.477800
ascii-16m,4,step,246,3.524700
ascii-16m,4,step,247,3.485400
ascii-16m,4,step,248,3.478400
ascii-16m,4,step,249,3.562500
ascii-16m,4,step,250,3.502500
ascii-16m,4,step,251,3.365000
ascii-16m,4,step,252,3.499100
ascii-16m,4,step,253,3.547600
ascii-16m,4,step,254,3.601700
ascii-16m,4,step,255,3.510400
ascii-16m,4,step,256,0.020500
ascii-16m,4,publish-frame,0,0.513000
ascii-16m,4,release,0,0.103700
ascii-16m,4,total,0,911.422100
ascii-16m,4,cancel-release,0,0.213800
controls-16m,0,step,0,4.054700
controls-16m,0,step,1,3.868200
controls-16m,0,step,2,4.018600
controls-16m,0,step,3,3.911000
controls-16m,0,step,4,3.761600
controls-16m,0,step,5,3.948200
controls-16m,0,step,6,3.928100
controls-16m,0,step,7,3.993300
controls-16m,0,step,8,4.193100
controls-16m,0,step,9,3.858900
controls-16m,0,step,10,3.926300
controls-16m,0,step,11,3.884300
controls-16m,0,step,12,3.755900
controls-16m,0,step,13,3.739000
controls-16m,0,step,14,3.850900
controls-16m,0,step,15,3.859400
controls-16m,0,step,16,3.918900
controls-16m,0,step,17,3.868800
controls-16m,0,step,18,4.225100
controls-16m,0,step,19,3.847800
controls-16m,0,step,20,3.871200
controls-16m,0,step,21,4.526100
controls-16m,0,step,22,3.790200
controls-16m,0,step,23,4.013800
controls-16m,0,step,24,3.804500
controls-16m,0,step,25,4.352000
controls-16m,0,step,26,4.217600
controls-16m,0,step,27,3.752000
controls-16m,0,step,28,3.870100
controls-16m,0,step,29,3.930700
controls-16m,0,step,30,3.785700
controls-16m,0,step,31,3.769100
controls-16m,0,step,32,3.896800
controls-16m,0,step,33,3.798000
controls-16m,0,step,34,3.740900
controls-16m,0,step,35,3.764200
controls-16m,0,step,36,3.745100
controls-16m,0,step,37,3.863700
controls-16m,0,step,38,3.860400
controls-16m,0,step,39,3.746700
controls-16m,0,step,40,3.774600
controls-16m,0,step,41,3.844100
controls-16m,0,step,42,3.892700
controls-16m,0,step,43,3.851200
controls-16m,0,step,44,4.037900
controls-16m,0,step,45,3.852400
controls-16m,0,step,46,3.868500
controls-16m,0,step,47,3.867500
controls-16m,0,step,48,3.900900
controls-16m,0,step,49,3.846900
controls-16m,0,step,50,3.811200
controls-16m,0,step,51,3.766000
controls-16m,0,step,52,3.878100
controls-16m,0,step,53,3.864800
controls-16m,0,step,54,3.861800
controls-16m,0,step,55,3.857000
controls-16m,0,step,56,3.871000
controls-16m,0,step,57,3.876800
controls-16m,0,step,58,3.884400
controls-16m,0,step,59,3.866700
controls-16m,0,step,60,3.868200
controls-16m,0,step,61,3.885300
controls-16m,0,step,62,3.977600
controls-16m,0,step,63,4.269900
controls-16m,0,step,64,3.884100
controls-16m,0,step,65,3.882600
controls-16m,0,step,66,3.948000
controls-16m,0,step,67,3.878300
controls-16m,0,step,68,3.767100
controls-16m,0,step,69,3.865200
controls-16m,0,step,70,3.856600
controls-16m,0,step,71,3.869800
controls-16m,0,step,72,3.858200
controls-16m,0,step,73,3.864000
controls-16m,0,step,74,3.955100
controls-16m,0,step,75,3.849400
controls-16m,0,step,76,3.886300
controls-16m,0,step,77,3.872800
controls-16m,0,step,78,4.011600
controls-16m,0,step,79,3.868600
controls-16m,0,step,80,4.003100
controls-16m,0,step,81,4.262300
controls-16m,0,step,82,3.969500
controls-16m,0,step,83,3.874900
controls-16m,0,step,84,3.739900
controls-16m,0,step,85,3.862200
controls-16m,0,step,86,3.882900
controls-16m,0,step,87,3.873400
controls-16m,0,step,88,3.875200
controls-16m,0,step,89,3.871800
controls-16m,0,step,90,3.905700
controls-16m,0,step,91,3.849100
controls-16m,0,step,92,3.847000
controls-16m,0,step,93,3.767300
controls-16m,0,step,94,3.856100
controls-16m,0,step,95,3.866200
controls-16m,0,step,96,3.878600
controls-16m,0,step,97,3.846100
controls-16m,0,step,98,4.022800
controls-16m,0,step,99,4.042900
controls-16m,0,step,100,3.849700
controls-16m,0,step,101,3.851300
controls-16m,0,step,102,3.939000
controls-16m,0,step,103,3.865300
controls-16m,0,step,104,3.858200
controls-16m,0,step,105,3.857800
controls-16m,0,step,106,3.850800
controls-16m,0,step,107,3.860400
controls-16m,0,step,108,3.738900
controls-16m,0,step,109,3.840100
controls-16m,0,step,110,3.890000
controls-16m,0,step,111,3.869300
controls-16m,0,step,112,3.907800
controls-16m,0,step,113,3.872700
controls-16m,0,step,114,3.910100
controls-16m,0,step,115,3.849200
controls-16m,0,step,116,3.853900
controls-16m,0,step,117,3.964600
controls-16m,0,step,118,4.204700
controls-16m,0,step,119,3.870700
controls-16m,0,step,120,3.870000
controls-16m,0,step,121,3.854900
controls-16m,0,step,122,3.893300
controls-16m,0,step,123,3.855500
controls-16m,0,step,124,3.860300
controls-16m,0,step,125,3.743100
controls-16m,0,step,126,3.939500
controls-16m,0,step,127,3.841100
controls-16m,0,step,128,3.903800
controls-16m,0,step,129,3.861200
controls-16m,0,step,130,3.968400
controls-16m,0,step,131,3.868300
controls-16m,0,step,132,3.856900
controls-16m,0,step,133,3.853400
controls-16m,0,step,134,4.050300
controls-16m,0,step,135,3.971300
controls-16m,0,step,136,4.184100
controls-16m,0,step,137,3.845800
controls-16m,0,step,138,3.920800
controls-16m,0,step,139,3.860900
controls-16m,0,step,140,3.867800
controls-16m,0,step,141,3.732000
controls-16m,0,step,142,4.038800
controls-16m,0,step,143,3.891300
controls-16m,0,step,144,3.901000
controls-16m,0,step,145,3.837800
controls-16m,0,step,146,3.822600
controls-16m,0,step,147,3.865500
controls-16m,0,step,148,3.757200
controls-16m,0,step,149,3.861300
controls-16m,0,step,150,3.936000
controls-16m,0,step,151,3.862000
controls-16m,0,step,152,3.863000
controls-16m,0,step,153,3.889900
controls-16m,0,step,154,5.068200
controls-16m,0,step,155,3.906300
controls-16m,0,step,156,3.883000
controls-16m,0,step,157,3.871400
controls-16m,0,step,158,3.876700
controls-16m,0,step,159,3.883900
controls-16m,0,step,160,3.867800
controls-16m,0,step,161,3.741400
controls-16m,0,step,162,3.896200
controls-16m,0,step,163,3.846700
controls-16m,0,step,164,3.854000
controls-16m,0,step,165,3.854900
controls-16m,0,step,166,3.878700
controls-16m,0,step,167,3.775200
controls-16m,0,step,168,3.859600
controls-16m,0,step,169,3.728800
controls-16m,0,step,170,3.890000
controls-16m,0,step,171,3.845800
controls-16m,0,step,172,3.814700
controls-16m,0,step,173,4.165900
controls-16m,0,step,174,3.888000
controls-16m,0,step,175,3.859400
controls-16m,0,step,176,3.898400
controls-16m,0,step,177,3.847000
controls-16m,0,step,178,3.883600
controls-16m,0,step,179,3.855800
controls-16m,0,step,180,3.732300
controls-16m,0,step,181,3.725700
controls-16m,0,step,182,3.886600
controls-16m,0,step,183,3.731400
controls-16m,0,step,184,3.734100
controls-16m,0,step,185,3.995900
controls-16m,0,step,186,4.416600
controls-16m,0,step,187,4.497000
controls-16m,0,step,188,3.752700
controls-16m,0,step,189,3.853200
controls-16m,0,step,190,3.904100
controls-16m,0,step,191,3.849400
controls-16m,0,step,192,3.894500
controls-16m,0,step,193,3.861200
controls-16m,0,step,194,3.928700
controls-16m,0,step,195,3.864700
controls-16m,0,step,196,3.874000
controls-16m,0,step,197,3.850000
controls-16m,0,step,198,3.961800
controls-16m,0,step,199,3.752700
controls-16m,0,step,200,3.871100
controls-16m,0,step,201,3.742300
controls-16m,0,step,202,3.900900
controls-16m,0,step,203,3.851000
controls-16m,0,step,204,3.881600
controls-16m,0,step,205,3.866200
controls-16m,0,step,206,3.886000
controls-16m,0,step,207,3.849000
controls-16m,0,step,208,3.885100
controls-16m,0,step,209,4.175500
controls-16m,0,step,210,3.900100
controls-16m,0,step,211,3.861400
controls-16m,0,step,212,3.803300
controls-16m,0,step,213,3.855900
controls-16m,0,step,214,3.879300
controls-16m,0,step,215,3.773300
controls-16m,0,step,216,3.866700
controls-16m,0,step,217,3.860500
controls-16m,0,step,218,3.985000
controls-16m,0,step,219,3.771900
controls-16m,0,step,220,3.872100
controls-16m,0,step,221,3.873400
controls-16m,0,step,222,3.929900
controls-16m,0,step,223,3.857900
controls-16m,0,step,224,4.006300
controls-16m,0,step,225,3.755500
controls-16m,0,step,226,3.950800
controls-16m,0,step,227,3.842000
controls-16m,0,step,228,3.858600
controls-16m,0,step,229,3.874100
controls-16m,0,step,230,3.794100
controls-16m,0,step,231,3.859400
controls-16m,0,step,232,3.854300
controls-16m,0,step,233,3.844200
controls-16m,0,step,234,3.930600
controls-16m,0,step,235,3.850400
controls-16m,0,step,236,3.867400
controls-16m,0,step,237,3.866900
controls-16m,0,step,238,3.809500
controls-16m,0,step,239,3.746400
controls-16m,0,step,240,3.855600
controls-16m,0,step,241,3.856800
controls-16m,0,step,242,3.840400
controls-16m,0,step,243,3.885600
controls-16m,0,step,244,3.873400
controls-16m,0,step,245,3.966100
controls-16m,0,step,246,4.216800
controls-16m,0,step,247,3.857500
controls-16m,0,step,248,3.857200
controls-16m,0,step,249,3.861100
controls-16m,0,step,250,3.880600
controls-16m,0,step,251,3.906900
controls-16m,0,step,252,3.884700
controls-16m,0,step,253,3.844300
controls-16m,0,step,254,3.854400
controls-16m,0,step,255,3.925500
controls-16m,0,step,256,0.032700
controls-16m,0,publish-frame,0,0.233800
controls-16m,0,release,0,0.038500
controls-16m,0,total,0,997.046800
controls-16m,0,cancel-release,0,0.263300
controls-16m,1,step,0,4.175100
controls-16m,1,step,1,3.859900
controls-16m,1,step,2,3.920400
controls-16m,1,step,3,3.889100
controls-16m,1,step,4,3.857500
controls-16m,1,step,5,3.926800
controls-16m,1,step,6,3.909600
controls-16m,1,step,7,3.844300
controls-16m,1,step,8,3.850800
controls-16m,1,step,9,3.847800
controls-16m,1,step,10,3.797400
controls-16m,1,step,11,3.860500
controls-16m,1,step,12,3.859900
controls-16m,1,step,13,3.758600
controls-16m,1,step,14,3.883400
controls-16m,1,step,15,3.729900
controls-16m,1,step,16,3.851300
controls-16m,1,step,17,3.848000
controls-16m,1,step,18,3.900000
controls-16m,1,step,19,3.783900
controls-16m,1,step,20,3.754700
controls-16m,1,step,21,3.876100
controls-16m,1,step,22,3.787800
controls-16m,1,step,23,3.738200
controls-16m,1,step,24,3.848000
controls-16m,1,step,25,3.740400
controls-16m,1,step,26,3.923500
controls-16m,1,step,27,3.860700
controls-16m,1,step,28,3.768000
controls-16m,1,step,29,3.853200
controls-16m,1,step,30,3.886600
controls-16m,1,step,31,3.864900
controls-16m,1,step,32,3.800600
controls-16m,1,step,33,3.850900
controls-16m,1,step,34,3.850800
controls-16m,1,step,35,3.899000
controls-16m,1,step,36,3.867500
controls-16m,1,step,37,3.852600
controls-16m,1,step,38,3.853200
controls-16m,1,step,39,3.824500
controls-16m,1,step,40,3.854800
controls-16m,1,step,41,3.857800
controls-16m,1,step,42,3.878600
controls-16m,1,step,43,3.907400
controls-16m,1,step,44,3.942800
controls-16m,1,step,45,4.202000
controls-16m,1,step,46,3.902100
controls-16m,1,step,47,3.945700
controls-16m,1,step,48,3.779600
controls-16m,1,step,49,3.857100
controls-16m,1,step,50,3.837600
controls-16m,1,step,51,3.823300
controls-16m,1,step,52,3.869800
controls-16m,1,step,53,3.840000
controls-16m,1,step,54,3.857100
controls-16m,1,step,55,3.942800
controls-16m,1,step,56,3.885800
controls-16m,1,step,57,3.887200
controls-16m,1,step,58,3.853200
controls-16m,1,step,59,3.980900
controls-16m,1,step,60,3.875800
controls-16m,1,step,61,3.763800
controls-16m,1,step,62,3.893200
controls-16m,1,step,63,3.920200
controls-16m,1,step,64,3.884200
controls-16m,1,step,65,3.859000
controls-16m,1,step,66,3.794800
controls-16m,1,step,67,3.942600
controls-16m,1,step,68,3.859500
controls-16m,1,step,69,3.862800
controls-16m,1,step,70,3.833700
controls-16m,1,step,71,3.893800
controls-16m,1,step,72,3.871600
controls-16m,1,step,73,3.878600
controls-16m,1,step,74,3.832000
controls-16m,1,step,75,3.848800
controls-16m,1,step,76,3.730900
controls-16m,1,step,77,3.875900
controls-16m,1,step,78,3.833000
controls-16m,1,step,79,3.813700
controls-16m,1,step,80,3.880700
controls-16m,1,step,81,3.783100
controls-16m,1,step,82,3.852400
controls-16m,1,step,83,3.863600
controls-16m,1,step,84,3.889000
controls-16m,1,step,85,3.860400
controls-16m,1,step,86,3.785300
controls-16m,1,step,87,3.937500
controls-16m,1,step,88,3.874300
controls-16m,1,step,89,3.864500
controls-16m,1,step,90,3.741700
controls-16m,1,step,91,3.880600
controls-16m,1,step,92,3.789200
controls-16m,1,step,93,3.842400
controls-16m,1,step,94,3.860500
controls-16m,1,step,95,3.885700
controls-16m,1,step,96,3.892300
controls-16m,1,step,97,3.845300
controls-16m,1,step,98,3.848400
controls-16m,1,step,99,3.751200
controls-16m,1,step,100,3.850700
controls-16m,1,step,101,3.850200
controls-16m,1,step,102,3.855700
controls-16m,1,step,103,3.901300
controls-16m,1,step,104,3.836100
controls-16m,1,step,105,3.834200
controls-16m,1,step,106,3.769700
controls-16m,1,step,107,3.900200
controls-16m,1,step,108,3.742200
controls-16m,1,step,109,3.738400
controls-16m,1,step,110,3.867300
controls-16m,1,step,111,3.905000
controls-16m,1,step,112,3.929900
controls-16m,1,step,113,3.864200
controls-16m,1,step,114,3.840800
controls-16m,1,step,115,3.904400
controls-16m,1,step,116,3.843100
controls-16m,1,step,117,3.953400
controls-16m,1,step,118,4.197000
controls-16m,1,step,119,3.932800
controls-16m,1,step,120,3.739500
controls-16m,1,step,121,3.848200
controls-16m,1,step,122,3.726200
controls-16m,1,step,123,3.835000
controls-16m,1,step,124,4.220300
controls-16m,1,step,125,3.888700
controls-16m,1,step,126,3.851200
controls-16m,1,step,127,3.951400
controls-16m,1,step,128,3.854400
controls-16m,1,step,129,3.846400
controls-16m,1,step,130,3.726700
controls-16m,1,step,131,3.775800
controls-16m,1,step,132,3.829900
controls-16m,1,step,133,3.765000
controls-16m,1,step,134,3.743000
controls-16m,1,step,135,3.836600
controls-16m,1,step,136,3.924300
controls-16m,1,step,137,3.869100
controls-16m,1,step,138,3.861500
controls-16m,1,step,139,3.854100
controls-16m,1,step,140,3.927600
controls-16m,1,step,141,3.854200
controls-16m,1,step,142,3.745200
controls-16m,1,step,143,3.863900
controls-16m,1,step,144,3.964400
controls-16m,1,step,145,3.742100
controls-16m,1,step,146,3.735900
controls-16m,1,step,147,3.880200
controls-16m,1,step,148,3.926500
controls-16m,1,step,149,3.870200
controls-16m,1,step,150,3.875400
controls-16m,1,step,151,3.728000
controls-16m,1,step,152,3.898900
controls-16m,1,step,153,3.877300
controls-16m,1,step,154,3.869200
controls-16m,1,step,155,3.861400
controls-16m,1,step,156,3.959100
controls-16m,1,step,157,3.727400
controls-16m,1,step,158,3.858400
controls-16m,1,step,159,3.760600
controls-16m,1,step,160,3.849300
controls-16m,1,step,161,3.765800
controls-16m,1,step,162,3.731100
controls-16m,1,step,163,3.742400
controls-16m,1,step,164,3.899700
controls-16m,1,step,165,3.721100
controls-16m,1,step,166,3.844000
controls-16m,1,step,167,3.726600
controls-16m,1,step,168,3.923400
controls-16m,1,step,169,3.846900
controls-16m,1,step,170,3.830500
controls-16m,1,step,171,3.837900
controls-16m,1,step,172,4.026100
controls-16m,1,step,173,3.742300
controls-16m,1,step,174,3.862800
controls-16m,1,step,175,3.862400
controls-16m,1,step,176,3.939000
controls-16m,1,step,177,3.850300
controls-16m,1,step,178,3.833700
controls-16m,1,step,179,3.869500
controls-16m,1,step,180,3.883900
controls-16m,1,step,181,3.850900
controls-16m,1,step,182,3.856600
controls-16m,1,step,183,3.862500
controls-16m,1,step,184,3.923900
controls-16m,1,step,185,3.855700
controls-16m,1,step,186,3.845100
controls-16m,1,step,187,3.867800
controls-16m,1,step,188,3.866900
controls-16m,1,step,189,3.874800
controls-16m,1,step,190,3.843500
controls-16m,1,step,191,3.858300
controls-16m,1,step,192,3.959200
controls-16m,1,step,193,3.863900
controls-16m,1,step,194,3.862300
controls-16m,1,step,195,3.873800
controls-16m,1,step,196,3.874900
controls-16m,1,step,197,3.842300
controls-16m,1,step,198,3.863600
controls-16m,1,step,199,3.829200
controls-16m,1,step,200,3.879900
controls-16m,1,step,201,3.922500
controls-16m,1,step,202,3.863300
controls-16m,1,step,203,3.859500
controls-16m,1,step,204,3.871600
controls-16m,1,step,205,3.855700
controls-16m,1,step,206,3.742500
controls-16m,1,step,207,3.831700
controls-16m,1,step,208,3.898400
controls-16m,1,step,209,3.884300
controls-16m,1,step,210,3.823100
controls-16m,1,step,211,3.858400
controls-16m,1,step,212,3.852200
controls-16m,1,step,213,3.884000
controls-16m,1,step,214,3.768900
controls-16m,1,step,215,3.783800
controls-16m,1,step,216,3.869900
controls-16m,1,step,217,3.981900
controls-16m,1,step,218,3.752200
controls-16m,1,step,219,3.885200
controls-16m,1,step,220,3.898200
controls-16m,1,step,221,3.936200
controls-16m,1,step,222,3.737100
controls-16m,1,step,223,3.853100
controls-16m,1,step,224,3.906500
controls-16m,1,step,225,3.835200
controls-16m,1,step,226,3.860000
controls-16m,1,step,227,3.866700
controls-16m,1,step,228,3.751900
controls-16m,1,step,229,3.920300
controls-16m,1,step,230,3.872100
controls-16m,1,step,231,3.847000
controls-16m,1,step,232,3.852500
controls-16m,1,step,233,3.861300
controls-16m,1,step,234,3.855800
controls-16m,1,step,235,3.870600
controls-16m,1,step,236,3.884100
controls-16m,1,step,237,3.906500
controls-16m,1,step,238,3.850900
controls-16m,1,step,239,3.861100
controls-16m,1,step,240,3.913100
controls-16m,1,step,241,3.921100
controls-16m,1,step,242,3.755200
controls-16m,1,step,243,3.744000
controls-16m,1,step,244,3.850600
controls-16m,1,step,245,3.955200
controls-16m,1,step,246,3.865600
controls-16m,1,step,247,3.863600
controls-16m,1,step,248,4.038200
controls-16m,1,step,249,3.943400
controls-16m,1,step,250,3.875300
controls-16m,1,step,251,3.879200
controls-16m,1,step,252,3.865600
controls-16m,1,step,253,3.955200
controls-16m,1,step,254,3.795000
controls-16m,1,step,255,3.871400
controls-16m,1,step,256,0.022300
controls-16m,1,publish-frame,0,0.229800
controls-16m,1,release,0,0.039600
controls-16m,1,total,0,988.118400
controls-16m,1,cancel-release,0,0.094800
controls-16m,2,step,0,3.871500
controls-16m,2,step,1,3.763200
controls-16m,2,step,2,3.829200
controls-16m,2,step,3,3.846600
controls-16m,2,step,4,3.827300
controls-16m,2,step,5,3.830100
controls-16m,2,step,6,3.874000
controls-16m,2,step,7,3.845500
controls-16m,2,step,8,3.849800
controls-16m,2,step,9,3.877900
controls-16m,2,step,10,3.711200
controls-16m,2,step,11,3.832400
controls-16m,2,step,12,3.837400
controls-16m,2,step,13,3.906400
controls-16m,2,step,14,3.831800
controls-16m,2,step,15,3.708500
controls-16m,2,step,16,3.855300
controls-16m,2,step,17,4.021000
controls-16m,2,step,18,3.714700
controls-16m,2,step,19,3.775700
controls-16m,2,step,20,3.764400
controls-16m,2,step,21,3.905000
controls-16m,2,step,22,3.752000
controls-16m,2,step,23,3.720700
controls-16m,2,step,24,3.847900
controls-16m,2,step,25,3.864900
controls-16m,2,step,26,3.854900
controls-16m,2,step,27,3.845800
controls-16m,2,step,28,3.743200
controls-16m,2,step,29,3.873100
controls-16m,2,step,30,3.797300
controls-16m,2,step,31,3.785500
controls-16m,2,step,32,3.903000
controls-16m,2,step,33,3.753300
controls-16m,2,step,34,3.812300
controls-16m,2,step,35,3.749600
controls-16m,2,step,36,3.877200
controls-16m,2,step,37,3.849000
controls-16m,2,step,38,3.900300
controls-16m,2,step,39,3.877200
controls-16m,2,step,40,3.868100
controls-16m,2,step,41,3.873300
controls-16m,2,step,42,3.942400
controls-16m,2,step,43,3.869700
controls-16m,2,step,44,3.753000
controls-16m,2,step,45,3.854700
controls-16m,2,step,46,3.946800
controls-16m,2,step,47,3.868400
controls-16m,2,step,48,3.886800
controls-16m,2,step,49,3.870400
controls-16m,2,step,50,3.979700
controls-16m,2,step,51,3.893700
controls-16m,2,step,52,3.890700
controls-16m,2,step,53,3.869400
controls-16m,2,step,54,3.910300
controls-16m,2,step,55,3.864400
controls-16m,2,step,56,3.882800
controls-16m,2,step,57,3.891900
controls-16m,2,step,58,3.966200
controls-16m,2,step,59,3.751200
controls-16m,2,step,60,3.885400
controls-16m,2,step,61,3.882200
controls-16m,2,step,62,3.907000
controls-16m,2,step,63,3.885300
controls-16m,2,step,64,3.913100
controls-16m,2,step,65,3.877200
controls-16m,2,step,66,3.895800
controls-16m,2,step,67,3.879600
controls-16m,2,step,68,3.869000
controls-16m,2,step,69,3.885500
controls-16m,2,step,70,3.945000
controls-16m,2,step,71,3.886600
controls-16m,2,step,72,3.903200
controls-16m,2,step,73,3.864700
controls-16m,2,step,74,3.941700
controls-16m,2,step,75,3.859200
controls-16m,2,step,76,3.894200
controls-16m,2,step,77,3.860000
controls-16m,2,step,78,3.941800
controls-16m,2,step,79,3.876500
controls-16m,2,step,80,3.905100
controls-16m,2,step,81,3.891000
controls-16m,2,step,82,3.983800
controls-16m,2,step,83,3.899800
controls-16m,2,step,84,3.881600
controls-16m,2,step,85,4.013000
controls-16m,2,step,86,3.980700
controls-16m,2,step,87,3.881000
controls-16m,2,step,88,3.888400
controls-16m,2,step,89,3.867600
controls-16m,2,step,90,3.950700
controls-16m,2,step,91,3.867700
controls-16m,2,step,92,3.872500
controls-16m,2,step,93,3.870900
controls-16m,2,step,94,4.333400
controls-16m,2,step,95,3.888700
controls-16m,2,step,96,3.921600
controls-16m,2,step,97,3.786100
controls-16m,2,step,98,3.911000
controls-16m,2,step,99,3.743800
controls-16m,2,step,100,3.858900
controls-16m,2,step,101,3.852200
controls-16m,2,step,102,3.998100
controls-16m,2,step,103,3.887500
controls-16m,2,step,104,3.877500
controls-16m,2,step,105,3.862700
controls-16m,2,step,106,3.853600
controls-16m,2,step,107,3.749600
controls-16m,2,step,108,3.864700
controls-16m,2,step,109,3.755800
controls-16m,2,step,110,4.040700
controls-16m,2,step,111,3.775100
controls-16m,2,step,112,3.924300
controls-16m,2,step,113,3.868400
controls-16m,2,step,114,3.969600
controls-16m,2,step,115,3.864500
controls-16m,2,step,116,3.888100
controls-16m,2,step,117,3.777600
controls-16m,2,step,118,3.996700
controls-16m,2,step,119,3.811900
controls-16m,2,step,120,3.869400
controls-16m,2,step,121,3.871400
controls-16m,2,step,122,3.800400
controls-16m,2,step,123,3.877800
controls-16m,2,step,124,3.749100
controls-16m,2,step,125,3.857200
controls-16m,2,step,126,4.044300
controls-16m,2,step,127,3.857400
controls-16m,2,step,128,3.796500
controls-16m,2,step,129,3.853700
controls-16m,2,step,130,3.870200
controls-16m,2,step,131,3.738300
controls-16m,2,step,132,3.879800
controls-16m,2,step,133,3.874000
controls-16m,2,step,134,3.957800
controls-16m,2,step,135,3.780200
controls-16m,2,step,136,3.762500
controls-16m,2,step,137,3.765000
controls-16m,2,step,138,3.878800
controls-16m,2,step,139,3.980100
controls-16m,2,step,140,3.745100
controls-16m,2,step,141,3.859900
controls-16m,2,step,142,3.778200
controls-16m,2,step,143,3.857000
controls-16m,2,step,144,3.792500
controls-16m,2,step,145,3.830900
controls-16m,2,step,146,3.857100
controls-16m,2,step,147,3.916500
controls-16m,2,step,148,3.868500
controls-16m,2,step,149,3.872900
controls-16m,2,step,150,3.855400
controls-16m,2,step,151,3.914000
controls-16m,2,step,152,3.847200
controls-16m,2,step,153,3.870400
controls-16m,2,step,154,3.769600
controls-16m,2,step,155,3.855000
controls-16m,2,step,156,3.848500
controls-16m,2,step,157,3.857800
controls-16m,2,step,158,3.782200
controls-16m,2,step,159,3.904200
controls-16m,2,step,160,3.816200
controls-16m,2,step,161,3.856700
controls-16m,2,step,162,3.963900
controls-16m,2,step,163,4.213300
controls-16m,2,step,164,3.936300
controls-16m,2,step,165,3.865700
controls-16m,2,step,166,3.850600
controls-16m,2,step,167,3.779800
controls-16m,2,step,168,3.866400
controls-16m,2,step,169,3.876500
controls-16m,2,step,170,3.730800
controls-16m,2,step,171,3.787700
controls-16m,2,step,172,3.866100
controls-16m,2,step,173,3.877800
controls-16m,2,step,174,3.876500
controls-16m,2,step,175,3.907400
controls-16m,2,step,176,3.911700
controls-16m,2,step,177,3.743300
controls-16m,2,step,178,3.864100
controls-16m,2,step,179,3.938400
controls-16m,2,step,180,3.881400
controls-16m,2,step,181,3.744100
controls-16m,2,step,182,3.870700
controls-16m,2,step,183,3.974900
controls-16m,2,step,184,3.903000
controls-16m,2,step,185,3.868300
controls-16m,2,step,186,3.868200
controls-16m,2,step,187,4.005900
controls-16m,2,step,188,3.840500
controls-16m,2,step,189,3.850700
controls-16m,2,step,190,3.855600
controls-16m,2,step,191,3.983300
controls-16m,2,step,192,3.928000
controls-16m,2,step,193,3.877500
controls-16m,2,step,194,3.883000
controls-16m,2,step,195,3.948200
controls-16m,2,step,196,3.874100
controls-16m,2,step,197,3.876000
controls-16m,2,step,198,3.866300
controls-16m,2,step,199,3.955700
controls-16m,2,step,200,3.899500
controls-16m,2,step,201,3.850800
controls-16m,2,step,202,3.859200
controls-16m,2,step,203,3.908400
controls-16m,2,step,204,3.870200
controls-16m,2,step,205,3.888900
controls-16m,2,step,206,3.858000
controls-16m,2,step,207,3.909000
controls-16m,2,step,208,3.803100
controls-16m,2,step,209,3.882900
controls-16m,2,step,210,3.886500
controls-16m,2,step,211,3.930200
controls-16m,2,step,212,3.886900
controls-16m,2,step,213,3.881100
controls-16m,2,step,214,3.879600
controls-16m,2,step,215,3.973300
controls-16m,2,step,216,3.872100
controls-16m,2,step,217,3.870700
controls-16m,2,step,218,3.851900
controls-16m,2,step,219,3.927800
controls-16m,2,step,220,3.881700
controls-16m,2,step,221,3.872700
controls-16m,2,step,222,3.867700
controls-16m,2,step,223,3.918700
controls-16m,2,step,224,3.930200
controls-16m,2,step,225,3.902800
controls-16m,2,step,226,3.907100
controls-16m,2,step,227,3.949900
controls-16m,2,step,228,3.858400
controls-16m,2,step,229,3.890100
controls-16m,2,step,230,3.890000
controls-16m,2,step,231,3.944100
controls-16m,2,step,232,3.879200
controls-16m,2,step,233,3.876900
controls-16m,2,step,234,3.862400
controls-16m,2,step,235,3.983300
controls-16m,2,step,236,3.901000
controls-16m,2,step,237,3.862800
controls-16m,2,step,238,3.850100
controls-16m,2,step,239,3.966400
controls-16m,2,step,240,3.929900
controls-16m,2,step,241,3.883100
controls-16m,2,step,242,3.875100
controls-16m,2,step,243,3.988400
controls-16m,2,step,244,3.870100
controls-16m,2,step,245,3.892300
controls-16m,2,step,246,3.883000
controls-16m,2,step,247,4.115500
controls-16m,2,step,248,3.881100
controls-16m,2,step,249,3.795800
controls-16m,2,step,250,3.874000
controls-16m,2,step,251,4.000700
controls-16m,2,step,252,3.754800
controls-16m,2,step,253,3.730400
controls-16m,2,step,254,3.859500
controls-16m,2,step,255,3.804900
controls-16m,2,step,256,0.029400
controls-16m,2,publish-frame,0,0.270800
controls-16m,2,release,0,0.038800
controls-16m,2,total,0,991.907800
controls-16m,2,cancel-release,0,0.233000
controls-16m,3,step,0,4.248000
controls-16m,3,step,1,3.863600
controls-16m,3,step,2,3.899200
controls-16m,3,step,3,3.864000
controls-16m,3,step,4,3.980400
controls-16m,3,step,5,3.948600
controls-16m,3,step,6,3.883500
controls-16m,3,step,7,3.930400
controls-16m,3,step,8,3.925500
controls-16m,3,step,9,3.877300
controls-16m,3,step,10,3.815000
controls-16m,3,step,11,3.890700
controls-16m,3,step,12,3.939800
controls-16m,3,step,13,3.879600
controls-16m,3,step,14,3.761800
controls-16m,3,step,15,3.775500
controls-16m,3,step,16,3.847500
controls-16m,3,step,17,3.797100
controls-16m,3,step,18,3.768600
controls-16m,3,step,19,3.857200
controls-16m,3,step,20,3.950500
controls-16m,3,step,21,3.788300
controls-16m,3,step,22,3.872500
controls-16m,3,step,23,3.876600
controls-16m,3,step,24,3.918900
controls-16m,3,step,25,3.762100
controls-16m,3,step,26,3.840900
controls-16m,3,step,27,3.860600
controls-16m,3,step,28,3.938200
controls-16m,3,step,29,3.855700
controls-16m,3,step,30,3.885100
controls-16m,3,step,31,3.771700
controls-16m,3,step,32,4.026800
controls-16m,3,step,33,3.886100
controls-16m,3,step,34,3.880700
controls-16m,3,step,35,3.869100
controls-16m,3,step,36,3.964300
controls-16m,3,step,37,3.863500
controls-16m,3,step,38,3.855400
controls-16m,3,step,39,3.882200
controls-16m,3,step,40,3.886900
controls-16m,3,step,41,3.911300
controls-16m,3,step,42,3.903900
controls-16m,3,step,43,3.741500
controls-16m,3,step,44,3.989800
controls-16m,3,step,45,3.764600
controls-16m,3,step,46,3.891100
controls-16m,3,step,47,3.880300
controls-16m,3,step,48,3.927200
controls-16m,3,step,49,3.849400
controls-16m,3,step,50,3.867400
controls-16m,3,step,51,3.866700
controls-16m,3,step,52,3.878300
controls-16m,3,step,53,3.868300
controls-16m,3,step,54,3.884900
controls-16m,3,step,55,3.874100
controls-16m,3,step,56,3.931500
controls-16m,3,step,57,3.869200
controls-16m,3,step,58,3.896800
controls-16m,3,step,59,3.861700
controls-16m,3,step,60,3.896900
controls-16m,3,step,61,3.850400
controls-16m,3,step,62,3.845700
controls-16m,3,step,63,3.856600
controls-16m,3,step,64,5.412100
controls-16m,3,step,65,4.304500
controls-16m,3,step,66,3.773600
controls-16m,3,step,67,3.736800
controls-16m,3,step,68,3.859000
controls-16m,3,step,69,3.849000
controls-16m,3,step,70,3.736200
controls-16m,3,step,71,3.762700
controls-16m,3,step,72,3.850100
controls-16m,3,step,73,3.863600
controls-16m,3,step,74,3.859000
controls-16m,3,step,75,3.851300
controls-16m,3,step,76,3.929900
controls-16m,3,step,77,3.829300
controls-16m,3,step,78,3.858600
controls-16m,3,step,79,3.852100
controls-16m,3,step,80,3.914600
controls-16m,3,step,81,3.767200
controls-16m,3,step,82,3.864500
controls-16m,3,step,83,3.745900
controls-16m,3,step,84,3.915800
controls-16m,3,step,85,3.801100
controls-16m,3,step,86,3.858500
controls-16m,3,step,87,3.869300
controls-16m,3,step,88,3.910400
controls-16m,3,step,89,3.850900
controls-16m,3,step,90,3.859800
controls-16m,3,step,91,3.870000
controls-16m,3,step,92,3.824000
controls-16m,3,step,93,3.858100
controls-16m,3,step,94,3.747800
controls-16m,3,step,95,3.861900
controls-16m,3,step,96,3.914200
controls-16m,3,step,97,3.874900
controls-16m,3,step,98,3.791400
controls-16m,3,step,99,3.738300
controls-16m,3,step,100,4.066300
controls-16m,3,step,101,3.734500
controls-16m,3,step,102,3.747800
controls-16m,3,step,103,3.734300
controls-16m,3,step,104,3.883200
controls-16m,3,step,105,3.843200
controls-16m,3,step,106,3.852200
controls-16m,3,step,107,3.859000
controls-16m,3,step,108,4.013100
controls-16m,3,step,109,3.875200
controls-16m,3,step,110,3.852300
controls-16m,3,step,111,3.866200
controls-16m,3,step,112,4.004400
controls-16m,3,step,113,3.857600
controls-16m,3,step,114,3.770000
controls-16m,3,step,115,3.857300
controls-16m,3,step,116,3.729200
controls-16m,3,step,117,3.891100
controls-16m,3,step,118,3.846200
controls-16m,3,step,119,3.771000
controls-16m,3,step,120,3.744300
controls-16m,3,step,121,3.892700
controls-16m,3,step,122,3.782700
controls-16m,3,step,123,3.848600
controls-16m,3,step,124,3.868300
controls-16m,3,step,125,3.795400
controls-16m,3,step,126,3.841900
controls-16m,3,step,127,3.860400
controls-16m,3,step,128,3.780100
controls-16m,3,step,129,3.848600
controls-16m,3,step,130,3.844500
controls-16m,3,step,131,3.725400
controls-16m,3,step,132,3.862600
controls-16m,3,step,133,3.911000
controls-16m,3,step,134,3.957600
controls-16m,3,step,135,3.832100
controls-16m,3,step,136,3.846600
controls-16m,3,step,137,4.022200
controls-16m,3,step,138,3.843500
controls-16m,3,step,139,3.876700
controls-16m,3,step,140,3.874700
controls-16m,3,step,141,3.879100
controls-16m,3,step,142,3.855000
controls-16m,3,step,143,3.847600
controls-16m,3,step,144,3.749100
controls-16m,3,step,145,3.888300
controls-16m,3,step,146,3.837400
controls-16m,3,step,147,3.851000
controls-16m,3,step,148,3.848900
controls-16m,3,step,149,3.897300
controls-16m,3,step,150,3.787800
controls-16m,3,step,151,3.835200
controls-16m,3,step,152,3.861000
controls-16m,3,step,153,3.895500
controls-16m,3,step,154,3.852900
controls-16m,3,step,155,3.858200
controls-16m,3,step,156,3.752000
controls-16m,3,step,157,3.917500
controls-16m,3,step,158,3.737900
controls-16m,3,step,159,3.862500
controls-16m,3,step,160,3.915200
controls-16m,3,step,161,3.909000
controls-16m,3,step,162,3.753200
controls-16m,3,step,163,3.868200
controls-16m,3,step,164,3.748600
controls-16m,3,step,165,3.892100
controls-16m,3,step,166,3.847900
controls-16m,3,step,167,3.856100
controls-16m,3,step,168,3.915200
controls-16m,3,step,169,3.935400
controls-16m,3,step,170,3.936900
controls-16m,3,step,171,3.844400
controls-16m,3,step,172,3.877100
controls-16m,3,step,173,3.899600
controls-16m,3,step,174,3.859400
controls-16m,3,step,175,3.874800
controls-16m,3,step,176,6.003300
controls-16m,3,step,177,5.957300
controls-16m,3,step,178,6.148500
controls-16m,3,step,179,4.409400
controls-16m,3,step,180,4.249500
controls-16m,3,step,181,3.927700
controls-16m,3,step,182,4.381500
controls-16m,3,step,183,4.140300
controls-16m,3,step,184,4.428100
controls-16m,3,step,185,3.855900
controls-16m,3,step,186,3.838100
controls-16m,3,step,187,4.257100
controls-16m,3,step,188,3.858600
controls-16m,3,step,189,3.884900
controls-16m,3,step,190,3.858100
controls-16m,3,step,191,3.879600
controls-16m,3,step,192,3.901400
controls-16m,3,step,193,3.863600
controls-16m,3,step,194,3.846500
controls-16m,3,step,195,3.947400
controls-16m,3,step,196,3.828700
controls-16m,3,step,197,3.847900
controls-16m,3,step,198,3.859100
controls-16m,3,step,199,3.932200
controls-16m,3,step,200,3.806700
controls-16m,3,step,201,3.834300
controls-16m,3,step,202,3.845100
controls-16m,3,step,203,3.866400
controls-16m,3,step,204,3.852100
controls-16m,3,step,205,3.832900
controls-16m,3,step,206,3.853400
controls-16m,3,step,207,3.901700
controls-16m,3,step,208,3.875800
controls-16m,3,step,209,3.845700
controls-16m,3,step,210,3.853700
controls-16m,3,step,211,3.908800
controls-16m,3,step,212,3.854000
controls-16m,3,step,213,3.852600
controls-16m,3,step,214,3.726900
controls-16m,3,step,215,3.890100
controls-16m,3,step,216,3.960900
controls-16m,3,step,217,3.728000
controls-16m,3,step,218,3.856500
controls-16m,3,step,219,3.823600
controls-16m,3,step,220,3.911900
controls-16m,3,step,221,3.847200
controls-16m,3,step,222,3.838400
controls-16m,3,step,223,3.856000
controls-16m,3,step,224,3.981800
controls-16m,3,step,225,3.840300
controls-16m,3,step,226,3.859300
controls-16m,3,step,227,3.842400
controls-16m,3,step,228,4.081800
controls-16m,3,step,229,3.725800
controls-16m,3,step,230,3.850800
controls-16m,3,step,231,3.854100
controls-16m,3,step,232,3.972700
controls-16m,3,step,233,3.755700
controls-16m,3,step,234,3.856400
controls-16m,3,step,235,3.871300
controls-16m,3,step,236,3.844800
controls-16m,3,step,237,3.844900
controls-16m,3,step,238,3.856100
controls-16m,3,step,239,3.733600
controls-16m,3,step,240,3.985000
controls-16m,3,step,241,3.855900
controls-16m,3,step,242,3.834300
controls-16m,3,step,243,3.840300
controls-16m,3,step,244,3.803000
controls-16m,3,step,245,3.859700
controls-16m,3,step,246,3.857200
controls-16m,3,step,247,3.843300
controls-16m,3,step,248,3.879600
controls-16m,3,step,249,3.834300
controls-16m,3,step,250,3.837600
controls-16m,3,step,251,3.841400
controls-16m,3,step,252,3.860100
controls-16m,3,step,253,3.733700
controls-16m,3,step,254,3.849200
controls-16m,3,step,255,3.838500
controls-16m,3,step,256,0.023200
controls-16m,3,publish-frame,0,0.213500
controls-16m,3,release,0,0.038300
controls-16m,3,total,0,999.483600
controls-16m,3,cancel-release,0,0.061300
controls-16m,4,step,0,3.890000
controls-16m,4,step,1,3.840100
controls-16m,4,step,2,3.708200
controls-16m,4,step,3,3.832800
controls-16m,4,step,4,3.785100
controls-16m,4,step,5,3.883400
controls-16m,4,step,6,3.738600
controls-16m,4,step,7,3.858500
controls-16m,4,step,8,3.906900
controls-16m,4,step,9,3.839000
controls-16m,4,step,10,3.832100
controls-16m,4,step,11,3.864400
controls-16m,4,step,12,3.912700
controls-16m,4,step,13,3.841600
controls-16m,4,step,14,3.858600
controls-16m,4,step,15,3.878000
controls-16m,4,step,16,3.917800
controls-16m,4,step,17,3.836400
controls-16m,4,step,18,3.836400
controls-16m,4,step,19,3.838200
controls-16m,4,step,20,3.893000
controls-16m,4,step,21,3.868800
controls-16m,4,step,22,3.836500
controls-16m,4,step,23,3.845400
controls-16m,4,step,24,3.894400
controls-16m,4,step,25,3.854400
controls-16m,4,step,26,3.845400
controls-16m,4,step,27,3.864500
controls-16m,4,step,28,3.726900
controls-16m,4,step,29,3.869400
controls-16m,4,step,30,3.838700
controls-16m,4,step,31,3.863300
controls-16m,4,step,32,3.902400
controls-16m,4,step,33,5.437000
controls-16m,4,step,34,3.840400
controls-16m,4,step,35,3.878000
controls-16m,4,step,36,3.841900
controls-16m,4,step,37,3.836100
controls-16m,4,step,38,3.836200
controls-16m,4,step,39,3.833700
controls-16m,4,step,40,3.904200
controls-16m,4,step,41,3.766600
controls-16m,4,step,42,3.833300
controls-16m,4,step,43,3.802300
controls-16m,4,step,44,3.779200
controls-16m,4,step,45,3.831800
controls-16m,4,step,46,3.849400
controls-16m,4,step,47,3.832100
controls-16m,4,step,48,3.955300
controls-16m,4,step,49,3.845100
controls-16m,4,step,50,3.842900
controls-16m,4,step,51,3.858800
controls-16m,4,step,52,3.845500
controls-16m,4,step,53,3.868200
controls-16m,4,step,54,3.834000
controls-16m,4,step,55,3.831200
controls-16m,4,step,56,3.853200
controls-16m,4,step,57,3.853900
controls-16m,4,step,58,3.772500
controls-16m,4,step,59,3.788900
controls-16m,4,step,60,3.854600
controls-16m,4,step,61,3.905200
controls-16m,4,step,62,3.735800
controls-16m,4,step,63,3.845100
controls-16m,4,step,64,3.903400
controls-16m,4,step,65,3.995200
controls-16m,4,step,66,3.720400
controls-16m,4,step,67,3.737200
controls-16m,4,step,68,3.863900
controls-16m,4,step,69,3.938400
controls-16m,4,step,70,3.741000
controls-16m,4,step,71,3.849000
controls-16m,4,step,72,3.778900
controls-16m,4,step,73,4.177000
controls-16m,4,step,74,3.724500
controls-16m,4,step,75,3.719600
controls-16m,4,step,76,3.858600
controls-16m,4,step,77,4.002600
controls-16m,4,step,78,3.852700
controls-16m,4,step,79,3.839600
controls-16m,4,step,80,3.901100
controls-16m,4,step,81,3.892200
controls-16m,4,step,82,3.743600
controls-16m,4,step,83,3.831400
controls-16m,4,step,84,3.853900
controls-16m,4,step,85,3.836000
controls-16m,4,step,86,3.847500
controls-16m,4,step,87,3.855500
controls-16m,4,step,88,3.759900
controls-16m,4,step,89,3.874300
controls-16m,4,step,90,3.987400
controls-16m,4,step,91,3.869600
controls-16m,4,step,92,3.771400
controls-16m,4,step,93,3.794700
controls-16m,4,step,94,3.859000
controls-16m,4,step,95,3.848900
controls-16m,4,step,96,3.873300
controls-16m,4,step,97,3.924600
controls-16m,4,step,98,3.737000
controls-16m,4,step,99,3.847300
controls-16m,4,step,100,3.712700
controls-16m,4,step,101,3.819700
controls-16m,4,step,102,4.036500
controls-16m,4,step,103,3.717400
controls-16m,4,step,104,3.849400
controls-16m,4,step,105,3.893200
controls-16m,4,step,106,3.892400
controls-16m,4,step,107,3.842900
controls-16m,4,step,108,3.855600
controls-16m,4,step,109,3.848000
controls-16m,4,step,110,3.887000
controls-16m,4,step,111,3.802300
controls-16m,4,step,112,3.765200
controls-16m,4,step,113,3.850300
controls-16m,4,step,114,3.864800
controls-16m,4,step,115,3.721000
controls-16m,4,step,116,3.856100
controls-16m,4,step,117,3.854200
controls-16m,4,step,118,3.914000
controls-16m,4,step,119,3.847700
controls-16m,4,step,120,3.831600
controls-16m,4,step,121,3.854900
controls-16m,4,step,122,3.876700
controls-16m,4,step,123,3.847500
controls-16m,4,step,124,3.805300
controls-16m,4,step,125,3.838300
controls-16m,4,step,126,3.776700
controls-16m,4,step,127,3.828400
controls-16m,4,step,128,3.875200
controls-16m,4,step,129,3.779200
controls-16m,4,step,130,3.935600
controls-16m,4,step,131,3.845500
controls-16m,4,step,132,3.850200
controls-16m,4,step,133,3.826100
controls-16m,4,step,134,3.890600
controls-16m,4,step,135,3.834600
controls-16m,4,step,136,3.757900
controls-16m,4,step,137,3.746700
controls-16m,4,step,138,3.911700
controls-16m,4,step,139,3.723000
controls-16m,4,step,140,3.852800
controls-16m,4,step,141,3.847800
controls-16m,4,step,142,3.895000
controls-16m,4,step,143,3.859600
controls-16m,4,step,144,3.871200
controls-16m,4,step,145,3.747800
controls-16m,4,step,146,3.909700
controls-16m,4,step,147,3.855100
controls-16m,4,step,148,3.854200
controls-16m,4,step,149,3.863300
controls-16m,4,step,150,3.971100
controls-16m,4,step,151,3.778800
controls-16m,4,step,152,3.882900
controls-16m,4,step,153,3.863400
controls-16m,4,step,154,3.966900
controls-16m,4,step,155,3.862600
controls-16m,4,step,156,3.872400
controls-16m,4,step,157,3.856200
controls-16m,4,step,158,3.900500
controls-16m,4,step,159,3.858500
controls-16m,4,step,160,3.887600
controls-16m,4,step,161,3.849600
controls-16m,4,step,162,3.960400
controls-16m,4,step,163,3.815500
controls-16m,4,step,164,3.867600
controls-16m,4,step,165,3.852400
controls-16m,4,step,166,3.886200
controls-16m,4,step,167,3.869400
controls-16m,4,step,168,3.867400
controls-16m,4,step,169,3.856100
controls-16m,4,step,170,3.892500
controls-16m,4,step,171,3.857300
controls-16m,4,step,172,3.865500
controls-16m,4,step,173,3.865300
controls-16m,4,step,174,3.866400
controls-16m,4,step,175,3.876700
controls-16m,4,step,176,3.882300
controls-16m,4,step,177,3.860400
controls-16m,4,step,178,3.903300
controls-16m,4,step,179,3.864000
controls-16m,4,step,180,3.847200
controls-16m,4,step,181,3.869100
controls-16m,4,step,182,3.900700
controls-16m,4,step,183,3.852900
controls-16m,4,step,184,3.868500
controls-16m,4,step,185,3.871100
controls-16m,4,step,186,3.870000
controls-16m,4,step,187,3.901500
controls-16m,4,step,188,3.867400
controls-16m,4,step,189,3.869200
controls-16m,4,step,190,3.840700
controls-16m,4,step,191,3.881900
controls-16m,4,step,192,3.930900
controls-16m,4,step,193,3.904500
controls-16m,4,step,194,3.882500
controls-16m,4,step,195,3.827400
controls-16m,4,step,196,3.878100
controls-16m,4,step,197,3.876300
controls-16m,4,step,198,3.874400
controls-16m,4,step,199,3.902800
controls-16m,4,step,200,3.863100
controls-16m,4,step,201,3.863500
controls-16m,4,step,202,3.885000
controls-16m,4,step,203,3.907000
controls-16m,4,step,204,3.864400
controls-16m,4,step,205,3.879800
controls-16m,4,step,206,3.878500
controls-16m,4,step,207,5.782900
controls-16m,4,step,208,3.821000
controls-16m,4,step,209,3.849100
controls-16m,4,step,210,3.885000
controls-16m,4,step,211,3.873600
controls-16m,4,step,212,3.783400
controls-16m,4,step,213,3.852600
controls-16m,4,step,214,4.219400
controls-16m,4,step,215,3.816000
controls-16m,4,step,216,3.883000
controls-16m,4,step,217,3.880300
controls-16m,4,step,218,3.961800
controls-16m,4,step,219,3.755700
controls-16m,4,step,220,3.859500
controls-16m,4,step,221,3.785400
controls-16m,4,step,222,3.890500
controls-16m,4,step,223,3.876400
controls-16m,4,step,224,3.913000
controls-16m,4,step,225,3.871900
controls-16m,4,step,226,3.843600
controls-16m,4,step,227,3.873500
controls-16m,4,step,228,3.761500
controls-16m,4,step,229,3.874700
controls-16m,4,step,230,3.906000
controls-16m,4,step,231,3.873100
controls-16m,4,step,232,3.878200
controls-16m,4,step,233,3.886000
controls-16m,4,step,234,3.909900
controls-16m,4,step,235,3.871000
controls-16m,4,step,236,3.878500
controls-16m,4,step,237,3.869200
controls-16m,4,step,238,3.936900
controls-16m,4,step,239,3.886600
controls-16m,4,step,240,3.906800
controls-16m,4,step,241,3.880700
controls-16m,4,step,242,3.917500
controls-16m,4,step,243,3.887500
controls-16m,4,step,244,3.881400
controls-16m,4,step,245,3.867500
controls-16m,4,step,246,3.945900
controls-16m,4,step,247,3.839700
controls-16m,4,step,248,3.800600
controls-16m,4,step,249,3.860200
controls-16m,4,step,250,3.764400
controls-16m,4,step,251,3.892200
controls-16m,4,step,252,3.727400
controls-16m,4,step,253,3.750300
controls-16m,4,step,254,3.863100
controls-16m,4,step,255,3.910000
controls-16m,4,step,256,0.025400
controls-16m,4,publish-frame,0,0.229000
controls-16m,4,release,0,0.040000
controls-16m,4,total,0,990.966000
controls-16m,4,cancel-release,0,0.087700
mixed-16m,0,step,0,2.703000
mixed-16m,0,step,1,2.604600
mixed-16m,0,step,2,2.263200
mixed-16m,0,step,3,2.390500
mixed-16m,0,step,4,2.050500
mixed-16m,0,step,5,2.360000
mixed-16m,0,step,6,2.235900
mixed-16m,0,step,7,2.111500
mixed-16m,0,step,8,2.210600
mixed-16m,0,step,9,2.101800
mixed-16m,0,step,10,2.104400
mixed-16m,0,step,11,2.156300
mixed-16m,0,step,12,2.170800
mixed-16m,0,step,13,2.188100
mixed-16m,0,step,14,2.169000
mixed-16m,0,step,15,2.199000
mixed-16m,0,step,16,2.118100
mixed-16m,0,step,17,2.028500
mixed-16m,0,step,18,2.165800
mixed-16m,0,step,19,2.099000
mixed-16m,0,step,20,2.197200
mixed-16m,0,step,21,2.089600
mixed-16m,0,step,22,2.086300
mixed-16m,0,step,23,2.224200
mixed-16m,0,step,24,2.172300
mixed-16m,0,step,25,2.077000
mixed-16m,0,step,26,2.102100
mixed-16m,0,step,27,2.214500
mixed-16m,0,step,28,2.147600
mixed-16m,0,step,29,2.068700
mixed-16m,0,step,30,2.096800
mixed-16m,0,step,31,2.165600
mixed-16m,0,step,32,2.195300
mixed-16m,0,step,33,2.102900
mixed-16m,0,step,34,2.074800
mixed-16m,0,step,35,2.150700
mixed-16m,0,step,36,2.170900
mixed-16m,0,step,37,2.125500
mixed-16m,0,step,38,2.108000
mixed-16m,0,step,39,2.173700
mixed-16m,0,step,40,2.110000
mixed-16m,0,step,41,2.092000
mixed-16m,0,step,42,2.120900
mixed-16m,0,step,43,2.172600
mixed-16m,0,step,44,2.078800
mixed-16m,0,step,45,2.155900
mixed-16m,0,step,46,2.091100
mixed-16m,0,step,47,2.166900
mixed-16m,0,step,48,2.143700
mixed-16m,0,step,49,2.152700
mixed-16m,0,step,50,2.128100
mixed-16m,0,step,51,2.097400
mixed-16m,0,step,52,2.163900
mixed-16m,0,step,53,2.306900
mixed-16m,0,step,54,2.090900
mixed-16m,0,step,55,2.175900
mixed-16m,0,step,56,2.155500
mixed-16m,0,step,57,2.167600
mixed-16m,0,step,58,2.181000
mixed-16m,0,step,59,2.143500
mixed-16m,0,step,60,2.166400
mixed-16m,0,step,61,2.117000
mixed-16m,0,step,62,2.135200
mixed-16m,0,step,63,2.289200
mixed-16m,0,step,64,2.242900
mixed-16m,0,step,65,2.167700
mixed-16m,0,step,66,2.198200
mixed-16m,0,step,67,2.212900
mixed-16m,0,step,68,2.200500
mixed-16m,0,step,69,2.127700
mixed-16m,0,step,70,2.129900
mixed-16m,0,step,71,2.129400
mixed-16m,0,step,72,2.066800
mixed-16m,0,step,73,2.140000
mixed-16m,0,step,74,2.107600
mixed-16m,0,step,75,2.079800
mixed-16m,0,step,76,2.112300
mixed-16m,0,step,77,2.264300
mixed-16m,0,step,78,2.173000
mixed-16m,0,step,79,2.158000
mixed-16m,0,step,80,2.162000
mixed-16m,0,step,81,2.093600
mixed-16m,0,step,82,2.228100
mixed-16m,0,step,83,2.091400
mixed-16m,0,step,84,2.104500
mixed-16m,0,step,85,2.118500
mixed-16m,0,step,86,2.064400
mixed-16m,0,step,87,2.327000
mixed-16m,0,step,88,2.695100
mixed-16m,0,step,89,2.192700
mixed-16m,0,step,90,2.061000
mixed-16m,0,step,91,2.062100
mixed-16m,0,step,92,2.083000
mixed-16m,0,step,93,2.051900
mixed-16m,0,step,94,2.082700
mixed-16m,0,step,95,2.144700
mixed-16m,0,step,96,2.087700
mixed-16m,0,step,97,2.067200
mixed-16m,0,step,98,2.067600
mixed-16m,0,step,99,2.038700
mixed-16m,0,step,100,2.074600
mixed-16m,0,step,101,2.128900
mixed-16m,0,step,102,2.162400
mixed-16m,0,step,103,2.267700
mixed-16m,0,step,104,2.080200
mixed-16m,0,step,105,2.054200
mixed-16m,0,step,106,2.160300
mixed-16m,0,step,107,2.085800
mixed-16m,0,step,108,2.086100
mixed-16m,0,step,109,2.089800
mixed-16m,0,step,110,2.179500
mixed-16m,0,step,111,2.037100
mixed-16m,0,step,112,2.108400
mixed-16m,0,step,113,2.051100
mixed-16m,0,step,114,2.084600
mixed-16m,0,step,115,2.052800
mixed-16m,0,step,116,2.051400
mixed-16m,0,step,117,2.070400
mixed-16m,0,step,118,2.512700
mixed-16m,0,step,119,2.088900
mixed-16m,0,step,120,2.084600
mixed-16m,0,step,121,2.071800
mixed-16m,0,step,122,2.081600
mixed-16m,0,step,123,2.074300
mixed-16m,0,step,124,2.044300
mixed-16m,0,step,125,2.218700
mixed-16m,0,step,126,2.041400
mixed-16m,0,step,127,2.217300
mixed-16m,0,step,128,2.117700
mixed-16m,0,step,129,2.046400
mixed-16m,0,step,130,2.087600
mixed-16m,0,step,131,2.064800
mixed-16m,0,step,132,2.130700
mixed-16m,0,step,133,2.173000
mixed-16m,0,step,134,2.058800
mixed-16m,0,step,135,2.033600
mixed-16m,0,step,136,2.069300
mixed-16m,0,step,137,2.037200
mixed-16m,0,step,138,2.050000
mixed-16m,0,step,139,2.032500
mixed-16m,0,step,140,2.167600
mixed-16m,0,step,141,2.076600
mixed-16m,0,step,142,2.054800
mixed-16m,0,step,143,2.290100
mixed-16m,0,step,144,2.196100
mixed-16m,0,step,145,2.170900
mixed-16m,0,step,146,2.220900
mixed-16m,0,step,147,2.067900
mixed-16m,0,step,148,2.088900
mixed-16m,0,step,149,2.177000
mixed-16m,0,step,150,2.054000
mixed-16m,0,step,151,2.044200
mixed-16m,0,step,152,2.121500
mixed-16m,0,step,153,2.093100
mixed-16m,0,step,154,2.050500
mixed-16m,0,step,155,2.198000
mixed-16m,0,step,156,2.028500
mixed-16m,0,step,157,2.069100
mixed-16m,0,step,158,2.044300
mixed-16m,0,step,159,2.068400
mixed-16m,0,step,160,2.096600
mixed-16m,0,step,161,2.065200
mixed-16m,0,step,162,2.115300
mixed-16m,0,step,163,2.069300
mixed-16m,0,step,164,2.072600
mixed-16m,0,step,165,2.153400
mixed-16m,0,step,166,2.149200
mixed-16m,0,step,167,2.078800
mixed-16m,0,step,168,2.072600
mixed-16m,0,step,169,2.056500
mixed-16m,0,step,170,2.177100
mixed-16m,0,step,171,2.072700
mixed-16m,0,step,172,2.112300
mixed-16m,0,step,173,2.150700
mixed-16m,0,step,174,2.066800
mixed-16m,0,step,175,2.060300
mixed-16m,0,step,176,2.068100
mixed-16m,0,step,177,2.156600
mixed-16m,0,step,178,2.096200
mixed-16m,0,step,179,2.047600
mixed-16m,0,step,180,2.094000
mixed-16m,0,step,181,2.203100
mixed-16m,0,step,182,2.055600
mixed-16m,0,step,183,2.173300
mixed-16m,0,step,184,2.231800
mixed-16m,0,step,185,2.067700
mixed-16m,0,step,186,2.055200
mixed-16m,0,step,187,2.044400
mixed-16m,0,step,188,2.065900
mixed-16m,0,step,189,2.176000
mixed-16m,0,step,190,2.058700
mixed-16m,0,step,191,2.182500
mixed-16m,0,step,192,2.114700
mixed-16m,0,step,193,2.059400
mixed-16m,0,step,194,2.173600
mixed-16m,0,step,195,2.051900
mixed-16m,0,step,196,2.061800
mixed-16m,0,step,197,2.054300
mixed-16m,0,step,198,2.048600
mixed-16m,0,step,199,2.208800
mixed-16m,0,step,200,2.163300
mixed-16m,0,step,201,2.049300
mixed-16m,0,step,202,2.068900
mixed-16m,0,step,203,2.053600
mixed-16m,0,step,204,2.084100
mixed-16m,0,step,205,2.053200
mixed-16m,0,step,206,2.168500
mixed-16m,0,step,207,2.081700
mixed-16m,0,step,208,2.082500
mixed-16m,0,step,209,2.087400
mixed-16m,0,step,210,2.038400
mixed-16m,0,step,211,2.084700
mixed-16m,0,step,212,2.079300
mixed-16m,0,step,213,2.057100
mixed-16m,0,step,214,2.076600
mixed-16m,0,step,215,2.318200
mixed-16m,0,step,216,2.046200
mixed-16m,0,step,217,2.047500
mixed-16m,0,step,218,2.045500
mixed-16m,0,step,219,2.069000
mixed-16m,0,step,220,2.101100
mixed-16m,0,step,221,2.100500
mixed-16m,0,step,222,2.116600
mixed-16m,0,step,223,2.054400
mixed-16m,0,step,224,2.071800
mixed-16m,0,step,225,2.057900
mixed-16m,0,step,226,2.038000
mixed-16m,0,step,227,2.058700
mixed-16m,0,step,228,2.080200
mixed-16m,0,step,229,2.088100
mixed-16m,0,step,230,2.065800
mixed-16m,0,step,231,2.044200
mixed-16m,0,step,232,2.041700
mixed-16m,0,step,233,2.088600
mixed-16m,0,step,234,2.131200
mixed-16m,0,step,235,2.065500
mixed-16m,0,step,236,2.117700
mixed-16m,0,step,237,2.101900
mixed-16m,0,step,238,2.107200
mixed-16m,0,step,239,2.105500
mixed-16m,0,step,240,2.153100
mixed-16m,0,step,241,2.051100
mixed-16m,0,step,242,2.039800
mixed-16m,0,step,243,2.039300
mixed-16m,0,step,244,2.094900
mixed-16m,0,step,245,2.159300
mixed-16m,0,step,246,2.187900
mixed-16m,0,step,247,2.200500
mixed-16m,0,step,248,2.123600
mixed-16m,0,step,249,2.177600
mixed-16m,0,step,250,2.149400
mixed-16m,0,step,251,2.044500
mixed-16m,0,step,252,2.152200
mixed-16m,0,step,253,2.066400
mixed-16m,0,step,254,2.039700
mixed-16m,0,step,255,2.042500
mixed-16m,0,step,256,0.015600
mixed-16m,0,publish-frame,0,0.239000
mixed-16m,0,release,0,0.040200
mixed-16m,0,total,0,544.105600
mixed-16m,0,cancel-release,0,0.059500
mixed-16m,1,step,0,2.608900
mixed-16m,1,step,1,2.041100
mixed-16m,1,step,2,2.032400
mixed-16m,1,step,3,2.376500
mixed-16m,1,step,4,2.044800
mixed-16m,1,step,5,2.069100
mixed-16m,1,step,6,2.115200
mixed-16m,1,step,7,2.109100
mixed-16m,1,step,8,2.248200
mixed-16m,1,step,9,2.170800
mixed-16m,1,step,10,2.154100
mixed-16m,1,step,11,2.098800
mixed-16m,1,step,12,2.157700
mixed-16m,1,step,13,2.209100
mixed-16m,1,step,14,2.099100
mixed-16m,1,step,15,2.115800
mixed-16m,1,step,16,2.070100
mixed-16m,1,step,17,2.093300
mixed-16m,1,step,18,2.151900
mixed-16m,1,step,19,2.064400
mixed-16m,1,step,20,2.110600
mixed-16m,1,step,21,2.112200
mixed-16m,1,step,22,2.163500
mixed-16m,1,step,23,2.059400
mixed-16m,1,step,24,2.131100
mixed-16m,1,step,25,2.061000
mixed-16m,1,step,26,2.048000
mixed-16m,1,step,27,2.088200
mixed-16m,1,step,28,2.099400
mixed-16m,1,step,29,2.042100
mixed-16m,1,step,30,2.151400
mixed-16m,1,step,31,2.089900
mixed-16m,1,step,32,2.130300
mixed-16m,1,step,33,2.075600
mixed-16m,1,step,34,2.059000
mixed-16m,1,step,35,2.087000
mixed-16m,1,step,36,2.053400
mixed-16m,1,step,37,2.121300
mixed-16m,1,step,38,2.151000
mixed-16m,1,step,39,2.098300
mixed-16m,1,step,40,2.098700
mixed-16m,1,step,41,2.234900
mixed-16m,1,step,42,2.056900
mixed-16m,1,step,43,2.121600
mixed-16m,1,step,44,2.097400
mixed-16m,1,step,45,2.246800
mixed-16m,1,step,46,2.115400
mixed-16m,1,step,47,2.106900
mixed-16m,1,step,48,2.129400
mixed-16m,1,step,49,2.084400
mixed-16m,1,step,50,2.058300
mixed-16m,1,step,51,2.128100
mixed-16m,1,step,52,2.149700
mixed-16m,1,step,53,2.213200
mixed-16m,1,step,54,2.138500
mixed-16m,1,step,55,2.097900
mixed-16m,1,step,56,2.041700
mixed-16m,1,step,57,2.101600
mixed-16m,1,step,58,2.098800
mixed-16m,1,step,59,2.115200
mixed-16m,1,step,60,2.163200
mixed-16m,1,step,61,2.090200
mixed-16m,1,step,62,2.106300
mixed-16m,1,step,63,2.100100
mixed-16m,1,step,64,2.088700
mixed-16m,1,step,65,2.103000
mixed-16m,1,step,66,2.101800
mixed-16m,1,step,67,2.293900
mixed-16m,1,step,68,2.128000
mixed-16m,1,step,69,2.052500
mixed-16m,1,step,70,2.142800
mixed-16m,1,step,71,2.086700
mixed-16m,1,step,72,2.143200
mixed-16m,1,step,73,2.104500
mixed-16m,1,step,74,2.284700
mixed-16m,1,step,75,2.078000
mixed-16m,1,step,76,2.080400
mixed-16m,1,step,77,2.067400
mixed-16m,1,step,78,2.125400
mixed-16m,1,step,79,2.064100
mixed-16m,1,step,80,2.185800
mixed-16m,1,step,81,2.369900
mixed-16m,1,step,82,2.283500
mixed-16m,1,step,83,2.321700
mixed-16m,1,step,84,2.158500
mixed-16m,1,step,85,2.094600
mixed-16m,1,step,86,2.106400
mixed-16m,1,step,87,2.106900
mixed-16m,1,step,88,2.142800
mixed-16m,1,step,89,2.154500
mixed-16m,1,step,90,2.199300
mixed-16m,1,step,91,2.041800
mixed-16m,1,step,92,2.116800
mixed-16m,1,step,93,2.111800
mixed-16m,1,step,94,2.116100
mixed-16m,1,step,95,2.047700
mixed-16m,1,step,96,2.183300
mixed-16m,1,step,97,2.094200
mixed-16m,1,step,98,2.102700
mixed-16m,1,step,99,2.056400
mixed-16m,1,step,100,2.086600
mixed-16m,1,step,101,2.107700
mixed-16m,1,step,102,2.101200
mixed-16m,1,step,103,2.251000
mixed-16m,1,step,104,2.090600
mixed-16m,1,step,105,2.050900
mixed-16m,1,step,106,2.100800
mixed-16m,1,step,107,2.113200
mixed-16m,1,step,108,2.068300
mixed-16m,1,step,109,2.231700
mixed-16m,1,step,110,2.195500
mixed-16m,1,step,111,2.147400
mixed-16m,1,step,112,2.159000
mixed-16m,1,step,113,2.142600
mixed-16m,1,step,114,2.128800
mixed-16m,1,step,115,2.055400
mixed-16m,1,step,116,2.115300
mixed-16m,1,step,117,2.048800
mixed-16m,1,step,118,2.156300
mixed-16m,1,step,119,2.102500
mixed-16m,1,step,120,2.070800
mixed-16m,1,step,121,2.063000
mixed-16m,1,step,122,2.307300
mixed-16m,1,step,123,2.209000
mixed-16m,1,step,124,2.204200
mixed-16m,1,step,125,2.154300
mixed-16m,1,step,126,2.042500
mixed-16m,1,step,127,2.047600
mixed-16m,1,step,128,2.144700
mixed-16m,1,step,129,2.214200
mixed-16m,1,step,130,2.116000
mixed-16m,1,step,131,2.147700
mixed-16m,1,step,132,2.170600
mixed-16m,1,step,133,2.137400
mixed-16m,1,step,134,2.125600
mixed-16m,1,step,135,2.204100
mixed-16m,1,step,136,2.469200
mixed-16m,1,step,137,2.068500
mixed-16m,1,step,138,2.045300
mixed-16m,1,step,139,2.072100
mixed-16m,1,step,140,2.116500
mixed-16m,1,step,141,2.046800
mixed-16m,1,step,142,2.162800
mixed-16m,1,step,143,2.049900
mixed-16m,1,step,144,2.090700
mixed-16m,1,step,145,2.035600
mixed-16m,1,step,146,2.049200
mixed-16m,1,step,147,2.078300
mixed-16m,1,step,148,2.041000
mixed-16m,1,step,149,2.051000
mixed-16m,1,step,150,2.153400
mixed-16m,1,step,151,2.162700
mixed-16m,1,step,152,2.175400
mixed-16m,1,step,153,2.064700
mixed-16m,1,step,154,2.063400
mixed-16m,1,step,155,2.147200
mixed-16m,1,step,156,2.068100
mixed-16m,1,step,157,2.045200
mixed-16m,1,step,158,2.052500
mixed-16m,1,step,159,2.046900
mixed-16m,1,step,160,2.078000
mixed-16m,1,step,161,2.053200
mixed-16m,1,step,162,2.062900
mixed-16m,1,step,163,2.050600
mixed-16m,1,step,164,2.185400
mixed-16m,1,step,165,2.168800
mixed-16m,1,step,166,2.057700
mixed-16m,1,step,167,2.048100
mixed-16m,1,step,168,2.044400
mixed-16m,1,step,169,2.055600
mixed-16m,1,step,170,2.142100
mixed-16m,1,step,171,2.049600
mixed-16m,1,step,172,2.128600
mixed-16m,1,step,173,2.093400
mixed-16m,1,step,174,2.046900
mixed-16m,1,step,175,2.051400
mixed-16m,1,step,176,2.080800
mixed-16m,1,step,177,2.079800
mixed-16m,1,step,178,2.036000
mixed-16m,1,step,179,2.038700
mixed-16m,1,step,180,2.061700
mixed-16m,1,step,181,2.040500
mixed-16m,1,step,182,2.082800
mixed-16m,1,step,183,2.041400
mixed-16m,1,step,184,2.048500
mixed-16m,1,step,185,2.175300
mixed-16m,1,step,186,2.053400
mixed-16m,1,step,187,2.032200
mixed-16m,1,step,188,2.055400
mixed-16m,1,step,189,2.079400
mixed-16m,1,step,190,2.161400
mixed-16m,1,step,191,2.055200
mixed-16m,1,step,192,2.144500
mixed-16m,1,step,193,2.034000
mixed-16m,1,step,194,2.053500
mixed-16m,1,step,195,2.068100
mixed-16m,1,step,196,2.154900
mixed-16m,1,step,197,2.178100
mixed-16m,1,step,198,2.053600
mixed-16m,1,step,199,2.076900
mixed-16m,1,step,200,2.211400
mixed-16m,1,step,201,2.050400
mixed-16m,1,step,202,2.044700
mixed-16m,1,step,203,2.070100
mixed-16m,1,step,204,2.084300
mixed-16m,1,step,205,2.102800
mixed-16m,1,step,206,2.047900
mixed-16m,1,step,207,2.157900
mixed-16m,1,step,208,2.062700
mixed-16m,1,step,209,2.062200
mixed-16m,1,step,210,2.076700
mixed-16m,1,step,211,2.054800
mixed-16m,1,step,212,2.049300
mixed-16m,1,step,213,2.034400
mixed-16m,1,step,214,2.050100
mixed-16m,1,step,215,2.111500
mixed-16m,1,step,216,2.044100
mixed-16m,1,step,217,2.055500
mixed-16m,1,step,218,2.046300
mixed-16m,1,step,219,2.173500
mixed-16m,1,step,220,2.058000
mixed-16m,1,step,221,2.071200
mixed-16m,1,step,222,2.071200
mixed-16m,1,step,223,2.073600
mixed-16m,1,step,224,2.086500
mixed-16m,1,step,225,2.034700
mixed-16m,1,step,226,2.046200
mixed-16m,1,step,227,2.055900
mixed-16m,1,step,228,2.087800
mixed-16m,1,step,229,2.061000
mixed-16m,1,step,230,2.150800
mixed-16m,1,step,231,2.090300
mixed-16m,1,step,232,2.182400
mixed-16m,1,step,233,2.053700
mixed-16m,1,step,234,2.053400
mixed-16m,1,step,235,2.052600
mixed-16m,1,step,236,2.044900
mixed-16m,1,step,237,2.130000
mixed-16m,1,step,238,2.027900
mixed-16m,1,step,239,2.058700
mixed-16m,1,step,240,2.112500
mixed-16m,1,step,241,2.153800
mixed-16m,1,step,242,2.052600
mixed-16m,1,step,243,2.040300
mixed-16m,1,step,244,2.047000
mixed-16m,1,step,245,2.164700
mixed-16m,1,step,246,2.181100
mixed-16m,1,step,247,2.088900
mixed-16m,1,step,248,2.042600
mixed-16m,1,step,249,2.033800
mixed-16m,1,step,250,2.146500
mixed-16m,1,step,251,2.059100
mixed-16m,1,step,252,2.215400
mixed-16m,1,step,253,2.041600
mixed-16m,1,step,254,2.036900
mixed-16m,1,step,255,2.040700
mixed-16m,1,step,256,0.016300
mixed-16m,1,publish-frame,0,0.204500
mixed-16m,1,release,0,0.041000
mixed-16m,1,total,0,539.994900
mixed-16m,1,cancel-release,0,0.248600
mixed-16m,2,step,0,2.491800
mixed-16m,2,step,1,2.287500
mixed-16m,2,step,2,2.154400
mixed-16m,2,step,3,2.047700
mixed-16m,2,step,4,2.116000
mixed-16m,2,step,5,2.287000
mixed-16m,2,step,6,2.053000
mixed-16m,2,step,7,2.048900
mixed-16m,2,step,8,2.216700
mixed-16m,2,step,9,2.037300
mixed-16m,2,step,10,2.045800
mixed-16m,2,step,11,2.045000
mixed-16m,2,step,12,2.065000
mixed-16m,2,step,13,2.100700
mixed-16m,2,step,14,2.057400
mixed-16m,2,step,15,2.065200
mixed-16m,2,step,16,2.275500
mixed-16m,2,step,17,2.071800
mixed-16m,2,step,18,2.196200
mixed-16m,2,step,19,2.045100
mixed-16m,2,step,20,2.061100
mixed-16m,2,step,21,2.056500
mixed-16m,2,step,22,2.134000
mixed-16m,2,step,23,2.259800
mixed-16m,2,step,24,2.030000
mixed-16m,2,step,25,2.285400
mixed-16m,2,step,26,2.039900
mixed-16m,2,step,27,2.183200
mixed-16m,2,step,28,2.046600
mixed-16m,2,step,29,2.040100
mixed-16m,2,step,30,2.094600
mixed-16m,2,step,31,2.504900
mixed-16m,2,step,32,2.237600
mixed-16m,2,step,33,2.065100
mixed-16m,2,step,34,2.061800
mixed-16m,2,step,35,2.184000
mixed-16m,2,step,36,2.189100
mixed-16m,2,step,37,2.170900
mixed-16m,2,step,38,2.214800
mixed-16m,2,step,39,2.044400
mixed-16m,2,step,40,2.183400
mixed-16m,2,step,41,2.192800
mixed-16m,2,step,42,2.048300
mixed-16m,2,step,43,2.111000
mixed-16m,2,step,44,2.165300
mixed-16m,2,step,45,2.210000
mixed-16m,2,step,46,2.034700
mixed-16m,2,step,47,2.096500
mixed-16m,2,step,48,2.095500
mixed-16m,2,step,49,2.105400
mixed-16m,2,step,50,2.102500
mixed-16m,2,step,51,2.170600
mixed-16m,2,step,52,2.220900
mixed-16m,2,step,53,2.038800
mixed-16m,2,step,54,2.092100
mixed-16m,2,step,55,2.100000
mixed-16m,2,step,56,2.101100
mixed-16m,2,step,57,2.109300
mixed-16m,2,step,58,2.046800
mixed-16m,2,step,59,2.052000
mixed-16m,2,step,60,2.453000
mixed-16m,2,step,61,2.148100
mixed-16m,2,step,62,2.049400
mixed-16m,2,step,63,2.111200
mixed-16m,2,step,64,2.094200
mixed-16m,2,step,65,2.109200
mixed-16m,2,step,66,2.039700
mixed-16m,2,step,67,2.229500
mixed-16m,2,step,68,2.178800
mixed-16m,2,step,69,2.059200
mixed-16m,2,step,70,2.058000
mixed-16m,2,step,71,2.038000
mixed-16m,2,step,72,2.116200
mixed-16m,2,step,73,2.126000
mixed-16m,2,step,74,2.036600
mixed-16m,2,step,75,2.314100
mixed-16m,2,step,76,2.048200
mixed-16m,2,step,77,2.190200
mixed-16m,2,step,78,2.123300
mixed-16m,2,step,79,2.054300
mixed-16m,2,step,80,2.089800
mixed-16m,2,step,81,2.160300
mixed-16m,2,step,82,2.219400
mixed-16m,2,step,83,2.036000
mixed-16m,2,step,84,2.037400
mixed-16m,2,step,85,2.031500
mixed-16m,2,step,86,2.051700
mixed-16m,2,step,87,2.057900
mixed-16m,2,step,88,2.173100
mixed-16m,2,step,89,2.145200
mixed-16m,2,step,90,2.041800
mixed-16m,2,step,91,2.169200
mixed-16m,2,step,92,2.111900
mixed-16m,2,step,93,2.092200
mixed-16m,2,step,94,2.052900
mixed-16m,2,step,95,2.095500
mixed-16m,2,step,96,2.065500
mixed-16m,2,step,97,2.058200
mixed-16m,2,step,98,2.102700
mixed-16m,2,step,99,2.209300
mixed-16m,2,step,100,2.092600
mixed-16m,2,step,101,2.108600
mixed-16m,2,step,102,2.021500
mixed-16m,2,step,103,2.035200
mixed-16m,2,step,104,2.144200
mixed-16m,2,step,105,2.032200
mixed-16m,2,step,106,2.101700
mixed-16m,2,step,107,2.173800
mixed-16m,2,step,108,2.176300
mixed-16m,2,step,109,2.177400
mixed-16m,2,step,110,2.092800
mixed-16m,2,step,111,2.096400
mixed-16m,2,step,112,2.210200
mixed-16m,2,step,113,2.104600
mixed-16m,2,step,114,2.162300
mixed-16m,2,step,115,2.112000
mixed-16m,2,step,116,2.039400
mixed-16m,2,step,117,2.095300
mixed-16m,2,step,118,2.158300
mixed-16m,2,step,119,2.103500
mixed-16m,2,step,120,2.025400
mixed-16m,2,step,121,2.096300
mixed-16m,2,step,122,2.048800
mixed-16m,2,step,123,2.095200
mixed-16m,2,step,124,2.096800
mixed-16m,2,step,125,2.086100
mixed-16m,2,step,126,2.042200
mixed-16m,2,step,127,2.191200
mixed-16m,2,step,128,2.213600
mixed-16m,2,step,129,2.045100
mixed-16m,2,step,130,2.101800
mixed-16m,2,step,131,2.117900
mixed-16m,2,step,132,2.073000
mixed-16m,2,step,133,2.162200
mixed-16m,2,step,134,2.101000
mixed-16m,2,step,135,2.040900
mixed-16m,2,step,136,2.054700
mixed-16m,2,step,137,2.224900
mixed-16m,2,step,138,2.103100
mixed-16m,2,step,139,2.154200
mixed-16m,2,step,140,2.040100
mixed-16m,2,step,141,2.088300
mixed-16m,2,step,142,2.024900
mixed-16m,2,step,143,2.094700
mixed-16m,2,step,144,2.080600
mixed-16m,2,step,145,2.111100
mixed-16m,2,step,146,2.165400
mixed-16m,2,step,147,2.031300
mixed-16m,2,step,148,2.143500
mixed-16m,2,step,149,2.138100
mixed-16m,2,step,150,2.093100
mixed-16m,2,step,151,2.119600
mixed-16m,2,step,152,2.111200
mixed-16m,2,step,153,2.063400
mixed-16m,2,step,154,2.067300
mixed-16m,2,step,155,2.110900
mixed-16m,2,step,156,2.131300
mixed-16m,2,step,157,2.092600
mixed-16m,2,step,158,2.077100
mixed-16m,2,step,159,2.057800
mixed-16m,2,step,160,2.178500
mixed-16m,2,step,161,2.040200
mixed-16m,2,step,162,2.100200
mixed-16m,2,step,163,2.112100
mixed-16m,2,step,164,2.078700
mixed-16m,2,step,165,2.038500
mixed-16m,2,step,166,2.092900
mixed-16m,2,step,167,2.096300
mixed-16m,2,step,168,2.095400
mixed-16m,2,step,169,2.052800
mixed-16m,2,step,170,2.061200
mixed-16m,2,step,171,2.150200
mixed-16m,2,step,172,2.160600
mixed-16m,2,step,173,2.050000
mixed-16m,2,step,174,2.042800
mixed-16m,2,step,175,2.059900
mixed-16m,2,step,176,2.196300
mixed-16m,2,step,177,2.104500
mixed-16m,2,step,178,2.042500
mixed-16m,2,step,179,2.299000
mixed-16m,2,step,180,2.046900
mixed-16m,2,step,181,2.036600
mixed-16m,2,step,182,2.060500
mixed-16m,2,step,183,2.041600
mixed-16m,2,step,184,2.114000
mixed-16m,2,step,185,2.050500
mixed-16m,2,step,186,2.195100
mixed-16m,2,step,187,2.115400
mixed-16m,2,step,188,2.067000
mixed-16m,2,step,189,2.136700
mixed-16m,2,step,190,2.123700
mixed-16m,2,step,191,2.062100
mixed-16m,2,step,192,2.139400
mixed-16m,2,step,193,2.241500
mixed-16m,2,step,194,2.054200
mixed-16m,2,step,195,2.064600
mixed-16m,2,step,196,2.204300
mixed-16m,2,step,197,2.121900
mixed-16m,2,step,198,2.063900
mixed-16m,2,step,199,2.071700
mixed-16m,2,step,200,2.065600
mixed-16m,2,step,201,2.247700
mixed-16m,2,step,202,2.110800
mixed-16m,2,step,203,2.132800
mixed-16m,2,step,204,2.148900
mixed-16m,2,step,205,2.060800
mixed-16m,2,step,206,2.068400
mixed-16m,2,step,207,2.109300
mixed-16m,2,step,208,2.136900
mixed-16m,2,step,209,2.075600
mixed-16m,2,step,210,2.065800
mixed-16m,2,step,211,2.074200
mixed-16m,2,step,212,2.117000
mixed-16m,2,step,213,2.165000
mixed-16m,2,step,214,2.199900
mixed-16m,2,step,215,2.192900
mixed-16m,2,step,216,2.189500
mixed-16m,2,step,217,2.107200
mixed-16m,2,step,218,2.241200
mixed-16m,2,step,219,2.494300
mixed-16m,2,step,220,2.069300
mixed-16m,2,step,221,2.055200
mixed-16m,2,step,222,2.106100
mixed-16m,2,step,223,2.192600
mixed-16m,2,step,224,2.070800
mixed-16m,2,step,225,2.056200
mixed-16m,2,step,226,2.050000
mixed-16m,2,step,227,2.046900
mixed-16m,2,step,228,2.040900
mixed-16m,2,step,229,2.038500
mixed-16m,2,step,230,2.142000
mixed-16m,2,step,231,2.130400
mixed-16m,2,step,232,2.041900
mixed-16m,2,step,233,2.290100
mixed-16m,2,step,234,2.046700
mixed-16m,2,step,235,2.051700
mixed-16m,2,step,236,2.047100
mixed-16m,2,step,237,2.035400
mixed-16m,2,step,238,2.265600
mixed-16m,2,step,239,2.036100
mixed-16m,2,step,240,2.058800
mixed-16m,2,step,241,2.170800
mixed-16m,2,step,242,2.018800
mixed-16m,2,step,243,2.032600
mixed-16m,2,step,244,2.034200
mixed-16m,2,step,245,2.091200
mixed-16m,2,step,246,2.024700
mixed-16m,2,step,247,2.038700
mixed-16m,2,step,248,2.032100
mixed-16m,2,step,249,2.027200
mixed-16m,2,step,250,2.032000
mixed-16m,2,step,251,2.125500
mixed-16m,2,step,252,2.020600
mixed-16m,2,step,253,2.276300
mixed-16m,2,step,254,2.030300
mixed-16m,2,step,255,2.047000
mixed-16m,2,step,256,0.016600
mixed-16m,2,publish-frame,0,0.213800
mixed-16m,2,release,0,0.042600
mixed-16m,2,total,0,540.862500
mixed-16m,2,cancel-release,0,0.054900
mixed-16m,3,step,0,2.181900
mixed-16m,3,step,1,2.177500
mixed-16m,3,step,2,2.030400
mixed-16m,3,step,3,2.026100
mixed-16m,3,step,4,2.065000
mixed-16m,3,step,5,2.073300
mixed-16m,3,step,6,2.173900
mixed-16m,3,step,7,2.079000
mixed-16m,3,step,8,2.234400
mixed-16m,3,step,9,2.055700
mixed-16m,3,step,10,2.050100
mixed-16m,3,step,11,2.048700
mixed-16m,3,step,12,2.087000
mixed-16m,3,step,13,2.052800
mixed-16m,3,step,14,2.176700
mixed-16m,3,step,15,2.108800
mixed-16m,3,step,16,2.201300
mixed-16m,3,step,17,2.072000
mixed-16m,3,step,18,2.028900
mixed-16m,3,step,19,2.045600
mixed-16m,3,step,20,2.173900
mixed-16m,3,step,21,2.022200
mixed-16m,3,step,22,2.183400
mixed-16m,3,step,23,2.119200
mixed-16m,3,step,24,2.034400
mixed-16m,3,step,25,2.070400
mixed-16m,3,step,26,2.049200
mixed-16m,3,step,27,2.073800
mixed-16m,3,step,28,2.040600
mixed-16m,3,step,29,2.041000
mixed-16m,3,step,30,2.066300
mixed-16m,3,step,31,2.215800
mixed-16m,3,step,32,2.115900
mixed-16m,3,step,33,2.115000
mixed-16m,3,step,34,2.026500
mixed-16m,3,step,35,2.112500
mixed-16m,3,step,36,2.066500
mixed-16m,3,step,37,2.208100
mixed-16m,3,step,38,2.140900
mixed-16m,3,step,39,2.053700
mixed-16m,3,step,40,2.050100
mixed-16m,3,step,41,2.057900
mixed-16m,3,step,42,2.079100
mixed-16m,3,step,43,2.064800
mixed-16m,3,step,44,2.071500
mixed-16m,3,step,45,2.051600
mixed-16m,3,step,46,2.130400
mixed-16m,3,step,47,2.062200
mixed-16m,3,step,48,2.128300
mixed-16m,3,step,49,2.036800
mixed-16m,3,step,50,2.088400
mixed-16m,3,step,51,2.070200
mixed-16m,3,step,52,2.190700
mixed-16m,3,step,53,2.131200
mixed-16m,3,step,54,2.073500
mixed-16m,3,step,55,2.039700
mixed-16m,3,step,56,2.064100
mixed-16m,3,step,57,2.105600
mixed-16m,3,step,58,2.097400
mixed-16m,3,step,59,2.042400
mixed-16m,3,step,60,2.223400
mixed-16m,3,step,61,2.079200
mixed-16m,3,step,62,2.062900
mixed-16m,3,step,63,2.043300
mixed-16m,3,step,64,2.089000
mixed-16m,3,step,65,2.072800
mixed-16m,3,step,66,2.050300
mixed-16m,3,step,67,2.067800
mixed-16m,3,step,68,2.108100
mixed-16m,3,step,69,2.050000
mixed-16m,3,step,70,2.080200
mixed-16m,3,step,71,2.082000
mixed-16m,3,step,72,2.189000
mixed-16m,3,step,73,2.051500
mixed-16m,3,step,74,2.043700
mixed-16m,3,step,75,2.148500
mixed-16m,3,step,76,2.159400
mixed-16m,3,step,77,2.062300
mixed-16m,3,step,78,2.090700
mixed-16m,3,step,79,2.052600
mixed-16m,3,step,80,2.153700
mixed-16m,3,step,81,2.060400
mixed-16m,3,step,82,2.060400
mixed-16m,3,step,83,2.504100
mixed-16m,3,step,84,2.184300
mixed-16m,3,step,85,2.042200
mixed-16m,3,step,86,2.082700
mixed-16m,3,step,87,2.082300
mixed-16m,3,step,88,2.057000
mixed-16m,3,step,89,2.067400
mixed-16m,3,step,90,2.201900
mixed-16m,3,step,91,2.166400
mixed-16m,3,step,92,2.174900
mixed-16m,3,step,93,2.091100
mixed-16m,3,step,94,2.049900
mixed-16m,3,step,95,2.030900
mixed-16m,3,step,96,2.111600
mixed-16m,3,step,97,2.069800
mixed-16m,3,step,98,2.154900
mixed-16m,3,step,99,2.182900
mixed-16m,3,step,100,2.039000
mixed-16m,3,step,101,2.081100
mixed-16m,3,step,102,2.055300
mixed-16m,3,step,103,2.086000
mixed-16m,3,step,104,2.072000
mixed-16m,3,step,105,2.190000
mixed-16m,3,step,106,2.049500
mixed-16m,3,step,107,2.164200
mixed-16m,3,step,108,2.073200
mixed-16m,3,step,109,2.158500
mixed-16m,3,step,110,2.029000
mixed-16m,3,step,111,2.203900
mixed-16m,3,step,112,2.180400
mixed-16m,3,step,113,2.139800
mixed-16m,3,step,114,2.053000
mixed-16m,3,step,115,2.086600
mixed-16m,3,step,116,2.179900
mixed-16m,3,step,117,2.069300
mixed-16m,3,step,118,2.086000
mixed-16m,3,step,119,2.036200
mixed-16m,3,step,120,2.164200
mixed-16m,3,step,121,2.044500
mixed-16m,3,step,122,2.052800
mixed-16m,3,step,123,2.080100
mixed-16m,3,step,124,2.042500
mixed-16m,3,step,125,2.040500
mixed-16m,3,step,126,2.058800
mixed-16m,3,step,127,2.137100
mixed-16m,3,step,128,2.232300
mixed-16m,3,step,129,2.086900
mixed-16m,3,step,130,2.086000
mixed-16m,3,step,131,2.169600
mixed-16m,3,step,132,2.072600
mixed-16m,3,step,133,2.064000
mixed-16m,3,step,134,2.068600
mixed-16m,3,step,135,2.115600
mixed-16m,3,step,136,2.038700
mixed-16m,3,step,137,2.053900
mixed-16m,3,step,138,2.050600
mixed-16m,3,step,139,2.046800
mixed-16m,3,step,140,2.282900
mixed-16m,3,step,141,2.052900
mixed-16m,3,step,142,2.275500
mixed-16m,3,step,143,2.256400
mixed-16m,3,step,144,2.100600
mixed-16m,3,step,145,2.049400
mixed-16m,3,step,146,2.077900
mixed-16m,3,step,147,2.186800
mixed-16m,3,step,148,2.051700
mixed-16m,3,step,149,2.066100
mixed-16m,3,step,150,2.210300
mixed-16m,3,step,151,2.078900
mixed-16m,3,step,152,2.052600
mixed-16m,3,step,153,2.198000
mixed-16m,3,step,154,2.073000
mixed-16m,3,step,155,2.084600
mixed-16m,3,step,156,2.060900
mixed-16m,3,step,157,2.087200
mixed-16m,3,step,158,2.080500
mixed-16m,3,step,159,2.075100
mixed-16m,3,step,160,2.104100
mixed-16m,3,step,161,2.164800
mixed-16m,3,step,162,2.050600
mixed-16m,3,step,163,2.043900
mixed-16m,3,step,164,2.063500
mixed-16m,3,step,165,2.159200
mixed-16m,3,step,166,2.049700
mixed-16m,3,step,167,2.056900
mixed-16m,3,step,168,2.070800
mixed-16m,3,step,169,2.028400
mixed-16m,3,step,170,2.115400
mixed-16m,3,step,171,2.059700
mixed-16m,3,step,172,2.094400
mixed-16m,3,step,173,2.134600
mixed-16m,3,step,174,2.044700
mixed-16m,3,step,175,2.071700
mixed-16m,3,step,176,2.083400
mixed-16m,3,step,177,2.082600
mixed-16m,3,step,178,2.060500
mixed-16m,3,step,179,2.060000
mixed-16m,3,step,180,2.335900
mixed-16m,3,step,181,2.130700
mixed-16m,3,step,182,2.070600
mixed-16m,3,step,183,2.042600
mixed-16m,3,step,184,2.190100
mixed-16m,3,step,185,2.063300
mixed-16m,3,step,186,2.053100
mixed-16m,3,step,187,2.090100
mixed-16m,3,step,188,2.171100
mixed-16m,3,step,189,2.185300
mixed-16m,3,step,190,2.177400
mixed-16m,3,step,191,2.098300
mixed-16m,3,step,192,2.100500
mixed-16m,3,step,193,2.193000
mixed-16m,3,step,194,2.307900
mixed-16m,3,step,195,2.090400
mixed-16m,3,step,196,2.073800
mixed-16m,3,step,197,2.067300
mixed-16m,3,step,198,2.073800
mixed-16m,3,step,199,2.102700
mixed-16m,3,step,200,2.076600
mixed-16m,3,step,201,2.079300
mixed-16m,3,step,202,2.181900
mixed-16m,3,step,203,2.061400
mixed-16m,3,step,204,2.060900
mixed-16m,3,step,205,2.082700
mixed-16m,3,step,206,2.062400
mixed-16m,3,step,207,2.044200
mixed-16m,3,step,208,2.109000
mixed-16m,3,step,209,2.118900
mixed-16m,3,step,210,2.047600
mixed-16m,3,step,211,2.102500
mixed-16m,3,step,212,2.186000
mixed-16m,3,step,213,2.050000
mixed-16m,3,step,214,2.066400
mixed-16m,3,step,215,2.061900
mixed-16m,3,step,216,2.193300
mixed-16m,3,step,217,2.108200
mixed-16m,3,step,218,2.050200
mixed-16m,3,step,219,2.174000
mixed-16m,3,step,220,2.055000
mixed-16m,3,step,221,2.073300
mixed-16m,3,step,222,2.059900
mixed-16m,3,step,223,2.056000
mixed-16m,3,step,224,2.169900
mixed-16m,3,step,225,2.150600
mixed-16m,3,step,226,2.066100
mixed-16m,3,step,227,2.049900
mixed-16m,3,step,228,2.183000
mixed-16m,3,step,229,2.152900
mixed-16m,3,step,230,2.083300
mixed-16m,3,step,231,2.076300
mixed-16m,3,step,232,2.293500
mixed-16m,3,step,233,2.088200
mixed-16m,3,step,234,2.043900
mixed-16m,3,step,235,2.054500
mixed-16m,3,step,236,2.183000
mixed-16m,3,step,237,2.048200
mixed-16m,3,step,238,2.065500
mixed-16m,3,step,239,2.116500
mixed-16m,3,step,240,2.192100
mixed-16m,3,step,241,2.093400
mixed-16m,3,step,242,2.036900
mixed-16m,3,step,243,2.196200
mixed-16m,3,step,244,2.072500
mixed-16m,3,step,245,2.034500
mixed-16m,3,step,246,2.139900
mixed-16m,3,step,247,2.084800
mixed-16m,3,step,248,2.078300
mixed-16m,3,step,249,2.054000
mixed-16m,3,step,250,2.044900
mixed-16m,3,step,251,2.115700
mixed-16m,3,step,252,2.031900
mixed-16m,3,step,253,2.092700
mixed-16m,3,step,254,2.062600
mixed-16m,3,step,255,2.164700
mixed-16m,3,step,256,0.015400
mixed-16m,3,publish-frame,0,0.213000
mixed-16m,3,release,0,0.039200
mixed-16m,3,total,0,537.994300
mixed-16m,3,cancel-release,0,0.056900
mixed-16m,4,step,0,2.051400
mixed-16m,4,step,1,2.040900
mixed-16m,4,step,2,2.037100
mixed-16m,4,step,3,2.115000
mixed-16m,4,step,4,2.066300
mixed-16m,4,step,5,2.115100
mixed-16m,4,step,6,2.103700
mixed-16m,4,step,7,2.044500
mixed-16m,4,step,8,2.035400
mixed-16m,4,step,9,2.058000
mixed-16m,4,step,10,2.129000
mixed-16m,4,step,11,2.072500
mixed-16m,4,step,12,2.071600
mixed-16m,4,step,13,2.112300
mixed-16m,4,step,14,2.096000
mixed-16m,4,step,15,2.068400
mixed-16m,4,step,16,2.046000
mixed-16m,4,step,17,2.074800
mixed-16m,4,step,18,2.165600
mixed-16m,4,step,19,2.057900
mixed-16m,4,step,20,2.117300
mixed-16m,4,step,21,2.063600
mixed-16m,4,step,22,2.138100
mixed-16m,4,step,23,2.061400
mixed-16m,4,step,24,2.073800
mixed-16m,4,step,25,2.149700
mixed-16m,4,step,26,2.102100
mixed-16m,4,step,27,2.112900
mixed-16m,4,step,28,2.086700
mixed-16m,4,step,29,2.066800
mixed-16m,4,step,30,2.144300
mixed-16m,4,step,31,2.103300
mixed-16m,4,step,32,2.170800
mixed-16m,4,step,33,2.125800
mixed-16m,4,step,34,2.089000
mixed-16m,4,step,35,2.172700
mixed-16m,4,step,36,2.200400
mixed-16m,4,step,37,2.083900
mixed-16m,4,step,38,2.083500
mixed-16m,4,step,39,2.135200
mixed-16m,4,step,40,2.212900
mixed-16m,4,step,41,2.082400
mixed-16m,4,step,42,2.178800
mixed-16m,4,step,43,2.099000
mixed-16m,4,step,44,2.087200
mixed-16m,4,step,45,2.168300
mixed-16m,4,step,46,2.174000
mixed-16m,4,step,47,2.114300
mixed-16m,4,step,48,2.096000
mixed-16m,4,step,49,2.104700
mixed-16m,4,step,50,2.029500
mixed-16m,4,step,51,2.099800
mixed-16m,4,step,52,2.064600
mixed-16m,4,step,53,2.090200
mixed-16m,4,step,54,2.055500
mixed-16m,4,step,55,2.121100
mixed-16m,4,step,56,2.040500
mixed-16m,4,step,57,2.108500
mixed-16m,4,step,58,2.166700
mixed-16m,4,step,59,2.103900
mixed-16m,4,step,60,2.059700
mixed-16m,4,step,61,2.090100
mixed-16m,4,step,62,2.198200
mixed-16m,4,step,63,2.194900
mixed-16m,4,step,64,2.182100
mixed-16m,4,step,65,2.066400
mixed-16m,4,step,66,2.108300
mixed-16m,4,step,67,2.098200
mixed-16m,4,step,68,2.080500
mixed-16m,4,step,69,2.099600
mixed-16m,4,step,70,2.186500
mixed-16m,4,step,71,2.122600
mixed-16m,4,step,72,2.078200
mixed-16m,4,step,73,2.116900
mixed-16m,4,step,74,2.166600
mixed-16m,4,step,75,2.129500
mixed-16m,4,step,76,2.089200
mixed-16m,4,step,77,2.120400
mixed-16m,4,step,78,2.060900
mixed-16m,4,step,79,2.049400
mixed-16m,4,step,80,2.070600
mixed-16m,4,step,81,2.072900
mixed-16m,4,step,82,2.212100
mixed-16m,4,step,83,2.034200
mixed-16m,4,step,84,2.104800
mixed-16m,4,step,85,2.038000
mixed-16m,4,step,86,2.171300
mixed-16m,4,step,87,2.072200
mixed-16m,4,step,88,2.174400
mixed-16m,4,step,89,2.098200
mixed-16m,4,step,90,2.062900
mixed-16m,4,step,91,2.141100
mixed-16m,4,step,92,2.252400
mixed-16m,4,step,93,2.070700
mixed-16m,4,step,94,2.108900
mixed-16m,4,step,95,2.176400
mixed-16m,4,step,96,2.085000
mixed-16m,4,step,97,2.194200
mixed-16m,4,step,98,2.072800
mixed-16m,4,step,99,2.226300
mixed-16m,4,step,100,2.042700
mixed-16m,4,step,101,2.117100
mixed-16m,4,step,102,2.174600
mixed-16m,4,step,103,2.075100
mixed-16m,4,step,104,2.089500
mixed-16m,4,step,105,2.099600
mixed-16m,4,step,106,2.105700
mixed-16m,4,step,107,2.239300
mixed-16m,4,step,108,2.141100
mixed-16m,4,step,109,2.170300
mixed-16m,4,step,110,2.115300
mixed-16m,4,step,111,2.109000
mixed-16m,4,step,112,2.095300
mixed-16m,4,step,113,2.137700
mixed-16m,4,step,114,2.172100
mixed-16m,4,step,115,2.162700
mixed-16m,4,step,116,2.037500
mixed-16m,4,step,117,2.115100
mixed-16m,4,step,118,2.080700
mixed-16m,4,step,119,2.059100
mixed-16m,4,step,120,2.057900
mixed-16m,4,step,121,2.183800
mixed-16m,4,step,122,2.067000
mixed-16m,4,step,123,2.176100
mixed-16m,4,step,124,2.080000
mixed-16m,4,step,125,2.193700
mixed-16m,4,step,126,2.096300
mixed-16m,4,step,127,2.129700
mixed-16m,4,step,128,2.099900
mixed-16m,4,step,129,2.180200
mixed-16m,4,step,130,2.076900
mixed-16m,4,step,131,2.219500
mixed-16m,4,step,132,2.082400
mixed-16m,4,step,133,2.092400
mixed-16m,4,step,134,2.086300
mixed-16m,4,step,135,2.133100
mixed-16m,4,step,136,2.135600
mixed-16m,4,step,137,2.136800
mixed-16m,4,step,138,2.108300
mixed-16m,4,step,139,2.079800
mixed-16m,4,step,140,2.077200
mixed-16m,4,step,141,2.139400
mixed-16m,4,step,142,2.117900
mixed-16m,4,step,143,2.213400
mixed-16m,4,step,144,2.171400
mixed-16m,4,step,145,2.157600
mixed-16m,4,step,146,2.071800
mixed-16m,4,step,147,2.100100
mixed-16m,4,step,148,2.130000
mixed-16m,4,step,149,2.124200
mixed-16m,4,step,150,2.053500
mixed-16m,4,step,151,2.200300
mixed-16m,4,step,152,2.068000
mixed-16m,4,step,153,2.124500
mixed-16m,4,step,154,2.068000
mixed-16m,4,step,155,2.127300
mixed-16m,4,step,156,2.073500
mixed-16m,4,step,157,2.182100
mixed-16m,4,step,158,2.099700
mixed-16m,4,step,159,2.060400
mixed-16m,4,step,160,2.100900
mixed-16m,4,step,161,2.071500
mixed-16m,4,step,162,2.182600
mixed-16m,4,step,163,2.183500
mixed-16m,4,step,164,2.049700
mixed-16m,4,step,165,2.128800
mixed-16m,4,step,166,2.115400
mixed-16m,4,step,167,2.117000
mixed-16m,4,step,168,2.090600
mixed-16m,4,step,169,2.075100
mixed-16m,4,step,170,2.035100
mixed-16m,4,step,171,2.084800
mixed-16m,4,step,172,2.139900
mixed-16m,4,step,173,2.278600
mixed-16m,4,step,174,2.044600
mixed-16m,4,step,175,2.096900
mixed-16m,4,step,176,2.136500
mixed-16m,4,step,177,2.054700
mixed-16m,4,step,178,2.084000
mixed-16m,4,step,179,2.105100
mixed-16m,4,step,180,2.123500
mixed-16m,4,step,181,2.032100
mixed-16m,4,step,182,2.167500
mixed-16m,4,step,183,2.046400
mixed-16m,4,step,184,2.057100
mixed-16m,4,step,185,2.113800
mixed-16m,4,step,186,2.052400
mixed-16m,4,step,187,2.057500
mixed-16m,4,step,188,2.268700
mixed-16m,4,step,189,2.107100
mixed-16m,4,step,190,2.163000
mixed-16m,4,step,191,2.109300
mixed-16m,4,step,192,2.064700
mixed-16m,4,step,193,2.190000
mixed-16m,4,step,194,2.049200
mixed-16m,4,step,195,2.136100
mixed-16m,4,step,196,2.079300
mixed-16m,4,step,197,2.223100
mixed-16m,4,step,198,2.071700
mixed-16m,4,step,199,2.170000
mixed-16m,4,step,200,2.083000
mixed-16m,4,step,201,2.109100
mixed-16m,4,step,202,2.148100
mixed-16m,4,step,203,2.086500
mixed-16m,4,step,204,2.063000
mixed-16m,4,step,205,2.083100
mixed-16m,4,step,206,2.073600
mixed-16m,4,step,207,2.091700
mixed-16m,4,step,208,2.085300
mixed-16m,4,step,209,2.102900
mixed-16m,4,step,210,2.219900
mixed-16m,4,step,211,2.074300
mixed-16m,4,step,212,2.081200
mixed-16m,4,step,213,2.080700
mixed-16m,4,step,214,2.074800
mixed-16m,4,step,215,2.169400
mixed-16m,4,step,216,2.140300
mixed-16m,4,step,217,2.179400
mixed-16m,4,step,218,2.128900
mixed-16m,4,step,219,2.066200
mixed-16m,4,step,220,2.128800
mixed-16m,4,step,221,2.056300
mixed-16m,4,step,222,2.117700
mixed-16m,4,step,223,2.132300
mixed-16m,4,step,224,2.102900
mixed-16m,4,step,225,2.496700
mixed-16m,4,step,226,2.053800
mixed-16m,4,step,227,2.070700
mixed-16m,4,step,228,2.276100
mixed-16m,4,step,229,2.157500
mixed-16m,4,step,230,2.070400
mixed-16m,4,step,231,2.102100
mixed-16m,4,step,232,2.491500
mixed-16m,4,step,233,2.134200
mixed-16m,4,step,234,2.205400
mixed-16m,4,step,235,2.146900
mixed-16m,4,step,236,2.132700
mixed-16m,4,step,237,2.112300
mixed-16m,4,step,238,2.181600
mixed-16m,4,step,239,2.228500
mixed-16m,4,step,240,2.271400
mixed-16m,4,step,241,2.099100
mixed-16m,4,step,242,2.079200
mixed-16m,4,step,243,2.133600
mixed-16m,4,step,244,2.167800
mixed-16m,4,step,245,2.078200
mixed-16m,4,step,246,2.131200
mixed-16m,4,step,247,2.061400
mixed-16m,4,step,248,2.091100
mixed-16m,4,step,249,2.114800
mixed-16m,4,step,250,2.142200
mixed-16m,4,step,251,2.099700
mixed-16m,4,step,252,2.213700
mixed-16m,4,step,253,2.185800
mixed-16m,4,step,254,2.234000
mixed-16m,4,step,255,2.136200
mixed-16m,4,step,256,0.016900
mixed-16m,4,publish-frame,0,0.212600
mixed-16m,4,release,0,0.038500
mixed-16m,4,total,0,542.417700
mixed-16m,4,cancel-release,0,0.047900
