fixture,trial,operation,sample,elapsed_ms
ascii-16m,0,step,0,4.437443
ascii-16m,0,step,1,4.096331
ascii-16m,0,step,2,3.670940
ascii-16m,0,step,3,3.588174
ascii-16m,0,step,4,3.612961
ascii-16m,0,step,5,3.667995
ascii-16m,0,step,6,3.651073
ascii-16m,0,step,7,3.733889
ascii-16m,0,step,8,3.696097
ascii-16m,0,step,9,3.601720
ascii-16m,0,step,10,3.662274
ascii-16m,0,step,11,3.614413
ascii-16m,0,step,12,3.566123
ascii-16m,0,step,13,3.610867
ascii-16m,0,step,14,3.616448
ascii-16m,0,step,15,3.677603
ascii-16m,0,step,16,3.592653
ascii-16m,0,step,17,3.643960
ascii-16m,0,step,18,3.585940
ascii-16m,0,step,19,3.603183
ascii-16m,0,step,20,3.581612
ascii-16m,0,step,21,3.610557
ascii-16m,0,step,22,3.626306
ascii-16m,0,step,23,3.576823
ascii-16m,0,step,24,3.619784
ascii-16m,0,step,25,3.590098
ascii-16m,0,step,26,3.606288
ascii-16m,0,step,27,3.646344
ascii-16m,0,step,28,3.614153
ascii-16m,0,step,29,3.608824
ascii-16m,0,step,30,3.579568
ascii-16m,0,step,31,3.591470
ascii-16m,0,step,32,3.606218
ascii-16m,0,step,33,3.601800
ascii-16m,0,step,34,3.594556
ascii-16m,0,step,35,3.595789
ascii-16m,0,step,36,3.606379
ascii-16m,0,step,37,3.597322
ascii-16m,0,step,38,3.603984
ascii-16m,0,step,39,3.600849
ascii-16m,0,step,40,3.600207
ascii-16m,0,step,41,3.601038
ascii-16m,0,step,42,3.598033
ascii-16m,0,step,43,3.576322
ascii-16m,0,step,44,3.621677
ascii-16m,0,step,45,3.710425
ascii-16m,0,step,46,3.610296
ascii-16m,0,step,47,3.608002
ascii-16m,0,step,48,3.570230
ascii-16m,0,step,49,3.567826
ascii-16m,0,step,50,3.575150
ascii-16m,0,step,51,3.562105
ascii-16m,0,step,52,3.594216
ascii-16m,0,step,53,3.690807
ascii-16m,0,step,54,3.603804
ascii-16m,0,step,55,3.549221
ascii-16m,0,step,56,3.561945
ascii-16m,0,step,57,3.572985
ascii-16m,0,step,58,3.571282
ascii-16m,0,step,59,3.597742
ascii-16m,0,step,60,3.577464
ascii-16m,0,step,61,3.581602
ascii-16m,0,step,62,3.609865
ascii-16m,0,step,63,3.631676
ascii-16m,0,step,64,3.582704
ascii-16m,0,step,65,3.591551
ascii-16m,0,step,66,3.592492
ascii-16m,0,step,67,3.591831
ascii-16m,0,step,68,3.600056
ascii-16m,0,step,69,3.576863
ascii-16m,0,step,70,3.595428
ascii-16m,0,step,71,3.591741
ascii-16m,0,step,72,3.625094
ascii-16m,0,step,73,3.578868
ascii-16m,0,step,74,3.581662
ascii-16m,0,step,75,3.575220
ascii-16m,0,step,76,3.595779
ascii-16m,0,step,77,3.773754
ascii-16m,0,step,78,3.586081
ascii-16m,0,step,79,3.578606
ascii-16m,0,step,80,3.589496
ascii-16m,0,step,81,3.637618
ascii-16m,0,step,82,3.608202
ascii-16m,0,step,83,3.589988
ascii-16m,0,step,84,3.592814
ascii-16m,0,step,85,3.574679
ascii-16m,0,step,86,3.577865
ascii-16m,0,step,87,3.584528
ascii-16m,0,step,88,3.566403
ascii-16m,0,step,89,3.570961
ascii-16m,0,step,90,3.617710
ascii-16m,0,step,91,3.613121
ascii-16m,0,step,92,3.570962
ascii-16m,0,step,93,3.599345
ascii-16m,0,step,94,3.592091
ascii-16m,0,step,95,3.562405
ascii-16m,0,step,96,3.578165
ascii-16m,0,step,97,3.579027
ascii-16m,0,step,98,3.600097
ascii-16m,0,step,99,3.618050
ascii-16m,0,step,100,3.663767
ascii-16m,0,step,101,3.573837
ascii-16m,0,step,102,3.593986
ascii-16m,0,step,103,3.582964
ascii-16m,0,step,104,3.595919
ascii-16m,0,step,105,3.594065
ascii-16m,0,step,106,3.592011
ascii-16m,0,step,107,3.574378
ascii-16m,0,step,108,3.591100
ascii-16m,0,step,109,3.610617
ascii-16m,0,step,110,3.575861
ascii-16m,0,step,111,3.585960
ascii-16m,0,step,112,3.670619
ascii-16m,0,step,113,3.607161
ascii-16m,0,step,114,3.577193
ascii-16m,0,step,115,3.584868
ascii-16m,0,step,116,3.563037
ascii-16m,0,step,117,3.586552
ascii-16m,0,step,118,3.607661
ascii-16m,0,step,119,3.599195
ascii-16m,0,step,120,3.580389
ascii-16m,0,step,121,3.590869
ascii-16m,0,step,122,3.584077
ascii-16m,0,step,123,3.576433
ascii-16m,0,step,124,3.694675
ascii-16m,0,step,125,3.642847
ascii-16m,0,step,126,3.635564
ascii-16m,0,step,127,3.597692
ascii-16m,0,step,128,3.578507
ascii-16m,0,step,129,3.618852
ascii-16m,0,step,130,3.594416
ascii-16m,0,step,131,3.588404
ascii-16m,0,step,132,3.599315
ascii-16m,0,step,133,3.580460
ascii-16m,0,step,134,3.629432
ascii-16m,0,step,135,3.587263
ascii-16m,0,step,136,3.634632
ascii-16m,0,step,137,3.590318
ascii-16m,0,step,138,3.580640
ascii-16m,0,step,139,3.579137
ascii-16m,0,step,140,3.627309
ascii-16m,0,step,141,3.585599
ascii-16m,0,step,142,3.603624
ascii-16m,0,step,143,3.593033
ascii-16m,0,step,144,3.596059
ascii-16m,0,step,145,3.592523
ascii-16m,0,step,146,3.589347
ascii-16m,0,step,147,3.618541
ascii-16m,0,step,148,3.582373
ascii-16m,0,step,149,3.602300
ascii-16m,0,step,150,3.579538
ascii-16m,0,step,151,3.593685
ascii-16m,0,step,152,3.623070
ascii-16m,0,step,153,3.572625
ascii-16m,0,step,154,3.600789
ascii-16m,0,step,155,3.554982
ascii-16m,0,step,156,3.589587
ascii-16m,0,step,157,3.586912
ascii-16m,0,step,158,3.606329
ascii-16m,0,step,159,3.588075
ascii-16m,0,step,160,3.596750
ascii-16m,0,step,161,3.651153
ascii-16m,0,step,162,3.559430
ascii-16m,0,step,163,3.634301
ascii-16m,0,step,164,3.574328
ascii-16m,0,step,165,3.577615
ascii-16m,0,step,166,3.590739
ascii-16m,0,step,167,3.581863
ascii-16m,0,step,168,3.578135
ascii-16m,0,step,169,3.586250
ascii-16m,0,step,170,3.598814
ascii-16m,0,step,171,3.575170
ascii-16m,0,step,172,3.612050
ascii-16m,0,step,173,3.585199
ascii-16m,0,step,174,3.578586
ascii-16m,0,step,175,3.604476
ascii-16m,0,step,176,3.604465
ascii-16m,0,step,177,3.581632
ascii-16m,0,step,178,3.593194
ascii-16m,0,step,179,3.581682
ascii-16m,0,step,180,3.581632
ascii-16m,0,step,181,3.592442
ascii-16m,0,step,182,3.580040
ascii-16m,0,step,183,3.594666
ascii-16m,0,step,184,3.602552
ascii-16m,0,step,185,3.573336
ascii-16m,0,step,186,3.687973
ascii-16m,0,step,187,3.598855
ascii-16m,0,step,188,3.600878
ascii-16m,0,step,189,3.578496
ascii-16m,0,step,190,3.584587
ascii-16m,0,step,191,3.627368
ascii-16m,0,step,192,3.758225
ascii-16m,0,step,193,3.610867
ascii-16m,0,step,194,3.552848
ascii-16m,0,step,195,3.565602
ascii-16m,0,step,196,3.589737
ascii-16m,0,step,197,3.582994
ascii-16m,0,step,198,3.597292
ascii-16m,0,step,199,3.621167
ascii-16m,0,step,200,3.621678
ascii-16m,0,step,201,3.615926
ascii-16m,0,step,202,3.596660
ascii-16m,0,step,203,3.589377
ascii-16m,0,step,204,3.608042
ascii-16m,0,step,205,3.671471
ascii-16m,0,step,206,3.595768
ascii-16m,0,step,207,3.574819
ascii-16m,0,step,208,3.593544
ascii-16m,0,step,209,3.565181
ascii-16m,0,step,210,3.625274
ascii-16m,0,step,211,3.593815
ascii-16m,0,step,212,3.587163
ascii-16m,0,step,213,3.566504
ascii-16m,0,step,214,3.568838
ascii-16m,0,step,215,3.596951
ascii-16m,0,step,216,3.597091
ascii-16m,0,step,217,3.577505
ascii-16m,0,step,218,3.579989
ascii-16m,0,step,219,3.577194
ascii-16m,0,step,220,3.607561
ascii-16m,0,step,221,3.576432
ascii-16m,0,step,222,3.653548
ascii-16m,0,step,223,3.603954
ascii-16m,0,step,224,3.634402
ascii-16m,0,step,225,3.609364
ascii-16m,0,step,226,3.592863
ascii-16m,0,step,227,3.611438
ascii-16m,0,step,228,3.597121
ascii-16m,0,step,229,3.624122
ascii-16m,0,step,230,3.616087
ascii-16m,0,step,231,3.593054
ascii-16m,0,step,232,3.592913
ascii-16m,0,step,233,3.601229
ascii-16m,0,step,234,3.610597
ascii-16m,0,step,235,3.604876
ascii-16m,0,step,236,3.615927
ascii-16m,0,step,237,3.608161
ascii-16m,0,step,238,3.616679
ascii-16m,0,step,239,3.598804
ascii-16m,0,step,240,3.605598
ascii-16m,0,step,241,3.669658
ascii-16m,0,step,242,3.598774
ascii-16m,0,step,243,3.619593
ascii-16m,0,step,244,3.612991
ascii-16m,0,step,245,3.600667
ascii-16m,0,step,246,3.879884
ascii-16m,0,step,247,3.644761
ascii-16m,0,step,248,3.627219
ascii-16m,0,step,249,3.612520
ascii-16m,0,step,250,3.603964
ascii-16m,0,step,251,3.686089
ascii-16m,0,step,252,3.675328
ascii-16m,0,step,253,3.613352
ascii-16m,0,step,254,3.597011
ascii-16m,0,step,255,3.626016
ascii-16m,0,step,256,0.022933
ascii-16m,0,publish-frame,0,0.226707
ascii-16m,0,release,0,0.026871
ascii-16m,0,total,0,924.236472
ascii-16m,0,cancel-release,0,0.029727
ascii-16m,1,step,0,3.596690
ascii-16m,1,step,1,3.581552
ascii-16m,1,step,2,3.549272
ascii-16m,1,step,3,3.598143
ascii-16m,1,step,4,3.660660
ascii-16m,1,step,5,3.577053
ascii-16m,1,step,6,3.622159
ascii-16m,1,step,7,3.600407
ascii-16m,1,step,8,3.633921
ascii-16m,1,step,9,3.601580
ascii-16m,1,step,10,3.757564
ascii-16m,1,step,11,3.608262
ascii-16m,1,step,12,3.586431
ascii-16m,1,step,13,3.581742
ascii-16m,1,step,14,3.592122
ascii-16m,1,step,15,3.576783
ascii-16m,1,step,16,3.581272
ascii-16m,1,step,17,3.534974
ascii-16m,1,step,18,3.543110
ascii-16m,1,step,19,3.588014
ascii-16m,1,step,20,3.549853
ascii-16m,1,step,21,3.573346
ascii-16m,1,step,22,3.589737
ascii-16m,1,step,23,3.561174
ascii-16m,1,step,24,3.564370
ascii-16m,1,step,25,3.565231
ascii-16m,1,step,26,3.584808
ascii-16m,1,step,27,3.567025
ascii-16m,1,step,28,3.609845
ascii-16m,1,step,29,3.562156
ascii-16m,1,step,30,3.567796
ascii-16m,1,step,31,3.551866
ascii-16m,1,step,32,3.562055
ascii-16m,1,step,33,3.578035
ascii-16m,1,step,34,3.580290
ascii-16m,1,step,35,3.585249
ascii-16m,1,step,36,3.556184
ascii-16m,1,step,37,3.594426
ascii-16m,1,step,38,3.559831
ascii-16m,1,step,39,3.691058
ascii-16m,1,step,40,3.592643
ascii-16m,1,step,41,3.629883
ascii-16m,1,step,42,3.591982
ascii-16m,1,step,43,3.673475
ascii-16m,1,step,44,3.581963
ascii-16m,1,step,45,3.612380
ascii-16m,1,step,46,3.580310
ascii-16m,1,step,47,3.622258
ascii-16m,1,step,48,3.576091
ascii-16m,1,step,49,3.607099
ascii-16m,1,step,50,3.595578
ascii-16m,1,step,51,3.583145
ascii-16m,1,step,52,3.598543
ascii-16m,1,step,53,3.600788
ascii-16m,1,step,54,3.600588
ascii-16m,1,step,55,3.601660
ascii-16m,1,step,56,3.611098
ascii-16m,1,step,57,3.588445
ascii-16m,1,step,58,3.600518
ascii-16m,1,step,59,3.621467
ascii-16m,1,step,60,3.594757
ascii-16m,1,step,61,3.593174
ascii-16m,1,step,62,3.611098
ascii-16m,1,step,63,3.596971
ascii-16m,1,step,64,3.601550
ascii-16m,1,step,65,3.637718
ascii-16m,1,step,66,3.586060
ascii-16m,1,step,67,3.589587
ascii-16m,1,step,68,3.667453
ascii-16m,1,step,69,3.600528
ascii-16m,1,step,70,3.592642
ascii-16m,1,step,71,3.596130
ascii-16m,1,step,72,3.594446
ascii-16m,1,step,73,3.593224
ascii-16m,1,step,74,3.616878
ascii-16m,1,step,75,3.596290
ascii-16m,1,step,76,3.598804
ascii-16m,1,step,77,3.622820
ascii-16m,1,step,78,3.594116
ascii-16m,1,step,79,3.570090
ascii-16m,1,step,80,3.613482
ascii-16m,1,step,81,3.573988
ascii-16m,1,step,82,3.604525
ascii-16m,1,step,83,3.606158
ascii-16m,1,step,84,3.588735
ascii-16m,1,step,85,3.567806
ascii-16m,1,step,86,3.588115
ascii-16m,1,step,87,3.589216
ascii-16m,1,step,88,3.580129
ascii-16m,1,step,89,3.588565
ascii-16m,1,step,90,3.616558
ascii-16m,1,step,91,3.565341
ascii-16m,1,step,92,3.610145
ascii-16m,1,step,93,3.602200
ascii-16m,1,step,94,3.599406
ascii-16m,1,step,95,3.579608
ascii-16m,1,step,96,3.566203
ascii-16m,1,step,97,3.580690
ascii-16m,1,step,98,3.561144
ascii-16m,1,step,99,3.567545
ascii-16m,1,step,100,3.609194
ascii-16m,1,step,101,3.596019
ascii-16m,1,step,102,3.717718
ascii-16m,1,step,103,3.673204
ascii-16m,1,step,104,3.595408
ascii-16m,1,step,105,3.579829
ascii-16m,1,step,106,3.594456
ascii-16m,1,step,107,3.592573
ascii-16m,1,step,108,3.595588
ascii-16m,1,step,109,3.635693
ascii-16m,1,step,110,3.594867
ascii-16m,1,step,111,3.618842
ascii-16m,1,step,112,3.595428
ascii-16m,1,step,113,3.585440
ascii-16m,1,step,114,3.594566
ascii-16m,1,step,115,3.574319
ascii-16m,1,step,116,3.576503
ascii-16m,1,step,117,3.590659
ascii-16m,1,step,118,3.587483
ascii-16m,1,step,119,3.581521
ascii-16m,1,step,120,3.585729
ascii-16m,1,step,121,3.594847
ascii-16m,1,step,122,3.602421
ascii-16m,1,step,123,3.571533
ascii-16m,1,step,124,3.592772
ascii-16m,1,step,125,3.590799
ascii-16m,1,step,126,3.686188
ascii-16m,1,step,127,3.601549
ascii-16m,1,step,128,3.585490
ascii-16m,1,step,129,3.629612
ascii-16m,1,step,130,3.606079
ascii-16m,1,step,131,3.595197
ascii-16m,1,step,132,3.586120
ascii-16m,1,step,133,3.606409
ascii-16m,1,step,134,3.576272
ascii-16m,1,step,135,3.610787
ascii-16m,1,step,136,3.590178
ascii-16m,1,step,137,3.602481
ascii-16m,1,step,138,3.622739
ascii-16m,1,step,139,3.611068
ascii-16m,1,step,140,3.601409
ascii-16m,1,step,141,3.597792
ascii-16m,1,step,142,3.584468
ascii-16m,1,step,143,3.599616
ascii-16m,1,step,144,3.618251
ascii-16m,1,step,145,3.604064
ascii-16m,1,step,146,3.590108
ascii-16m,1,step,147,3.618371
ascii-16m,1,step,148,3.635403
ascii-16m,1,step,149,3.641976
ascii-16m,1,step,150,3.810032
ascii-16m,1,step,151,3.607500
ascii-16m,1,step,152,3.653768
ascii-16m,1,step,153,3.654049
ascii-16m,1,step,154,3.608192
ascii-16m,1,step,155,3.594446
ascii-16m,1,step,156,3.595087
ascii-16m,1,step,157,3.581242
ascii-16m,1,step,158,3.601520
ascii-16m,1,step,159,3.588786
ascii-16m,1,step,160,3.614504
ascii-16m,1,step,161,3.608282
ascii-16m,1,step,162,3.599135
ascii-16m,1,step,163,3.582834
ascii-16m,1,step,164,3.576462
ascii-16m,1,step,165,3.595538
ascii-16m,1,step,166,3.661953
ascii-16m,1,step,167,3.580549
ascii-16m,1,step,168,3.591641
ascii-16m,1,step,169,3.587904
ascii-16m,1,step,170,3.605677
ascii-16m,1,step,171,3.606639
ascii-16m,1,step,172,3.599636
ascii-16m,1,step,173,3.589617
ascii-16m,1,step,174,3.583716
ascii-16m,1,step,175,3.771490
ascii-16m,1,step,176,3.635273
ascii-16m,1,step,177,3.571463
ascii-16m,1,step,178,3.607660
ascii-16m,1,step,179,3.579818
ascii-16m,1,step,180,3.599346
ascii-16m,1,step,181,3.597953
ascii-16m,1,step,182,3.675069
ascii-16m,1,step,183,3.684205
ascii-16m,1,step,184,3.625705
ascii-16m,1,step,185,3.597652
ascii-16m,1,step,186,3.593064
ascii-16m,1,step,187,3.575310
ascii-16m,1,step,188,3.603784
ascii-16m,1,step,189,3.605617
ascii-16m,1,step,190,3.583356
ascii-16m,1,step,191,3.584297
ascii-16m,1,step,192,3.575110
ascii-16m,1,step,193,3.615937
ascii-16m,1,step,194,3.629542
ascii-16m,1,step,195,3.677002
ascii-16m,1,step,196,3.588395
ascii-16m,1,step,197,3.592483
ascii-16m,1,step,198,3.590328
ascii-16m,1,step,199,3.590699
ascii-16m,1,step,200,3.603283
ascii-16m,1,step,201,3.610436
ascii-16m,1,step,202,3.579539
ascii-16m,1,step,203,3.628670
ascii-16m,1,step,204,3.591550
ascii-16m,1,step,205,3.592442
ascii-16m,1,step,206,3.645582
ascii-16m,1,step,207,3.586361
ascii-16m,1,step,208,3.584427
ascii-16m,1,step,209,3.603693
ascii-16m,1,step,210,3.590068
ascii-16m,1,step,211,3.580380
ascii-16m,1,step,212,3.605197
ascii-16m,1,step,213,3.592322
ascii-16m,1,step,214,3.685820
ascii-16m,1,step,215,3.580771
ascii-16m,1,step,216,3.596670
ascii-16m,1,step,217,3.605698
ascii-16m,1,step,218,3.589487
ascii-16m,1,step,219,3.604185
ascii-16m,1,step,220,3.588696
ascii-16m,1,step,221,3.588856
ascii-16m,1,step,222,3.589346
ascii-16m,1,step,223,3.634241
ascii-16m,1,step,224,3.595629
ascii-16m,1,step,225,3.583736
ascii-16m,1,step,226,3.596911
ascii-16m,1,step,227,3.607100
ascii-16m,1,step,228,3.574008
ascii-16m,1,step,229,3.610427
ascii-16m,1,step,230,3.588274
ascii-16m,1,step,231,3.589877
ascii-16m,1,step,232,3.635623
ascii-16m,1,step,233,3.585910
ascii-16m,1,step,234,3.602020
ascii-16m,1,step,235,3.860868
ascii-16m,1,step,236,3.582634
ascii-16m,1,step,237,3.672904
ascii-16m,1,step,238,3.598985
ascii-16m,1,step,239,3.591531
ascii-16m,1,step,240,3.608442
ascii-16m,1,step,241,3.730612
ascii-16m,1,step,242,3.668936
ascii-16m,1,step,243,3.581001
ascii-16m,1,step,244,3.609254
ascii-16m,1,step,245,3.604745
ascii-16m,1,step,246,3.604996
ascii-16m,1,step,247,3.583766
ascii-16m,1,step,248,3.598193
ascii-16m,1,step,249,3.602360
ascii-16m,1,step,250,3.583325
ascii-16m,1,step,251,3.586471
ascii-16m,1,step,252,3.606198
ascii-16m,1,step,253,3.590639
ascii-16m,1,step,254,3.565652
ascii-16m,1,step,255,3.620204
ascii-16m,1,step,256,0.020880
ascii-16m,1,publish-frame,0,0.227448
ascii-16m,1,release,0,0.030357
ascii-16m,1,total,0,922.651219
ascii-16m,1,cancel-release,0,0.028413
ascii-16m,2,step,0,3.606709
ascii-16m,2,step,1,3.584046
ascii-16m,2,step,2,3.616939
ascii-16m,2,step,3,3.585900
ascii-16m,2,step,4,3.551496
ascii-16m,2,step,5,3.573376
ascii-16m,2,step,6,3.599226
ascii-16m,2,step,7,3.561745
ascii-16m,2,step,8,3.561865
ascii-16m,2,step,9,3.569309
ascii-16m,2,step,10,3.560302
ascii-16m,2,step,11,3.562155
ascii-16m,2,step,12,3.560572
ascii-16m,2,step,13,3.567556
ascii-16m,2,step,14,3.574107
ascii-16m,2,step,15,3.566343
ascii-16m,2,step,16,3.551145
ascii-16m,2,step,17,3.568668
ascii-16m,2,step,18,3.562496
ascii-16m,2,step,19,3.591812
ascii-16m,2,step,20,3.559270
ascii-16m,2,step,21,3.576142
ascii-16m,2,step,22,3.615646
ascii-16m,2,step,23,3.562746
ascii-16m,2,step,24,3.577815
ascii-16m,2,step,25,3.555252
ascii-16m,2,step,26,3.570621
ascii-16m,2,step,27,3.569139
ascii-16m,2,step,28,3.561965
ascii-16m,2,step,29,3.557687
ascii-16m,2,step,30,3.551425
ascii-16m,2,step,31,3.586422
ascii-16m,2,step,32,3.573807
ascii-16m,2,step,33,3.662214
ascii-16m,2,step,34,3.577835
ascii-16m,2,step,35,3.550484
ascii-16m,2,step,36,3.559220
ascii-16m,2,step,37,3.572615
ascii-16m,2,step,38,3.616778
ascii-16m,2,step,39,3.593224
ascii-16m,2,step,40,3.610346
ascii-16m,2,step,41,3.586261
ascii-16m,2,step,42,3.588224
ascii-16m,2,step,43,3.600086
ascii-16m,2,step,44,3.569129
ascii-16m,2,step,45,3.608312
ascii-16m,2,step,46,3.610686
ascii-16m,2,step,47,3.590058
ascii-16m,2,step,48,3.591311
ascii-16m,2,step,49,3.572745
ascii-16m,2,step,50,3.620235
ascii-16m,2,step,51,3.581642
ascii-16m,2,step,52,3.599265
ascii-16m,2,step,53,3.581582
ascii-16m,2,step,54,3.578396
ascii-16m,2,step,55,3.582504
ascii-16m,2,step,56,3.610987
ascii-16m,2,step,57,3.600027
ascii-16m,2,step,58,3.580830
ascii-16m,2,step,59,3.603173
ascii-16m,2,step,60,3.575390
ascii-16m,2,step,61,3.549962
ascii-16m,2,step,62,3.596070
ascii-16m,2,step,63,3.578065
ascii-16m,2,step,64,3.578396
ascii-16m,2,step,65,3.592703
ascii-16m,2,step,66,3.600788
ascii-16m,2,step,67,3.600187
ascii-16m,2,step,68,3.620936
ascii-16m,2,step,69,3.581361
ascii-16m,2,step,70,3.600988
ascii-16m,2,step,71,3.563889
ascii-16m,2,step,72,3.587142
ascii-16m,2,step,73,3.619383
ascii-16m,2,step,74,3.587253
ascii-16m,2,step,75,3.594927
ascii-16m,2,step,76,3.580330
ascii-16m,2,step,77,3.620305
ascii-16m,2,step,78,3.583716
ascii-16m,2,step,79,3.592563
ascii-16m,2,step,80,3.608363
ascii-16m,2,step,81,3.593685
ascii-16m,2,step,82,3.580159
ascii-16m,2,step,83,3.582954
ascii-16m,2,step,84,3.600989
ascii-16m,2,step,85,3.605727
ascii-16m,2,step,86,3.612730
ascii-16m,2,step,87,3.612240
ascii-16m,2,step,88,3.567966
ascii-16m,2,step,89,3.585559
ascii-16m,2,step,90,3.595929
ascii-16m,2,step,91,3.577875
ascii-16m,2,step,92,3.653798
ascii-16m,2,step,93,3.646494
ascii-16m,2,step,94,3.628330
ascii-16m,2,step,95,3.606018
ascii-16m,2,step,96,3.571002
ascii-16m,2,step,97,3.562045
ascii-16m,2,step,98,3.569298
ascii-16m,2,step,99,3.627208
ascii-16m,2,step,100,3.603293
ascii-16m,2,step,101,3.591400
ascii-16m,2,step,102,3.585449
ascii-16m,2,step,103,3.631185
ascii-16m,2,step,104,3.569179
ascii-16m,2,step,105,3.589266
ascii-16m,2,step,106,3.582234
ascii-16m,2,step,107,3.571452
ascii-16m,2,step,108,3.571514
ascii-16m,2,step,109,3.611939
ascii-16m,2,step,110,3.614734
ascii-16m,2,step,111,3.577344
ascii-16m,2,step,112,3.622399
ascii-16m,2,step,113,3.578366
ascii-16m,2,step,114,3.582914
ascii-16m,2,step,115,3.579308
ascii-16m,2,step,116,3.573847
ascii-16m,2,step,117,3.582153
ascii-16m,2,step,118,3.566864
ascii-16m,2,step,119,3.596660
ascii-16m,2,step,120,3.565733
ascii-16m,2,step,121,3.628630
ascii-16m,2,step,122,3.601269
ascii-16m,2,step,123,3.578286
ascii-16m,2,step,124,3.608282
ascii-16m,2,step,125,3.568527
ascii-16m,2,step,126,3.608412
ascii-16m,2,step,127,3.612871
ascii-16m,2,step,128,3.571443
ascii-16m,2,step,129,3.599716
ascii-16m,2,step,130,3.597011
ascii-16m,2,step,131,3.607912
ascii-16m,2,step,132,3.589747
ascii-16m,2,step,133,3.570972
ascii-16m,2,step,134,3.585890
ascii-16m,2,step,135,3.561985
ascii-16m,2,step,136,3.610627
ascii-16m,2,step,137,3.576051
ascii-16m,2,step,138,3.563168
ascii-16m,2,step,139,3.606949
ascii-16m,2,step,140,3.575059
ascii-16m,2,step,141,3.581903
ascii-16m,2,step,142,3.586631
ascii-16m,2,step,143,3.597552
ascii-16m,2,step,144,3.581752
ascii-16m,2,step,145,3.670620
ascii-16m,2,step,146,3.578447
ascii-16m,2,step,147,3.560803
ascii-16m,2,step,148,3.586622
ascii-16m,2,step,149,3.620034
ascii-16m,2,step,150,3.564951
ascii-16m,2,step,151,3.597432
ascii-16m,2,step,152,3.565291
ascii-16m,2,step,153,3.588315
ascii-16m,2,step,154,3.599125
ascii-16m,2,step,155,3.557456
ascii-16m,2,step,156,3.599736
ascii-16m,2,step,157,3.573286
ascii-16m,2,step,158,3.581702
ascii-16m,2,step,159,3.566434
ascii-16m,2,step,160,3.571583
ascii-16m,2,step,161,3.579348
ascii-16m,2,step,162,3.573146
ascii-16m,2,step,163,3.611598
ascii-16m,2,step,164,3.574569
ascii-16m,2,step,165,3.595588
ascii-16m,2,step,166,3.707810
ascii-16m,2,step,167,3.588605
ascii-16m,2,step,168,3.597122
ascii-16m,2,step,169,3.582464
ascii-16m,2,step,170,3.594596
ascii-16m,2,step,171,3.590869
ascii-16m,2,step,172,3.688553
ascii-16m,2,step,173,3.604294
ascii-16m,2,step,174,3.574900
ascii-16m,2,step,175,3.601209
ascii-16m,2,step,176,3.640713
ascii-16m,2,step,177,3.557777
ascii-16m,2,step,178,3.587173
ascii-16m,2,step,179,3.585399
ascii-16m,2,step,180,3.577785
ascii-16m,2,step,181,3.575490
ascii-16m,2,step,182,3.577234
ascii-16m,2,step,183,3.589788
ascii-16m,2,step,184,3.568888
ascii-16m,2,step,185,3.658166
ascii-16m,2,step,186,3.601930
ascii-16m,2,step,187,3.571644
ascii-16m,2,step,188,3.596130
ascii-16m,2,step,189,3.551846
ascii-16m,2,step,190,3.582734
ascii-16m,2,step,191,3.585670
ascii-16m,2,step,192,3.591821
ascii-16m,2,step,193,3.582263
ascii-16m,2,step,194,3.582043
ascii-16m,2,step,195,3.612290
ascii-16m,2,step,196,3.584517
ascii-16m,2,step,197,3.574028
ascii-16m,2,step,198,3.591892
ascii-16m,2,step,199,3.568006
ascii-16m,2,step,200,3.586000
ascii-16m,2,step,201,3.582734
ascii-16m,2,step,202,3.587873
ascii-16m,2,step,203,3.587924
ascii-16m,2,step,204,3.625344
ascii-16m,2,step,205,3.595798
ascii-16m,2,step,206,3.591360
ascii-16m,2,step,207,3.566994
ascii-16m,2,step,208,3.582573
ascii-16m,2,step,209,3.603734
ascii-16m,2,step,210,3.578757
ascii-16m,2,step,211,3.565351
ascii-16m,2,step,212,3.586621
ascii-16m,2,step,213,3.580800
ascii-16m,2,step,214,3.568878
ascii-16m,2,step,215,3.578025
ascii-16m,2,step,216,3.565381
ascii-16m,2,step,217,3.584818
ascii-16m,2,step,218,3.580530
ascii-16m,2,step,219,3.577314
ascii-16m,2,step,220,3.565292
ascii-16m,2,step,221,3.574698
ascii-16m,2,step,222,3.602561
ascii-16m,2,step,223,3.562265
ascii-16m,2,step,224,3.588334
ascii-16m,2,step,225,3.578205
ascii-16m,2,step,226,3.810984
ascii-16m,2,step,227,3.592653
ascii-16m,2,step,228,3.558759
ascii-16m,2,step,229,3.610075
ascii-16m,2,step,230,3.611979
ascii-16m,2,step,231,3.640993
ascii-16m,2,step,232,3.599115
ascii-16m,2,step,233,3.647997
ascii-16m,2,step,234,3.612490
ascii-16m,2,step,235,3.574799
ascii-16m,2,step,236,3.558448
ascii-16m,2,step,237,3.603433
ascii-16m,2,step,238,3.577484
ascii-16m,2,step,239,3.574890
ascii-16m,2,step,240,3.624543
ascii-16m,2,step,241,3.587704
ascii-16m,2,step,242,3.585549
ascii-16m,2,step,243,3.577164
ascii-16m,2,step,244,3.577544
ascii-16m,2,step,245,3.586371
ascii-16m,2,step,246,3.616237
ascii-16m,2,step,247,3.594847
ascii-16m,2,step,248,3.572104
ascii-16m,2,step,249,3.615867
ascii-16m,2,step,250,3.589747
ascii-16m,2,step,251,3.591801
ascii-16m,2,step,252,3.582594
ascii-16m,2,step,253,3.583325
ascii-16m,2,step,254,3.579127
ascii-16m,2,step,255,3.604845
ascii-16m,2,step,256,0.019797
ascii-16m,2,publish-frame,0,0.235483
ascii-16m,2,release,0,0.031740
ascii-16m,2,total,0,919.242470
ascii-16m,2,cancel-release,0,0.029015
ascii-16m,3,step,0,3.667644
ascii-16m,3,step,1,3.670078
ascii-16m,3,step,2,3.638609
ascii-16m,3,step,3,3.596590
ascii-16m,3,step,4,3.578827
ascii-16m,3,step,5,3.588535
ascii-16m,3,step,6,3.559991
ascii-16m,3,step,7,3.580560
ascii-16m,3,step,8,3.576282
ascii-16m,3,step,9,3.581081
ascii-16m,3,step,10,3.574569
ascii-16m,3,step,11,3.573196
ascii-16m,3,step,12,3.607190
ascii-16m,3,step,13,3.611528
ascii-16m,3,step,14,3.601219
ascii-16m,3,step,15,3.577263
ascii-16m,3,step,16,3.595589
ascii-16m,3,step,17,3.577544
ascii-16m,3,step,18,3.574649
ascii-16m,3,step,19,3.532179
ascii-16m,3,step,20,3.576643
ascii-16m,3,step,21,3.542168
ascii-16m,3,step,22,3.603313
ascii-16m,3,step,23,3.568307
ascii-16m,3,step,24,3.640703
ascii-16m,3,step,25,3.573086
ascii-16m,3,step,26,3.560983
ascii-16m,3,step,27,3.593444
ascii-16m,3,step,28,3.555543
ascii-16m,3,step,29,3.541086
ascii-16m,3,step,30,3.568808
ascii-16m,3,step,31,3.581982
ascii-16m,3,step,32,3.586821
ascii-16m,3,step,33,3.550163
ascii-16m,3,step,34,3.572254
ascii-16m,3,step,35,3.600548
ascii-16m,3,step,36,3.582193
ascii-16m,3,step,37,3.585769
ascii-16m,3,step,38,3.557967
ascii-16m,3,step,39,3.587173
ascii-16m,3,step,40,3.591010
ascii-16m,3,step,41,3.588404
ascii-16m,3,step,42,3.588555
ascii-16m,3,step,43,3.574289
ascii-16m,3,step,44,3.582754
ascii-16m,3,step,45,3.581101
ascii-16m,3,step,46,3.601970
ascii-16m,3,step,47,3.570621
ascii-16m,3,step,48,3.593073
ascii-16m,3,step,49,3.623320
ascii-16m,3,step,50,3.579127
ascii-16m,3,step,51,3.585430
ascii-16m,3,step,52,3.571833
ascii-16m,3,step,53,3.607311
ascii-16m,3,step,54,3.590669
ascii-16m,3,step,55,3.600537
ascii-16m,3,step,56,3.581010
ascii-16m,3,step,57,3.632548
ascii-16m,3,step,58,3.621417
ascii-16m,3,step,59,3.579919
ascii-16m,3,step,60,3.575210
ascii-16m,3,step,61,3.615436
ascii-16m,3,step,62,3.581341
ascii-16m,3,step,63,3.592192
ascii-16m,3,step,64,3.595558
ascii-16m,3,step,65,3.582103
ascii-16m,3,step,66,3.596299
ascii-16m,3,step,67,3.565180
ascii-16m,3,step,68,3.601068
ascii-16m,3,step,69,3.599175
ascii-16m,3,step,70,3.556685
ascii-16m,3,step,71,3.624182
ascii-16m,3,step,72,3.614134
ascii-16m,3,step,73,3.574609
ascii-16m,3,step,74,3.603634
ascii-16m,3,step,75,3.573006
ascii-16m,3,step,76,3.583966
ascii-16m,3,step,77,3.618622
ascii-16m,3,step,78,3.601209
ascii-16m,3,step,79,3.577965
ascii-16m,3,step,80,3.586121
ascii-16m,3,step,81,3.589618
ascii-16m,3,step,82,3.572785
ascii-16m,3,step,83,3.711336
ascii-16m,3,step,84,3.593715
ascii-16m,3,step,85,3.582915
ascii-16m,3,step,86,3.607029
ascii-16m,3,step,87,3.557957
ascii-16m,3,step,88,3.608122
ascii-16m,3,step,89,3.587613
ascii-16m,3,step,90,3.633129
ascii-16m,3,step,91,3.598624
ascii-16m,3,step,92,3.579367
ascii-16m,3,step,93,3.636696
ascii-16m,3,step,94,3.667584
ascii-16m,3,step,95,3.585610
ascii-16m,3,step,96,3.586962
ascii-16m,3,step,97,3.587172
ascii-16m,3,step,98,3.607360
ascii-16m,3,step,99,3.605406
ascii-16m,3,step,100,3.596329
ascii-16m,3,step,101,3.621858
ascii-16m,3,step,102,3.582333
ascii-16m,3,step,103,3.616859
ascii-16m,3,step,104,3.577144
ascii-16m,3,step,105,3.559090
ascii-16m,3,step,106,3.613742
ascii-16m,3,step,107,3.592273
ascii-16m,3,step,108,3.592582
ascii-16m,3,step,109,3.595007
ascii-16m,3,step,110,3.608563
ascii-16m,3,step,111,3.593144
ascii-16m,3,step,112,3.573707
ascii-16m,3,step,113,3.578767
ascii-16m,3,step,114,3.592061
ascii-16m,3,step,115,3.581351
ascii-16m,3,step,116,3.585490
ascii-16m,3,step,117,3.571873
ascii-16m,3,step,118,3.598233
ascii-16m,3,step,119,3.570851
ascii-16m,3,step,120,3.603003
ascii-16m,3,step,121,3.576672
ascii-16m,3,step,122,3.580230
ascii-16m,3,step,123,3.578216
ascii-16m,3,step,124,3.589116
ascii-16m,3,step,125,3.589677
ascii-16m,3,step,126,3.560783
ascii-16m,3,step,127,3.581492
ascii-16m,3,step,128,3.612139
ascii-16m,3,step,129,3.581151
ascii-16m,3,step,130,3.577364
ascii-16m,3,step,131,3.566844
ascii-16m,3,step,132,3.576712
ascii-16m,3,step,133,3.585129
ascii-16m,3,step,134,3.574919
ascii-16m,3,step,135,3.592092
ascii-16m,3,step,136,3.591841
ascii-16m,3,step,137,3.594175
ascii-16m,3,step,138,3.633760
ascii-16m,3,step,139,3.580069
ascii-16m,3,step,140,3.585288
ascii-16m,3,step,141,3.597442
ascii-16m,3,step,142,3.654960
ascii-16m,3,step,143,3.576562
ascii-16m,3,step,144,3.576332
ascii-16m,3,step,145,3.595749
ascii-16m,3,step,146,3.587583
ascii-16m,3,step,147,3.618883
ascii-16m,3,step,148,3.577815
ascii-16m,3,step,149,3.578667
ascii-16m,3,step,150,3.613222
ascii-16m,3,step,151,3.592392
ascii-16m,3,step,152,3.571342
ascii-16m,3,step,153,3.577955
ascii-16m,3,step,154,3.575130
ascii-16m,3,step,155,3.594606
ascii-16m,3,step,156,3.673936
ascii-16m,3,step,157,3.577023
ascii-16m,3,step,158,3.567426
ascii-16m,3,step,159,3.598914
ascii-16m,3,step,160,3.573327
ascii-16m,3,step,161,3.596400
ascii-16m,3,step,162,3.593885
ascii-16m,3,step,163,3.638690
ascii-16m,3,step,164,3.599947
ascii-16m,3,step,165,3.602782
ascii-16m,3,step,166,3.594487
ascii-16m,3,step,167,3.579939
ascii-16m,3,step,168,3.578235
ascii-16m,3,step,169,3.581161
ascii-16m,3,step,170,3.592662
ascii-16m,3,step,171,3.568538
ascii-16m,3,step,172,3.592933
ascii-16m,3,step,173,3.596490
ascii-16m,3,step,174,3.618340
ascii-16m,3,step,175,3.587834
ascii-16m,3,step,176,3.618692
ascii-16m,3,step,177,3.584538
ascii-16m,3,step,178,3.584587
ascii-16m,3,step,179,3.593024
ascii-16m,3,step,180,3.547017
ascii-16m,3,step,181,3.779474
ascii-16m,3,step,182,3.733317
ascii-16m,3,step,183,3.583045
ascii-16m,3,step,184,3.581652
ascii-16m,3,step,185,3.596550
ascii-16m,3,step,186,3.612761
ascii-16m,3,step,187,3.591470
ascii-16m,3,step,188,3.572354
ascii-16m,3,step,189,3.578887
ascii-16m,3,step,190,3.627448
ascii-16m,3,step,191,3.618071
ascii-16m,3,step,192,3.601980
ascii-16m,3,step,193,3.578706
ascii-16m,3,step,194,3.599806
ascii-16m,3,step,195,3.638059
ascii-16m,3,step,196,3.601389
ascii-16m,3,step,197,3.580670
ascii-16m,3,step,198,3.584688
ascii-16m,3,step,199,3.565201
ascii-16m,3,step,200,3.607972
ascii-16m,3,step,201,3.588495
ascii-16m,3,step,202,3.599656
ascii-16m,3,step,203,3.577284
ascii-16m,3,step,204,3.596139
ascii-16m,3,step,205,3.573177
ascii-16m,3,step,206,3.559570
ascii-16m,3,step,207,3.605216
ascii-16m,3,step,208,3.575360
ascii-16m,3,step,209,3.617580
ascii-16m,3,step,210,3.608092
ascii-16m,3,step,211,3.574789
ascii-16m,3,step,212,3.610106
ascii-16m,3,step,213,3.610947
ascii-16m,3,step,214,3.597441
ascii-16m,3,step,215,3.644260
ascii-16m,3,step,216,3.810663
ascii-16m,3,step,217,3.615505
ascii-16m,3,step,218,3.580160
ascii-16m,3,step,219,3.556384
ascii-16m,3,step,220,3.592041
ascii-16m,3,step,221,3.571673
ascii-16m,3,step,222,3.666261
ascii-16m,3,step,223,3.608713
ascii-16m,3,step,224,3.589967
ascii-16m,3,step,225,3.652225
ascii-16m,3,step,226,3.597902
ascii-16m,3,step,227,3.605097
ascii-16m,3,step,228,3.609404
ascii-16m,3,step,229,3.586872
ascii-16m,3,step,230,3.582533
ascii-16m,3,step,231,3.586922
ascii-16m,3,step,232,3.599806
ascii-16m,3,step,233,3.597071
ascii-16m,3,step,234,3.586902
ascii-16m,3,step,235,3.609113
ascii-16m,3,step,236,3.577013
ascii-16m,3,step,237,3.590759
ascii-16m,3,step,238,3.578777
ascii-16m,3,step,239,3.571503
ascii-16m,3,step,240,3.588625
ascii-16m,3,step,241,3.580390
ascii-16m,3,step,242,3.577624
ascii-16m,3,step,243,3.551987
ascii-16m,3,step,244,3.646654
ascii-16m,3,step,245,3.582133
ascii-16m,3,step,246,3.566083
ascii-16m,3,step,247,3.604986
ascii-16m,3,step,248,3.564931
ascii-16m,3,step,249,3.579548
ascii-16m,3,step,250,3.578015
ascii-16m,3,step,251,3.582714
ascii-16m,3,step,252,3.578747
ascii-16m,3,step,253,3.622810
ascii-16m,3,step,254,3.578596
ascii-16m,3,step,255,3.583075
ascii-16m,3,step,256,0.033153
ascii-16m,3,publish-frame,0,0.231025
ascii-16m,3,release,0,0.031128
ascii-16m,3,total,0,920.373038
ascii-16m,3,cancel-release,0,0.029165
ascii-16m,4,step,0,3.579979
ascii-16m,4,step,1,3.602732
ascii-16m,4,step,2,3.572124
ascii-16m,4,step,3,3.572054
ascii-16m,4,step,4,3.577254
ascii-16m,4,step,5,3.575921
ascii-16m,4,step,6,3.558679
ascii-16m,4,step,7,3.564129
ascii-16m,4,step,8,3.557948
ascii-16m,4,step,9,3.534142
ascii-16m,4,step,10,3.573908
ascii-16m,4,step,11,3.583004
ascii-16m,4,step,12,3.568667
ascii-16m,4,step,13,3.551595
ascii-16m,4,step,14,3.644951
ascii-16m,4,step,15,3.574197
ascii-16m,4,step,16,3.572695
ascii-16m,4,step,17,3.568708
ascii-16m,4,step,18,3.542499
ascii-16m,4,step,19,3.551305
ascii-16m,4,step,20,3.581702
ascii-16m,4,step,21,3.567907
ascii-16m,4,step,22,3.587523
ascii-16m,4,step,23,3.558499
ascii-16m,4,step,24,3.561955
ascii-16m,4,step,25,3.572796
ascii-16m,4,step,26,3.567405
ascii-16m,4,step,27,3.571693
ascii-16m,4,step,28,3.568988
ascii-16m,4,step,29,3.597582
ascii-16m,4,step,30,3.541376
ascii-16m,4,step,31,3.567095
ascii-16m,4,step,32,3.587924
ascii-16m,4,step,33,3.569489
ascii-16m,4,step,34,3.553359
ascii-16m,4,step,35,3.573427
ascii-16m,4,step,36,3.586120
ascii-16m,4,step,37,3.581562
ascii-16m,4,step,38,3.594326
ascii-16m,4,step,39,3.599346
ascii-16m,4,step,40,3.581572
ascii-16m,4,step,41,3.611969
ascii-16m,4,step,42,3.576312
ascii-16m,4,step,43,3.609495
ascii-16m,4,step,44,3.590428
ascii-16m,4,step,45,3.592022
ascii-16m,4,step,46,3.584607
ascii-16m,4,step,47,3.599656
ascii-16m,4,step,48,3.615787
ascii-16m,4,step,49,3.578626
ascii-16m,4,step,50,3.626076
ascii-16m,4,step,51,3.595488
ascii-16m,4,step,52,3.586151
ascii-16m,4,step,53,3.579608
ascii-16m,4,step,54,3.583336
ascii-16m,4,step,55,3.571572
ascii-16m,4,step,56,3.598794
ascii-16m,4,step,57,3.605487
ascii-16m,4,step,58,3.584357
ascii-16m,4,step,59,3.568768
ascii-16m,4,step,60,3.584688
ascii-16m,4,step,61,3.563628
ascii-16m,4,step,62,3.587574
ascii-16m,4,step,63,3.562155
ascii-16m,4,step,64,3.590519
ascii-16m,4,step,65,3.585149
ascii-16m,4,step,66,3.620766
ascii-16m,4,step,67,3.591480
ascii-16m,4,step,68,3.610155
ascii-16m,4,step,69,3.607141
ascii-16m,4,step,70,3.592422
ascii-16m,4,step,71,3.585830
ascii-16m,4,step,72,3.608883
ascii-16m,4,step,73,3.663346
ascii-16m,4,step,74,3.632357
ascii-16m,4,step,75,3.632749
ascii-16m,4,step,76,3.579037
ascii-16m,4,step,77,3.591551
ascii-16m,4,step,78,3.592092
ascii-16m,4,step,79,3.587193
ascii-16m,4,step,80,3.598163
ascii-16m,4,step,81,3.579268
ascii-16m,4,step,82,3.580130
ascii-16m,4,step,83,3.591851
ascii-16m,4,step,84,3.601430
ascii-16m,4,step,85,3.711997
ascii-16m,4,step,86,3.629031
ascii-16m,4,step,87,3.658757
ascii-16m,4,step,88,3.591651
ascii-16m,4,step,89,3.556284
ascii-16m,4,step,90,3.575541
ascii-16m,4,step,91,3.582814
ascii-16m,4,step,92,3.590660
ascii-16m,4,step,93,3.618972
ascii-16m,4,step,94,3.599826
ascii-16m,4,step,95,3.611018
ascii-16m,4,step,96,3.584758
ascii-16m,4,step,97,3.576472
ascii-16m,4,step,98,3.579598
ascii-16m,4,step,99,3.586511
ascii-16m,4,step,100,3.571012
ascii-16m,4,step,101,3.548980
ascii-16m,4,step,102,3.582483
ascii-16m,4,step,103,3.587973
ascii-16m,4,step,104,3.604014
ascii-16m,4,step,105,3.572404
ascii-16m,4,step,106,3.582584
ascii-16m,4,step,107,3.597773
ascii-16m,4,step,108,3.578867
ascii-16m,4,step,109,3.579548
ascii-16m,4,step,110,3.595519
ascii-16m,4,step,111,3.581411
ascii-16m,4,step,112,3.601349
ascii-16m,4,step,113,3.593203
ascii-16m,4,step,114,3.598764
ascii-16m,4,step,115,3.598614
ascii-16m,4,step,116,3.573236
ascii-16m,4,step,117,3.576172
ascii-16m,4,step,118,3.568728
ascii-16m,4,step,119,3.585680
ascii-16m,4,step,120,3.587874
ascii-16m,4,step,121,3.619223
ascii-16m,4,step,122,3.581953
ascii-16m,4,step,123,3.582864
ascii-16m,4,step,124,3.603443
ascii-16m,4,step,125,3.571463
ascii-16m,4,step,126,3.579718
ascii-16m,4,step,127,3.597802
ascii-16m,4,step,128,3.582935
ascii-16m,4,step,129,3.586782
ascii-16m,4,step,130,3.596530
ascii-16m,4,step,131,3.592753
ascii-16m,4,step,132,3.596630
ascii-16m,4,step,133,3.554340
ascii-16m,4,step,134,3.590319
ascii-16m,4,step,135,3.582263
ascii-16m,4,step,136,3.591991
ascii-16m,4,step,137,3.581051
ascii-16m,4,step,138,3.591630
ascii-16m,4,step,139,3.649900
ascii-16m,4,step,140,3.567145
ascii-16m,4,step,141,3.567986
ascii-16m,4,step,142,3.576552
ascii-16m,4,step,143,3.589376
ascii-16m,4,step,144,3.552717
ascii-16m,4,step,145,3.565521
ascii-16m,4,step,146,3.583394
ascii-16m,4,step,147,3.651753
ascii-16m,4,step,148,3.626145
ascii-16m,4,step,149,3.586862
ascii-16m,4,step,150,3.581742
ascii-16m,4,step,151,3.575610
ascii-16m,4,step,152,3.573838
ascii-16m,4,step,153,3.650100
ascii-16m,4,step,154,3.589727
ascii-16m,4,step,155,3.561924
ascii-16m,4,step,156,3.581682
ascii-16m,4,step,157,3.546155
ascii-16m,4,step,158,3.619924
ascii-16m,4,step,159,3.572885
ascii-16m,4,step,160,3.572745
ascii-16m,4,step,161,3.594005
ascii-16m,4,step,162,3.581101
ascii-16m,4,step,163,3.583525
ascii-16m,4,step,164,3.593645
ascii-16m,4,step,165,3.592302
ascii-16m,4,step,166,3.578626
ascii-16m,4,step,167,3.678835
ascii-16m,4,step,168,3.605116
ascii-16m,4,step,169,3.574919
ascii-16m,4,step,170,3.583365
ascii-16m,4,step,171,3.595648
ascii-16m,4,step,172,3.576593
ascii-16m,4,step,173,3.573065
ascii-16m,4,step,174,3.591351
ascii-16m,4,step,175,3.609604
ascii-16m,4,step,176,3.608953
ascii-16m,4,step,177,3.591190
ascii-16m,4,step,178,3.583185
ascii-16m,4,step,179,3.572936
ascii-16m,4,step,180,3.583956
ascii-16m,4,step,181,3.581061
ascii-16m,4,step,182,3.569809
ascii-16m,4,step,183,3.586191
ascii-16m,4,step,184,3.564990
ascii-16m,4,step,185,3.619013
ascii-16m,4,step,186,3.581261
ascii-16m,4,step,187,3.606809
ascii-16m,4,step,188,3.602461
ascii-16m,4,step,189,3.581051
ascii-16m,4,step,190,3.579298
ascii-16m,4,step,191,3.570471
ascii-16m,4,step,192,3.586271
ascii-16m,4,step,193,3.569048
ascii-16m,4,step,194,3.618010
ascii-16m,4,step,195,3.584418
ascii-16m,4,step,196,3.568217
ascii-16m,4,step,197,3.579177
ascii-16m,4,step,198,3.567916
ascii-16m,4,step,199,3.604405
ascii-16m,4,step,200,3.604555
ascii-16m,4,step,201,3.564910
ascii-16m,4,step,202,3.582694
ascii-16m,4,step,203,3.566523
ascii-16m,4,step,204,3.608583
ascii-16m,4,step,205,3.591961
ascii-16m,4,step,206,3.591050
ascii-16m,4,step,207,3.803429
ascii-16m,4,step,208,3.589165
ascii-16m,4,step,209,3.608061
ascii-16m,4,step,210,3.592903
ascii-16m,4,step,211,3.581271
ascii-16m,4,step,212,3.577043
ascii-16m,4,step,213,3.667854
ascii-16m,4,step,214,3.649610
ascii-16m,4,step,215,3.572956
ascii-16m,4,step,216,3.599495
ascii-16m,4,step,217,3.610736
ascii-16m,4,step,218,3.605197
ascii-16m,4,step,219,3.600888
ascii-16m,4,step,220,3.581532
ascii-16m,4,step,221,3.595478
ascii-16m,4,step,222,3.610126
ascii-16m,4,step,223,3.575339
ascii-16m,4,step,224,3.592702
ascii-16m,4,step,225,3.602421
ascii-16m,4,step,226,3.566173
ascii-16m,4,step,227,3.592452
ascii-16m,4,step,228,3.601359
ascii-16m,4,step,229,3.581071
ascii-16m,4,step,230,3.623300
ascii-16m,4,step,231,3.603574
ascii-16m,4,step,232,3.594365
ascii-16m,4,step,233,3.580740
ascii-16m,4,step,234,3.580199
ascii-16m,4,step,235,3.599215
ascii-16m,4,step,236,3.596771
ascii-16m,4,step,237,3.600938
ascii-16m,4,step,238,3.578135
ascii-16m,4,step,239,3.600206
ascii-16m,4,step,240,3.644650
ascii-16m,4,step,241,3.589537
ascii-16m,4,step,242,3.593805
ascii-16m,4,step,243,3.582454
ascii-16m,4,step,244,3.582043
ascii-16m,4,step,245,3.591711
ascii-16m,4,step,246,3.603052
ascii-16m,4,step,247,3.597181
ascii-16m,4,step,248,3.574739
ascii-16m,4,step,249,3.712839
ascii-16m,4,step,250,3.588315
ascii-16m,4,step,251,3.576662
ascii-16m,4,step,252,3.598183
ascii-16m,4,step,253,3.577484
ascii-16m,4,step,254,3.622729
ascii-16m,4,step,255,3.594155
ascii-16m,4,step,256,0.020759
ascii-16m,4,publish-frame,0,0.221727
ascii-16m,4,release,0,0.028915
ascii-16m,4,total,0,919.448261
ascii-16m,4,cancel-release,0,0.027101
controls-16m,0,step,0,4.104596
controls-16m,0,step,1,4.086822
controls-16m,0,step,2,4.088516
controls-16m,0,step,3,4.150873
controls-16m,0,step,4,4.132949
controls-16m,0,step,5,4.122930
controls-16m,0,step,6,4.096932
controls-16m,0,step,7,4.117851
controls-16m,0,step,8,4.147156
controls-16m,0,step,9,4.104837
controls-16m,0,step,10,4.114455
controls-16m,0,step,11,4.121559
controls-16m,0,step,12,4.129583
controls-16m,0,step,13,4.117640
controls-16m,0,step,14,4.094978
controls-16m,0,step,15,4.094076
controls-16m,0,step,16,4.085029
controls-16m,0,step,17,4.117841
controls-16m,0,step,18,4.092343
controls-16m,0,step,19,4.133210
controls-16m,0,step,20,4.089818
controls-16m,0,step,21,4.134122
controls-16m,0,step,22,4.089738
controls-16m,0,step,23,4.120596
controls-16m,0,step,24,4.160000
controls-16m,0,step,25,4.103975
controls-16m,0,step,26,4.103624
controls-16m,0,step,27,4.107171
controls-16m,0,step,28,4.111108
controls-16m,0,step,29,4.104255
controls-16m,0,step,30,4.127339
controls-16m,0,step,31,4.080080
controls-16m,0,step,32,4.101200
controls-16m,0,step,33,4.109816
controls-16m,0,step,34,4.103013
controls-16m,0,step,35,4.133581
controls-16m,0,step,36,4.091031
controls-16m,0,step,37,4.099607
controls-16m,0,step,38,4.085640
controls-16m,0,step,39,4.098134
controls-16m,0,step,40,4.099406
controls-16m,0,step,41,4.087023
controls-16m,0,step,42,4.099126
controls-16m,0,step,43,4.127680
controls-16m,0,step,44,4.138680
controls-16m,0,step,45,4.122510
controls-16m,0,step,46,4.098054
controls-16m,0,step,47,4.108914
controls-16m,0,step,48,4.125615
controls-16m,0,step,49,4.113353
controls-16m,0,step,50,4.111199
controls-16m,0,step,51,4.129823
controls-16m,0,step,52,4.100889
controls-16m,0,step,53,4.114906
controls-16m,0,step,54,4.114184
controls-16m,0,step,55,4.222799
controls-16m,0,step,56,4.107392
controls-16m,0,step,57,4.106069
controls-16m,0,step,58,4.082104
controls-16m,0,step,59,4.144381
controls-16m,0,step,60,4.100819
controls-16m,0,step,61,4.110798
controls-16m,0,step,62,4.099227
controls-16m,0,step,63,4.140584
controls-16m,0,step,64,4.105759
controls-16m,0,step,65,4.110267
controls-16m,0,step,66,4.115627
controls-16m,0,step,67,4.118322
controls-16m,0,step,68,4.109135
controls-16m,0,step,69,4.118472
controls-16m,0,step,70,4.142398
controls-16m,0,step,71,4.123372
controls-16m,0,step,72,4.106179
controls-16m,0,step,73,4.090890
controls-16m,0,step,74,4.097422
controls-16m,0,step,75,4.153268
controls-16m,0,step,76,4.107542
controls-16m,0,step,77,4.118843
controls-16m,0,step,78,4.118472
controls-16m,0,step,79,4.098304
controls-16m,0,step,80,4.115848
controls-16m,0,step,81,4.089127
controls-16m,0,step,82,4.091041
controls-16m,0,step,83,4.128451
controls-16m,0,step,84,4.103876
controls-16m,0,step,85,4.101250
controls-16m,0,step,86,4.087864
controls-16m,0,step,87,4.113072
controls-16m,0,step,88,4.121188
controls-16m,0,step,89,4.091872
controls-16m,0,step,90,4.104887
controls-16m,0,step,91,4.134884
controls-16m,0,step,92,4.116799
controls-16m,0,step,93,4.109735
controls-16m,0,step,94,4.106360
controls-16m,0,step,95,4.092393
controls-16m,0,step,96,4.103695
controls-16m,0,step,97,4.098765
controls-16m,0,step,98,4.107492
controls-16m,0,step,99,4.151735
controls-16m,0,step,100,4.091411
controls-16m,0,step,101,4.100298
controls-16m,0,step,102,4.148077
controls-16m,0,step,103,4.126978
controls-16m,0,step,104,4.100619
controls-16m,0,step,105,4.121017
controls-16m,0,step,106,4.093635
controls-16m,0,step,107,4.111369
controls-16m,0,step,108,4.123102
controls-16m,0,step,109,4.116899
controls-16m,0,step,110,4.124854
controls-16m,0,step,111,4.135674
controls-16m,0,step,112,4.094276
controls-16m,0,step,113,4.123822
controls-16m,0,step,114,4.127860
controls-16m,0,step,115,4.132248
controls-16m,0,step,116,4.113943
controls-16m,0,step,117,4.171041
controls-16m,0,step,118,4.185860
controls-16m,0,step,119,4.099206
controls-16m,0,step,120,4.090640
controls-16m,0,step,121,4.128241
controls-16m,0,step,122,4.110527
controls-16m,0,step,123,4.124333
controls-16m,0,step,124,4.196760
controls-16m,0,step,125,4.111580
controls-16m,0,step,126,4.094758
controls-16m,0,step,127,4.134572
controls-16m,0,step,128,4.127028
controls-16m,0,step,129,4.104205
controls-16m,0,step,130,4.118964
controls-16m,0,step,131,4.092934
controls-16m,0,step,132,4.127469
controls-16m,0,step,133,4.116618
controls-16m,0,step,134,4.095950
controls-16m,0,step,135,4.117831
controls-16m,0,step,136,4.128331
controls-16m,0,step,137,4.094877
controls-16m,0,step,138,4.105417
controls-16m,0,step,139,4.104075
controls-16m,0,step,140,4.131497
controls-16m,0,step,141,4.096110
controls-16m,0,step,142,4.111479
controls-16m,0,step,143,4.131957
controls-16m,0,step,144,4.093385
controls-16m,0,step,145,4.099858
controls-16m,0,step,146,4.126898
controls-16m,0,step,147,4.119194
controls-16m,0,step,148,4.185879
controls-16m,0,step,149,4.133711
controls-16m,0,step,150,4.098785
controls-16m,0,step,151,4.091040
controls-16m,0,step,152,4.137088
controls-16m,0,step,153,4.084268
controls-16m,0,step,154,4.102092
controls-16m,0,step,155,4.105307
controls-16m,0,step,156,4.143469
controls-16m,0,step,157,4.097493
controls-16m,0,step,158,4.105538
controls-16m,0,step,159,4.104346
controls-16m,0,step,160,4.108343
controls-16m,0,step,161,4.118643
controls-16m,0,step,162,4.131226
controls-16m,0,step,163,4.107803
controls-16m,0,step,164,4.220855
controls-16m,0,step,165,4.133661
controls-16m,0,step,166,4.121468
controls-16m,0,step,167,4.105287
controls-16m,0,step,168,4.143699
controls-16m,0,step,169,4.087714
controls-16m,0,step,170,4.120707
controls-16m,0,step,171,4.260339
controls-16m,0,step,172,4.144982
controls-16m,0,step,173,4.102422
controls-16m,0,step,174,4.100058
controls-16m,0,step,175,4.108353
controls-16m,0,step,176,4.192071
controls-16m,0,step,177,4.143049
controls-16m,0,step,178,4.095710
controls-16m,0,step,179,4.141776
controls-16m,0,step,180,4.131416
controls-16m,0,step,181,4.143370
controls-16m,0,step,182,4.105037
controls-16m,0,step,183,4.119324
controls-16m,0,step,184,4.113513
controls-16m,0,step,185,4.100750
controls-16m,0,step,186,4.093024
controls-16m,0,step,187,4.106089
controls-16m,0,step,188,4.140343
controls-16m,0,step,189,4.125316
controls-16m,0,step,190,4.135805
controls-16m,0,step,191,4.129012
controls-16m,0,step,192,4.142368
controls-16m,0,step,193,4.111409
controls-16m,0,step,194,4.114175
controls-16m,0,step,195,4.159359
controls-16m,0,step,196,4.157116
controls-16m,0,step,197,4.094206
controls-16m,0,step,198,4.120806
controls-16m,0,step,199,4.111018
controls-16m,0,step,200,4.112121
controls-16m,0,step,201,4.113282
controls-16m,0,step,202,4.091942
controls-16m,0,step,203,4.102772
controls-16m,0,step,204,4.117000
controls-16m,0,step,205,4.091281
controls-16m,0,step,206,4.095169
controls-16m,0,step,207,4.111078
controls-16m,0,step,208,4.098535
controls-16m,0,step,209,4.119684
controls-16m,0,step,210,4.092484
controls-16m,0,step,211,4.095499
controls-16m,0,step,212,4.166463
controls-16m,0,step,213,4.130645
controls-16m,0,step,214,4.154070
controls-16m,0,step,215,4.127960
controls-16m,0,step,216,4.095770
controls-16m,0,step,217,4.106951
controls-16m,0,step,218,4.152447
controls-16m,0,step,219,4.132318
controls-16m,0,step,220,4.083196
controls-16m,0,step,221,4.105548
controls-16m,0,step,222,4.100368
controls-16m,0,step,223,4.085691
controls-16m,0,step,224,4.085561
controls-16m,0,step,225,4.096331
controls-16m,0,step,226,4.135845
controls-16m,0,step,227,4.126538
controls-16m,0,step,228,4.125676
controls-16m,0,step,229,4.105838
controls-16m,0,step,230,4.106861
controls-16m,0,step,231,4.128692
controls-16m,0,step,232,4.107692
controls-16m,0,step,233,4.107451
controls-16m,0,step,234,4.112171
controls-16m,0,step,235,4.105718
controls-16m,0,step,236,4.081793
controls-16m,0,step,237,4.096921
controls-16m,0,step,238,4.095870
controls-16m,0,step,239,4.117230
controls-16m,0,step,240,4.100318
controls-16m,0,step,241,4.107572
controls-16m,0,step,242,4.177774
controls-16m,0,step,243,4.113373
controls-16m,0,step,244,4.113353
controls-16m,0,step,245,4.100729
controls-16m,0,step,246,4.173215
controls-16m,0,step,247,4.112381
controls-16m,0,step,248,4.101801
controls-16m,0,step,249,4.112200
controls-16m,0,step,250,4.128792
controls-16m,0,step,251,4.108383
controls-16m,0,step,252,4.110818
controls-16m,0,step,253,4.116579
controls-16m,0,step,254,4.103464
controls-16m,0,step,255,4.098164
controls-16m,0,step,256,0.025598
controls-16m,0,publish-frame,0,0.132670
controls-16m,0,release,0,0.027442
controls-16m,0,total,0,1053.938164
controls-16m,0,cancel-release,0,0.032682
controls-16m,1,step,0,4.089138
controls-16m,1,step,1,4.058269
controls-16m,1,step,2,4.079289
controls-16m,1,step,3,4.117811
controls-16m,1,step,4,4.110137
controls-16m,1,step,5,4.073547
controls-16m,1,step,6,4.083156
controls-16m,1,step,7,4.081082
controls-16m,1,step,8,4.083266
controls-16m,1,step,9,4.058920
controls-16m,1,step,10,4.202240
controls-16m,1,step,11,4.144221
controls-16m,1,step,12,4.114104
controls-16m,1,step,13,4.111129
controls-16m,1,step,14,4.101941
controls-16m,1,step,15,4.105067
controls-16m,1,step,16,4.107031
controls-16m,1,step,17,4.098755
controls-16m,1,step,18,4.138460
controls-16m,1,step,19,4.118893
controls-16m,1,step,20,4.117430
controls-16m,1,step,21,4.118151
controls-16m,1,step,22,4.117570
controls-16m,1,step,23,4.102132
controls-16m,1,step,24,4.121287
controls-16m,1,step,25,4.139241
controls-16m,1,step,26,4.150012
controls-16m,1,step,27,4.133901
controls-16m,1,step,28,4.119074
controls-16m,1,step,29,4.114495
controls-16m,1,step,30,4.110767
controls-16m,1,step,31,4.127910
controls-16m,1,step,32,4.111259
controls-16m,1,step,33,4.082465
controls-16m,1,step,34,4.115978
controls-16m,1,step,35,4.102943
controls-16m,1,step,36,4.093425
controls-16m,1,step,37,4.104827
controls-16m,1,step,38,4.148529
controls-16m,1,step,39,4.082324
controls-16m,1,step,40,4.097934
controls-16m,1,step,41,4.101120
controls-16m,1,step,42,4.124483
controls-16m,1,step,43,4.101761
controls-16m,1,step,44,4.109736
controls-16m,1,step,45,4.128131
controls-16m,1,step,46,4.099356
controls-16m,1,step,47,4.126608
controls-16m,1,step,48,4.102172
controls-16m,1,step,49,4.122379
controls-16m,1,step,50,4.116068
controls-16m,1,step,51,4.111609
controls-16m,1,step,52,4.092804
controls-16m,1,step,53,4.099166
controls-16m,1,step,54,4.085520
controls-16m,1,step,55,4.096511
controls-16m,1,step,56,4.100819
controls-16m,1,step,57,4.102994
controls-16m,1,step,58,4.114084
controls-16m,1,step,59,4.104486
controls-16m,1,step,60,4.106900
controls-16m,1,step,61,4.121348
controls-16m,1,step,62,4.114415
controls-16m,1,step,63,4.147267
controls-16m,1,step,64,4.118843
controls-16m,1,step,65,4.128020
controls-16m,1,step,66,4.123101
controls-16m,1,step,67,4.105428
controls-16m,1,step,68,4.116148
controls-16m,1,step,69,4.104927
controls-16m,1,step,70,4.114334
controls-16m,1,step,71,4.105388
controls-16m,1,step,72,4.089027
controls-16m,1,step,73,4.213962
controls-16m,1,step,74,4.129413
controls-16m,1,step,75,4.108443
controls-16m,1,step,76,4.110167
controls-16m,1,step,77,4.102873
controls-16m,1,step,78,4.158908
controls-16m,1,step,79,4.181140
controls-16m,1,step,80,4.171462
controls-16m,1,step,81,4.124163
controls-16m,1,step,82,4.132849
controls-16m,1,step,83,4.120036
controls-16m,1,step,84,4.096070
controls-16m,1,step,85,4.104576
controls-16m,1,step,86,4.106159
controls-16m,1,step,87,4.096470
controls-16m,1,step,88,4.122569
controls-16m,1,step,89,4.108944
controls-16m,1,step,90,4.127980
controls-16m,1,step,91,4.124935
controls-16m,1,step,92,4.162956
controls-16m,1,step,93,4.114815
controls-16m,1,step,94,4.093195
controls-16m,1,step,95,4.133341
controls-16m,1,step,96,4.142026
controls-16m,1,step,97,4.108013
controls-16m,1,step,98,4.093085
controls-16m,1,step,99,4.110767
controls-16m,1,step,100,4.103645
controls-16m,1,step,101,4.105278
controls-16m,1,step,102,4.115477
controls-16m,1,step,103,4.122991
controls-16m,1,step,104,4.140885
controls-16m,1,step,105,4.121668
controls-16m,1,step,106,4.103244
controls-16m,1,step,107,4.120606
controls-16m,1,step,108,4.104385
controls-16m,1,step,109,4.096050
controls-16m,1,step,110,4.118913
controls-16m,1,step,111,4.075241
controls-16m,1,step,112,4.125275
controls-16m,1,step,113,4.099817
controls-16m,1,step,114,4.115737
controls-16m,1,step,115,4.097433
controls-16m,1,step,116,4.117110
controls-16m,1,step,117,4.116809
controls-16m,1,step,118,4.096191
controls-16m,1,step,119,4.121508
controls-16m,1,step,120,4.116028
controls-16m,1,step,121,4.107441
controls-16m,1,step,122,4.093305
controls-16m,1,step,123,4.098996
controls-16m,1,step,124,4.096932
controls-16m,1,step,125,4.098815
controls-16m,1,step,126,4.411043
controls-16m,1,step,127,4.100879
controls-16m,1,step,128,4.090199
controls-16m,1,step,129,4.189236
controls-16m,1,step,130,4.122640
controls-16m,1,step,131,4.201058
controls-16m,1,step,132,4.119524
controls-16m,1,step,133,4.119153
controls-16m,1,step,134,4.113463
controls-16m,1,step,135,4.087995
controls-16m,1,step,136,4.088726
controls-16m,1,step,137,4.093596
controls-16m,1,step,138,4.100148
controls-16m,1,step,139,4.099948
controls-16m,1,step,140,4.094858
controls-16m,1,step,141,4.098114
controls-16m,1,step,142,4.127509
controls-16m,1,step,143,4.093937
controls-16m,1,step,144,4.086111
controls-16m,1,step,145,4.097262
controls-16m,1,step,146,4.120175
controls-16m,1,step,147,4.090349
controls-16m,1,step,148,4.103555
controls-16m,1,step,149,4.098224
controls-16m,1,step,150,4.123943
controls-16m,1,step,151,4.075181
controls-16m,1,step,152,4.102402
controls-16m,1,step,153,4.095308
controls-16m,1,step,154,4.092654
controls-16m,1,step,155,4.097412
controls-16m,1,step,156,4.150072
controls-16m,1,step,157,4.123502
controls-16m,1,step,158,4.126588
controls-16m,1,step,159,4.119905
controls-16m,1,step,160,4.099957
controls-16m,1,step,161,4.086622
controls-16m,1,step,162,4.094838
controls-16m,1,step,163,4.098425
controls-16m,1,step,164,4.085881
controls-16m,1,step,165,4.127059
controls-16m,1,step,166,4.108764
controls-16m,1,step,167,4.177553
controls-16m,1,step,168,4.108284
controls-16m,1,step,169,4.103504
controls-16m,1,step,170,4.122580
controls-16m,1,step,171,4.121228
controls-16m,1,step,172,4.115297
controls-16m,1,step,173,4.206728
controls-16m,1,step,174,4.102191
controls-16m,1,step,175,4.124333
controls-16m,1,step,176,4.087104
controls-16m,1,step,177,4.094257
controls-16m,1,step,178,4.100438
controls-16m,1,step,179,4.198031
controls-16m,1,step,180,4.119484
controls-16m,1,step,181,4.145834
controls-16m,1,step,182,4.088817
controls-16m,1,step,183,4.120366
controls-16m,1,step,184,4.107281
controls-16m,1,step,185,4.109164
controls-16m,1,step,186,4.116679
controls-16m,1,step,187,4.111499
controls-16m,1,step,188,4.108313
controls-16m,1,step,189,4.109025
controls-16m,1,step,190,4.127169
controls-16m,1,step,191,4.110377
controls-16m,1,step,192,4.099075
controls-16m,1,step,193,4.099005
controls-16m,1,step,194,4.112491
controls-16m,1,step,195,4.100639
controls-16m,1,step,196,4.147878
controls-16m,1,step,197,4.132168
controls-16m,1,step,198,4.119233
controls-16m,1,step,199,4.149181
controls-16m,1,step,200,4.118162
controls-16m,1,step,201,4.184957
controls-16m,1,step,202,4.176271
controls-16m,1,step,203,4.112842
controls-16m,1,step,204,4.133310
controls-16m,1,step,205,4.162786
controls-16m,1,step,206,4.136817
controls-16m,1,step,207,4.176611
controls-16m,1,step,208,4.130555
controls-16m,1,step,209,4.106630
controls-16m,1,step,210,4.105337
controls-16m,1,step,211,4.109445
controls-16m,1,step,212,4.101290
controls-16m,1,step,213,4.144911
controls-16m,1,step,214,4.087514
controls-16m,1,step,215,4.121208
controls-16m,1,step,216,4.137758
controls-16m,1,step,217,4.116408
controls-16m,1,step,218,4.130976
controls-16m,1,step,219,4.107151
controls-16m,1,step,220,4.121848
controls-16m,1,step,221,4.135073
controls-16m,1,step,222,4.250011
controls-16m,1,step,223,4.172304
controls-16m,1,step,224,4.168887
controls-16m,1,step,225,4.088846
controls-16m,1,step,226,4.093746
controls-16m,1,step,227,4.081131
controls-16m,1,step,228,4.071484
controls-16m,1,step,229,4.150313
controls-16m,1,step,230,4.091652
controls-16m,1,step,231,4.090189
controls-16m,1,step,232,4.068669
controls-16m,1,step,233,4.120306
controls-16m,1,step,234,4.074490
controls-16m,1,step,235,4.096582
controls-16m,1,step,236,4.068628
controls-16m,1,step,237,4.096762
controls-16m,1,step,238,4.082775
controls-16m,1,step,239,4.075451
controls-16m,1,step,240,4.098555
controls-16m,1,step,241,4.079990
controls-16m,1,step,242,4.083367
controls-16m,1,step,243,4.071373
controls-16m,1,step,244,4.081633
controls-16m,1,step,245,4.111159
controls-16m,1,step,246,4.084178
controls-16m,1,step,247,4.082595
controls-16m,1,step,248,4.100999
controls-16m,1,step,249,4.076904
controls-16m,1,step,250,4.094536
controls-16m,1,step,251,4.114174
controls-16m,1,step,252,4.083667
controls-16m,1,step,253,4.190017
controls-16m,1,step,254,4.076033
controls-16m,1,step,255,4.166453
controls-16m,1,step,256,0.029205
controls-16m,1,publish-frame,0,0.145935
controls-16m,1,release,0,0.028884
controls-16m,1,total,0,1053.629503
controls-16m,1,cancel-release,0,0.034274
controls-16m,2,step,0,4.111158
controls-16m,2,step,1,4.069059
controls-16m,2,step,2,4.094648
controls-16m,2,step,3,4.098965
controls-16m,2,step,4,4.103924
controls-16m,2,step,5,4.085891
controls-16m,2,step,6,4.180409
controls-16m,2,step,7,4.125196
controls-16m,2,step,8,4.241935
controls-16m,2,step,9,4.140674
controls-16m,2,step,10,4.141667
controls-16m,2,step,11,4.086022
controls-16m,2,step,12,4.073808
controls-16m,2,step,13,4.081473
controls-16m,2,step,14,4.085010
controls-16m,2,step,15,4.088926
controls-16m,2,step,16,4.103404
controls-16m,2,step,17,4.095399
controls-16m,2,step,18,4.112030
controls-16m,2,step,19,4.089878
controls-16m,2,step,20,4.091290
controls-16m,2,step,21,4.096972
controls-16m,2,step,22,4.083426
controls-16m,2,step,23,4.114996
controls-16m,2,step,24,4.100579
controls-16m,2,step,25,4.116248
controls-16m,2,step,26,4.126177
controls-16m,2,step,27,4.115376
controls-16m,2,step,28,4.178084
controls-16m,2,step,29,4.100358
controls-16m,2,step,30,4.065693
controls-16m,2,step,31,4.086182
controls-16m,2,step,32,4.083837
controls-16m,2,step,33,4.102923
controls-16m,2,step,34,4.152336
controls-16m,2,step,35,4.110868
controls-16m,2,step,36,4.087083
controls-16m,2,step,37,4.125706
controls-16m,2,step,38,4.124494
controls-16m,2,step,39,4.080020
controls-16m,2,step,40,4.079920
controls-16m,2,step,41,4.065964
controls-16m,2,step,42,4.070281
controls-16m,2,step,43,4.136987
controls-16m,2,step,44,4.064812
controls-16m,2,step,45,4.094547
controls-16m,2,step,46,4.063940
controls-16m,2,step,47,4.072445
controls-16m,2,step,48,4.166121
controls-16m,2,step,49,4.070221
controls-16m,2,step,50,4.090420
controls-16m,2,step,51,4.085610
controls-16m,2,step,52,4.073368
controls-16m,2,step,53,4.105078
controls-16m,2,step,54,4.085149
controls-16m,2,step,55,4.101581
controls-16m,2,step,56,4.091862
controls-16m,2,step,57,4.075802
controls-16m,2,step,58,4.120506
controls-16m,2,step,59,4.111620
controls-16m,2,step,60,4.092674
controls-16m,2,step,61,4.126437
controls-16m,2,step,62,4.119013
controls-16m,2,step,63,4.111098
controls-16m,2,step,64,4.093995
controls-16m,2,step,65,4.084739
controls-16m,2,step,66,4.079189
controls-16m,2,step,67,4.088275
controls-16m,2,step,68,4.090109
controls-16m,2,step,69,4.117702
controls-16m,2,step,70,4.097783
controls-16m,2,step,71,4.104256
controls-16m,2,step,72,4.113724
controls-16m,2,step,73,4.083907
controls-16m,2,step,74,4.120235
controls-16m,2,step,75,4.080982
controls-16m,2,step,76,4.105739
controls-16m,2,step,77,4.114314
controls-16m,2,step,78,4.100810
controls-16m,2,step,79,4.075592
controls-16m,2,step,80,4.104336
controls-16m,2,step,81,4.154140
controls-16m,2,step,82,4.221356
controls-16m,2,step,83,4.087104
controls-16m,2,step,84,4.083376
controls-16m,2,step,85,4.123923
controls-16m,2,step,86,4.168116
controls-16m,2,step,87,4.094838
controls-16m,2,step,88,4.140784
controls-16m,2,step,89,4.085380
controls-16m,2,step,90,4.099366
controls-16m,2,step,91,4.089869
controls-16m,2,step,92,4.090500
controls-16m,2,step,93,4.114454
controls-16m,2,step,94,4.169569
controls-16m,2,step,95,4.104426
controls-16m,2,step,96,4.111309
controls-16m,2,step,97,4.061495
controls-16m,2,step,98,4.090970
controls-16m,2,step,99,4.081472
controls-16m,2,step,100,4.084819
controls-16m,2,step,101,4.133971
controls-16m,2,step,102,4.085310
controls-16m,2,step,103,4.103393
controls-16m,2,step,104,4.090409
controls-16m,2,step,105,4.096151
controls-16m,2,step,106,4.093185
controls-16m,2,step,107,4.088226
controls-16m,2,step,108,4.079098
controls-16m,2,step,109,4.111610
controls-16m,2,step,110,4.092473
controls-16m,2,step,111,4.094687
controls-16m,2,step,112,4.087164
controls-16m,2,step,113,4.088456
controls-16m,2,step,114,4.067807
controls-16m,2,step,115,4.087905
controls-16m,2,step,116,4.093445
controls-16m,2,step,117,4.136226
controls-16m,2,step,118,4.071714
controls-16m,2,step,119,4.086121
controls-16m,2,step,120,4.095058
controls-16m,2,step,121,4.075011
controls-16m,2,step,122,4.193233
controls-16m,2,step,123,4.105538
controls-16m,2,step,124,4.094196
controls-16m,2,step,125,4.102092
controls-16m,2,step,126,4.095790
controls-16m,2,step,127,4.097723
controls-16m,2,step,128,4.083667
controls-16m,2,step,129,4.156484
controls-16m,2,step,130,4.120065
controls-16m,2,step,131,4.093776
controls-16m,2,step,132,4.081864
controls-16m,2,step,133,4.085310
controls-16m,2,step,134,4.075902
controls-16m,2,step,135,4.093324
controls-16m,2,step,136,4.090670
controls-16m,2,step,137,4.082625
controls-16m,2,step,138,4.109686
controls-16m,2,step,139,4.073768
controls-16m,2,step,140,4.084930
controls-16m,2,step,141,4.081192
controls-16m,2,step,142,4.099707
controls-16m,2,step,143,4.093456
controls-16m,2,step,144,4.166603
controls-16m,2,step,145,4.098454
controls-16m,2,step,146,4.138370
controls-16m,2,step,147,4.100658
controls-16m,2,step,148,4.114556
controls-16m,2,step,149,4.090110
controls-16m,2,step,150,4.102622
controls-16m,2,step,151,4.095730
controls-16m,2,step,152,4.084729
controls-16m,2,step,153,4.088996
controls-16m,2,step,154,4.108684
controls-16m,2,step,155,4.098395
controls-16m,2,step,156,4.173005
controls-16m,2,step,157,4.084528
controls-16m,2,step,158,4.083317
controls-16m,2,step,159,4.098004
controls-16m,2,step,160,4.122509
controls-16m,2,step,161,4.092524
controls-16m,2,step,162,4.105929
controls-16m,2,step,163,4.096751
controls-16m,2,step,164,4.312738
controls-16m,2,step,165,4.093586
controls-16m,2,step,166,4.263195
controls-16m,2,step,167,4.101270
controls-16m,2,step,168,4.090169
controls-16m,2,step,169,4.083266
controls-16m,2,step,170,4.091732
controls-16m,2,step,171,4.093525
controls-16m,2,step,172,4.089909
controls-16m,2,step,173,4.097743
controls-16m,2,step,174,4.106621
controls-16m,2,step,175,4.076032
controls-16m,2,step,176,4.091852
controls-16m,2,step,177,4.083617
controls-16m,2,step,178,4.079148
controls-16m,2,step,179,4.120556
controls-16m,2,step,180,4.123371
controls-16m,2,step,181,4.082645
controls-16m,2,step,182,4.083978
controls-16m,2,step,183,4.116298
controls-16m,2,step,184,4.069691
controls-16m,2,step,185,4.114525
controls-16m,2,step,186,4.072856
controls-16m,2,step,187,4.073929
controls-16m,2,step,188,4.082114
controls-16m,2,step,189,4.093956
controls-16m,2,step,190,4.090740
controls-16m,2,step,191,4.124984
controls-16m,2,step,192,4.084549
controls-16m,2,step,193,4.106630
controls-16m,2,step,194,4.061956
controls-16m,2,step,195,4.187362
controls-16m,2,step,196,4.080190
controls-16m,2,step,197,4.078938
controls-16m,2,step,198,4.073448
controls-16m,2,step,199,4.142157
controls-16m,2,step,200,8.009176
controls-16m,2,step,201,5.086385
controls-16m,2,step,202,4.134803
controls-16m,2,step,203,4.138920
controls-16m,2,step,204,4.485042
controls-16m,2,step,205,8.879565
controls-16m,2,step,206,7.054649
controls-16m,2,step,207,4.100208
controls-16m,2,step,208,4.197150
controls-16m,2,step,209,4.093395
controls-16m,2,step,210,4.162545
controls-16m,2,step,211,4.156134
controls-16m,2,step,212,4.090028
controls-16m,2,step,213,4.138280
controls-16m,2,step,214,4.107451
controls-16m,2,step,215,4.101210
controls-16m,2,step,216,4.102974
controls-16m,2,step,217,4.079779
controls-16m,2,step,218,4.088516
controls-16m,2,step,219,4.083887
controls-16m,2,step,220,4.113763
controls-16m,2,step,221,4.084679
controls-16m,2,step,222,4.098645
controls-16m,2,step,223,4.104035
controls-16m,2,step,224,4.082285
controls-16m,2,step,225,4.099286
controls-16m,2,step,226,4.092173
controls-16m,2,step,227,4.094336
controls-16m,2,step,228,4.080170
controls-16m,2,step,229,4.074420
controls-16m,2,step,230,4.118261
controls-16m,2,step,231,4.112822
controls-16m,2,step,232,4.086933
controls-16m,2,step,233,4.091091
controls-16m,2,step,234,4.067827
controls-16m,2,step,235,4.081002
controls-16m,2,step,236,4.107552
controls-16m,2,step,237,4.075251
controls-16m,2,step,238,4.084278
controls-16m,2,step,239,4.080351
controls-16m,2,step,240,4.071724
controls-16m,2,step,241,4.065493
controls-16m,2,step,242,4.078827
controls-16m,2,step,243,4.170731
controls-16m,2,step,244,4.099256
controls-16m,2,step,245,4.090038
controls-16m,2,step,246,4.071174
controls-16m,2,step,247,4.085109
controls-16m,2,step,248,4.124664
controls-16m,2,step,249,4.087874
controls-16m,2,step,250,4.087554
controls-16m,2,step,251,4.087584
controls-16m,2,step,252,4.060213
controls-16m,2,step,253,4.086382
controls-16m,2,step,254,4.113874
controls-16m,2,step,255,4.100308
controls-16m,2,step,256,0.025138
controls-16m,2,publish-frame,0,0.137960
controls-16m,2,release,0,0.029075
controls-16m,2,total,0,1063.476519
controls-16m,2,cancel-release,0,0.034355
controls-16m,3,step,0,4.062387
controls-16m,3,step,1,4.150343
controls-16m,3,step,2,4.085370
controls-16m,3,step,3,4.136196
controls-16m,3,step,4,4.099978
controls-16m,3,step,5,4.189626
controls-16m,3,step,6,4.114574
controls-16m,3,step,7,4.114505
controls-16m,3,step,8,4.107442
controls-16m,3,step,9,4.093926
controls-16m,3,step,10,4.092774
controls-16m,3,step,11,4.066184
controls-16m,3,step,12,4.101330
controls-16m,3,step,13,4.075161
controls-16m,3,step,14,4.173135
controls-16m,3,step,15,4.121909
controls-16m,3,step,16,4.104537
controls-16m,3,step,17,4.086893
controls-16m,3,step,18,4.105217
controls-16m,3,step,19,4.084889
controls-16m,3,step,20,4.097082
controls-16m,3,step,21,4.101832
controls-16m,3,step,22,4.112210
controls-16m,3,step,23,4.096942
controls-16m,3,step,24,4.080391
controls-16m,3,step,25,4.094737
controls-16m,3,step,26,4.080671
controls-16m,3,step,27,4.096841
controls-16m,3,step,28,4.089668
controls-16m,3,step,29,4.078196
controls-16m,3,step,30,4.088746
controls-16m,3,step,31,4.077175
controls-16m,3,step,32,4.077475
controls-16m,3,step,33,4.173786
controls-16m,3,step,34,4.480664
controls-16m,3,step,35,4.157375
controls-16m,3,step,36,4.082685
controls-16m,3,step,37,4.067516
controls-16m,3,step,38,4.102953
controls-16m,3,step,39,4.189566
controls-16m,3,step,40,4.106220
controls-16m,3,step,41,4.088666
controls-16m,3,step,42,4.068798
controls-16m,3,step,43,4.099056
controls-16m,3,step,44,4.076914
controls-16m,3,step,45,4.090780
controls-16m,3,step,46,4.085920
controls-16m,3,step,47,4.068989
controls-16m,3,step,48,4.090880
controls-16m,3,step,49,4.104576
controls-16m,3,step,50,4.088366
controls-16m,3,step,51,4.101360
controls-16m,3,step,52,4.076444
controls-16m,3,step,53,4.072105
controls-16m,3,step,54,4.076924
controls-16m,3,step,55,4.060052
controls-16m,3,step,56,4.166983
controls-16m,3,step,57,4.081233
controls-16m,3,step,58,4.080320
controls-16m,3,step,59,4.098094
controls-16m,3,step,60,4.083717
controls-16m,3,step,61,4.075512
controls-16m,3,step,62,4.078647
controls-16m,3,step,63,4.090981
controls-16m,3,step,64,4.083627
controls-16m,3,step,65,4.113733
controls-16m,3,step,66,4.109285
controls-16m,3,step,67,4.071714
controls-16m,3,step,68,4.088075
controls-16m,3,step,69,4.086201
controls-16m,3,step,70,4.096341
controls-16m,3,step,71,4.126778
controls-16m,3,step,72,4.086553
controls-16m,3,step,73,4.088005
controls-16m,3,step,74,4.086062
controls-16m,3,step,75,4.231755
controls-16m,3,step,76,4.100959
controls-16m,3,step,77,4.088256
controls-16m,3,step,78,4.083056
controls-16m,3,step,79,4.083737
controls-16m,3,step,80,4.126387
controls-16m,3,step,81,4.085800
controls-16m,3,step,82,4.189045
controls-16m,3,step,83,4.127439
controls-16m,3,step,84,4.105579
controls-16m,3,step,85,4.094698
controls-16m,3,step,86,4.071133
controls-16m,3,step,87,4.083717
controls-16m,3,step,88,4.081062
controls-16m,3,step,89,4.078126
controls-16m,3,step,90,4.096982
controls-16m,3,step,91,4.098054
controls-16m,3,step,92,4.076223
controls-16m,3,step,93,4.086613
controls-16m,3,step,94,4.124524
controls-16m,3,step,95,4.109335
controls-16m,3,step,96,4.084619
controls-16m,3,step,97,4.091832
controls-16m,3,step,98,4.077105
controls-16m,3,step,99,4.101851
controls-16m,3,step,100,4.109886
controls-16m,3,step,101,4.135955
controls-16m,3,step,102,4.105188
controls-16m,3,step,103,4.086642
controls-16m,3,step,104,4.079259
controls-16m,3,step,105,4.092965
controls-16m,3,step,106,4.153438
controls-16m,3,step,107,4.123993
controls-16m,3,step,108,4.078517
controls-16m,3,step,109,4.163547
controls-16m,3,step,110,4.073677
controls-16m,3,step,111,4.086041
controls-16m,3,step,112,4.096341
controls-16m,3,step,113,4.084729
controls-16m,3,step,114,4.091863
controls-16m,3,step,115,4.083797
controls-16m,3,step,116,4.090540
controls-16m,3,step,117,4.084117
controls-16m,3,step,118,4.092895
controls-16m,3,step,119,4.094277
controls-16m,3,step,120,4.084859
controls-16m,3,step,121,4.082474
controls-16m,3,step,122,4.166252
controls-16m,3,step,123,4.097823
controls-16m,3,step,124,4.112001
controls-16m,3,step,125,4.106349
controls-16m,3,step,126,4.092274
controls-16m,3,step,127,4.090159
controls-16m,3,step,128,4.075101
controls-16m,3,step,129,4.085941
controls-16m,3,step,130,4.100138
controls-16m,3,step,131,4.162796
controls-16m,3,step,132,4.111529
controls-16m,3,step,133,4.087214
controls-16m,3,step,134,4.124684
controls-16m,3,step,135,4.100037
controls-16m,3,step,136,4.098926
controls-16m,3,step,137,4.072987
controls-16m,3,step,138,4.112702
controls-16m,3,step,139,4.091101
controls-16m,3,step,140,4.096000
controls-16m,3,step,141,4.104636
controls-16m,3,step,142,4.086302
controls-16m,3,step,143,4.066104
controls-16m,3,step,144,4.096251
controls-16m,3,step,145,4.108424
controls-16m,3,step,146,4.090339
controls-16m,3,step,147,4.101781
controls-16m,3,step,148,4.102512
controls-16m,3,step,149,4.077535
controls-16m,3,step,150,4.149590
controls-16m,3,step,151,4.086492
controls-16m,3,step,152,4.088816
controls-16m,3,step,153,4.102763
controls-16m,3,step,154,4.090119
controls-16m,3,step,155,4.158197
controls-16m,3,step,156,4.103544
controls-16m,3,step,157,4.179818
controls-16m,3,step,158,4.096231
controls-16m,3,step,159,4.090439
controls-16m,3,step,160,4.105007
controls-16m,3,step,161,4.185237
controls-16m,3,step,162,4.092433
controls-16m,3,step,163,4.102432
controls-16m,3,step,164,4.168327
controls-16m,3,step,165,4.093204
controls-16m,3,step,166,4.108975
controls-16m,3,step,167,4.095860
controls-16m,3,step,168,4.113733
controls-16m,3,step,169,4.069070
controls-16m,3,step,170,4.087494
controls-16m,3,step,171,4.083927
controls-16m,3,step,172,4.107421
controls-16m,3,step,173,4.093085
controls-16m,3,step,174,4.075351
controls-16m,3,step,175,4.085911
controls-16m,3,step,176,4.074189
controls-16m,3,step,177,4.081954
controls-16m,3,step,178,4.105238
controls-16m,3,step,179,4.089628
controls-16m,3,step,180,4.091091
controls-16m,3,step,181,4.079739
controls-16m,3,step,182,4.078457
controls-16m,3,step,183,4.112522
controls-16m,3,step,184,4.096611
controls-16m,3,step,185,4.080340
controls-16m,3,step,186,4.073497
controls-16m,3,step,187,4.092494
controls-16m,3,step,188,4.075371
controls-16m,3,step,189,4.087815
controls-16m,3,step,190,4.105708
controls-16m,3,step,191,4.106019
controls-16m,3,step,192,4.078447
controls-16m,3,step,193,4.100348
controls-16m,3,step,194,4.073037
controls-16m,3,step,195,4.093977
controls-16m,3,step,196,4.073988
controls-16m,3,step,197,4.065834
controls-16m,3,step,198,4.081002
controls-16m,3,step,199,4.092393
controls-16m,3,step,200,4.082865
controls-16m,3,step,201,4.089568
controls-16m,3,step,202,4.098164
controls-16m,3,step,203,4.099727
controls-16m,3,step,204,4.088216
controls-16m,3,step,205,4.088776
controls-16m,3,step,206,4.135334
controls-16m,3,step,207,4.088606
controls-16m,3,step,208,4.136837
controls-16m,3,step,209,4.088246
controls-16m,3,step,210,4.111258
controls-16m,3,step,211,4.107211
controls-16m,3,step,212,4.071123
controls-16m,3,step,213,4.079559
controls-16m,3,step,214,4.085520
controls-16m,3,step,215,4.088216
controls-16m,3,step,216,4.172764
controls-16m,3,step,217,4.059241
controls-16m,3,step,218,4.084068
controls-16m,3,step,219,4.082585
controls-16m,3,step,220,4.094066
controls-16m,3,step,221,4.086152
controls-16m,3,step,222,4.102001
controls-16m,3,step,223,4.134753
controls-16m,3,step,224,4.097814
controls-16m,3,step,225,4.170971
controls-16m,3,step,226,4.095329
controls-16m,3,step,227,4.097633
controls-16m,3,step,228,4.090520
controls-16m,3,step,229,4.087734
controls-16m,3,step,230,4.088506
controls-16m,3,step,231,4.172164
controls-16m,3,step,232,4.080571
controls-16m,3,step,233,4.080941
controls-16m,3,step,234,4.064180
controls-16m,3,step,235,4.072646
controls-16m,3,step,236,4.129473
controls-16m,3,step,237,4.092413
controls-16m,3,step,238,4.073838
controls-16m,3,step,239,4.067607
controls-16m,3,step,240,4.080650
controls-16m,3,step,241,4.075241
controls-16m,3,step,242,4.104566
controls-16m,3,step,243,4.105648
controls-16m,3,step,244,4.097674
controls-16m,3,step,245,4.180820
controls-16m,3,step,246,4.113934
controls-16m,3,step,247,4.198032
controls-16m,3,step,248,4.102943
controls-16m,3,step,249,4.074449
controls-16m,3,step,250,4.075702
controls-16m,3,step,251,4.078177
controls-16m,3,step,252,4.088566
controls-16m,3,step,253,4.092554
controls-16m,3,step,254,4.083627
controls-16m,3,step,255,4.086362
controls-16m,3,step,256,0.024166
controls-16m,3,publish-frame,0,0.144923
controls-16m,3,release,0,0.028413
controls-16m,3,total,0,1049.995743
controls-16m,3,cancel-release,0,0.034825
controls-16m,4,step,0,4.086161
controls-16m,4,step,1,4.095138
controls-16m,4,step,2,4.066835
controls-16m,4,step,3,4.099446
controls-16m,4,step,4,4.091311
controls-16m,4,step,5,4.080250
controls-16m,4,step,6,4.075161
controls-16m,4,step,7,4.102673
controls-16m,4,step,8,4.068789
controls-16m,4,step,9,4.094467
controls-16m,4,step,10,4.093435
controls-16m,4,step,11,4.083386
controls-16m,4,step,12,4.088586
controls-16m,4,step,13,4.079780
controls-16m,4,step,14,4.115587
controls-16m,4,step,15,4.082795
controls-16m,4,step,16,4.092143
controls-16m,4,step,17,4.076524
controls-16m,4,step,18,4.109546
controls-16m,4,step,19,4.103173
controls-16m,4,step,20,4.100428
controls-16m,4,step,21,4.146535
controls-16m,4,step,22,4.106439
controls-16m,4,step,23,4.098445
controls-16m,4,step,24,4.097773
controls-16m,4,step,25,4.079870
controls-16m,4,step,26,4.074690
controls-16m,4,step,27,4.066495
controls-16m,4,step,28,4.076423
controls-16m,4,step,29,4.073307
controls-16m,4,step,30,4.091101
controls-16m,4,step,31,4.175861
controls-16m,4,step,32,4.086993
controls-16m,4,step,33,4.070011
controls-16m,4,step,34,4.088566
controls-16m,4,step,35,4.093987
controls-16m,4,step,36,4.076663
controls-16m,4,step,37,4.107602
controls-16m,4,step,38,4.086812
controls-16m,4,step,39,4.199344
controls-16m,4,step,40,4.106660
controls-16m,4,step,41,4.132539
controls-16m,4,step,42,4.061986
controls-16m,4,step,43,4.088186
controls-16m,4,step,44,4.072025
controls-16m,4,step,45,4.071524
controls-16m,4,step,46,4.084939
controls-16m,4,step,47,4.077034
controls-16m,4,step,48,4.057728
controls-16m,4,step,49,4.078887
controls-16m,4,step,50,4.147677
controls-16m,4,step,51,4.102803
controls-16m,4,step,52,4.066675
controls-16m,4,step,53,4.130625
controls-16m,4,step,54,4.073327
controls-16m,4,step,55,4.097052
controls-16m,4,step,56,4.091511
controls-16m,4,step,57,4.143239
controls-16m,4,step,58,4.107862
controls-16m,4,step,59,4.082094
controls-16m,4,step,60,4.088947
controls-16m,4,step,61,4.084589
controls-16m,4,step,62,4.076073
controls-16m,4,step,63,4.076082
controls-16m,4,step,64,4.098995
controls-16m,4,step,65,4.200336
controls-16m,4,step,66,4.093726
controls-16m,4,step,67,4.098325
controls-16m,4,step,68,4.098845
controls-16m,4,step,69,4.097021
controls-16m,4,step,70,4.087324
controls-16m,4,step,71,4.098655
controls-16m,4,step,72,4.193203
controls-16m,4,step,73,4.110337
controls-16m,4,step,74,4.076924
controls-16m,4,step,75,4.072265
controls-16m,4,step,76,4.081824
controls-16m,4,step,77,4.080411
controls-16m,4,step,78,4.076193
controls-16m,4,step,79,4.084668
controls-16m,4,step,80,4.116068
controls-16m,4,step,81,4.074129
controls-16m,4,step,82,4.076233
controls-16m,4,step,83,4.068418
controls-16m,4,step,84,4.256312
controls-16m,4,step,85,4.098755
controls-16m,4,step,86,4.085860
controls-16m,4,step,87,4.088596
controls-16m,4,step,88,4.073919
controls-16m,4,step,89,4.070492
controls-16m,4,step,90,4.072787
controls-16m,4,step,91,4.080941
controls-16m,4,step,92,4.096440
controls-16m,4,step,93,4.074760
controls-16m,4,step,94,4.063689
controls-16m,4,step,95,4.108282
controls-16m,4,step,96,4.079619
controls-16m,4,step,97,4.076273
controls-16m,4,step,98,4.094286
controls-16m,4,step,99,4.062467
controls-16m,4,step,100,4.090400
controls-16m,4,step,101,4.079599
controls-16m,4,step,102,4.087254
controls-16m,4,step,103,4.082555
controls-16m,4,step,104,4.073067
controls-16m,4,step,105,4.080320
controls-16m,4,step,106,4.133661
controls-16m,4,step,107,4.095690
controls-16m,4,step,108,4.077135
controls-16m,4,step,109,4.067897
controls-16m,4,step,110,4.098335
controls-16m,4,step,111,4.088796
controls-16m,4,step,112,4.149451
controls-16m,4,step,113,4.060002
controls-16m,4,step,114,4.096531
controls-16m,4,step,115,4.126978
controls-16m,4,step,116,4.097263
controls-16m,4,step,117,4.207340
controls-16m,4,step,118,4.084749
controls-16m,4,step,119,4.103103
controls-16m,4,step,120,4.160601
controls-16m,4,step,121,4.091932
controls-16m,4,step,122,4.127790
controls-16m,4,step,123,4.151685
controls-16m,4,step,124,4.138961
controls-16m,4,step,125,4.089798
controls-16m,4,step,126,4.080761
controls-16m,4,step,127,4.099878
controls-16m,4,step,128,4.138390
controls-16m,4,step,129,4.201538
controls-16m,4,step,130,4.114846
controls-16m,4,step,131,4.123763
controls-16m,4,step,132,4.086742
controls-16m,4,step,133,4.072436
controls-16m,4,step,134,4.091402
controls-16m,4,step,135,4.087634
controls-16m,4,step,136,4.074850
controls-16m,4,step,137,4.075481
controls-16m,4,step,138,4.092083
controls-16m,4,step,139,4.076894
controls-16m,4,step,140,4.076563
controls-16m,4,step,141,4.069840
controls-16m,4,step,142,4.075331
controls-16m,4,step,143,4.085009
controls-16m,4,step,144,4.087575
controls-16m,4,step,145,4.112671
controls-16m,4,step,146,4.074670
controls-16m,4,step,147,4.070673
controls-16m,4,step,148,4.082995
controls-16m,4,step,149,4.077756
controls-16m,4,step,150,4.107552
controls-16m,4,step,151,4.082725
controls-16m,4,step,152,4.084468
controls-16m,4,step,153,4.073318
controls-16m,4,step,154,4.080380
controls-16m,4,step,155,4.089267
controls-16m,4,step,156,4.081703
controls-16m,4,step,157,4.090009
controls-16m,4,step,158,4.082464
controls-16m,4,step,159,4.096661
controls-16m,4,step,160,4.105387
controls-16m,4,step,161,4.085780
controls-16m,4,step,162,4.101530
controls-16m,4,step,163,4.098525
controls-16m,4,step,164,4.139121
controls-16m,4,step,165,4.097603
controls-16m,4,step,166,4.091120
controls-16m,4,step,167,4.109746
controls-16m,4,step,168,4.093055
controls-16m,4,step,169,4.082665
controls-16m,4,step,170,4.083456
controls-16m,4,step,171,4.091071
controls-16m,4,step,172,4.080712
controls-16m,4,step,173,4.151655
controls-16m,4,step,174,4.162865
controls-16m,4,step,175,4.089448
controls-16m,4,step,176,4.075963
controls-16m,4,step,177,4.074500
controls-16m,4,step,178,4.083647
controls-16m,4,step,179,4.128702
controls-16m,4,step,180,4.097322
controls-16m,4,step,181,4.210606
controls-16m,4,step,182,4.106911
controls-16m,4,step,183,4.086642
controls-16m,4,step,184,4.074871
controls-16m,4,step,185,4.100788
controls-16m,4,step,186,4.107431
controls-16m,4,step,187,4.202871
controls-16m,4,step,188,4.098594
controls-16m,4,step,189,4.084147
controls-16m,4,step,190,4.108103
controls-16m,4,step,191,4.105188
controls-16m,4,step,192,4.131527
controls-16m,4,step,193,4.080441
controls-16m,4,step,194,4.105056
controls-16m,4,step,195,4.100999
controls-16m,4,step,196,4.120977
controls-16m,4,step,197,4.088045
controls-16m,4,step,198,4.091121
controls-16m,4,step,199,4.076543
controls-16m,4,step,200,4.094968
controls-16m,4,step,201,4.093164
controls-16m,4,step,202,4.173175
controls-16m,4,step,203,4.108323
controls-16m,4,step,204,4.076854
controls-16m,4,step,205,4.121709
controls-16m,4,step,206,4.099066
controls-16m,4,step,207,4.096340
controls-16m,4,step,208,4.106129
controls-16m,4,step,209,4.204153
controls-16m,4,step,210,4.120736
controls-16m,4,step,211,4.104486
controls-16m,4,step,212,4.083897
controls-16m,4,step,213,4.105247
controls-16m,4,step,214,4.155803
controls-16m,4,step,215,4.071264
controls-16m,4,step,216,4.082455
controls-16m,4,step,217,4.101971
controls-16m,4,step,218,4.075992
controls-16m,4,step,219,4.096351
controls-16m,4,step,220,4.087113
controls-16m,4,step,221,4.110046
controls-16m,4,step,222,4.094598
controls-16m,4,step,223,4.060253
controls-16m,4,step,224,4.161693
controls-16m,4,step,225,4.087083
controls-16m,4,step,226,4.102081
controls-16m,4,step,227,4.092263
controls-16m,4,step,228,4.079248
controls-16m,4,step,229,4.080752
controls-16m,4,step,230,4.079068
controls-16m,4,step,231,4.083036
controls-16m,4,step,232,4.096592
controls-16m,4,step,233,4.083797
controls-16m,4,step,234,4.164188
controls-16m,4,step,235,4.315352
controls-16m,4,step,236,4.088215
controls-16m,4,step,237,4.065473
controls-16m,4,step,238,4.076573
controls-16m,4,step,239,4.181551
controls-16m,4,step,240,4.079479
controls-16m,4,step,241,4.095349
controls-16m,4,step,242,4.103034
controls-16m,4,step,243,4.069550
controls-16m,4,step,244,4.088847
controls-16m,4,step,245,4.105669
controls-16m,4,step,246,4.074990
controls-16m,4,step,247,4.086692
controls-16m,4,step,248,4.078848
controls-16m,4,step,249,4.067687
controls-16m,4,step,250,4.103705
controls-16m,4,step,251,4.077325
controls-16m,4,step,252,4.075712
controls-16m,4,step,253,4.092704
controls-16m,4,step,254,4.078307
controls-16m,4,step,255,4.086833
controls-16m,4,step,256,0.024025
controls-16m,4,publish-frame,0,0.137299
controls-16m,4,release,0,0.028625
controls-16m,4,total,0,1049.440338
controls-16m,4,cancel-release,0,0.035467
mixed-16m,0,step,0,2.324165
mixed-16m,0,step,1,2.290723
mixed-16m,0,step,2,2.278449
mixed-16m,0,step,3,2.328152
mixed-16m,0,step,4,2.324916
mixed-16m,0,step,5,2.308004
mixed-16m,0,step,6,2.307824
mixed-16m,0,step,7,2.332561
mixed-16m,0,step,8,2.386011
mixed-16m,0,step,9,2.289579
mixed-16m,0,step,10,2.311221
mixed-16m,0,step,11,2.310409
mixed-16m,0,step,12,2.297275
mixed-16m,0,step,13,2.276705
mixed-16m,0,step,14,2.285362
mixed-16m,0,step,15,2.330677
mixed-16m,0,step,16,2.299889
mixed-16m,0,step,17,2.289159
mixed-16m,0,step,18,2.326829
mixed-16m,0,step,19,2.347900
mixed-16m,0,step,20,2.301522
mixed-16m,0,step,21,2.326009
mixed-16m,0,step,22,2.299418
mixed-16m,0,step,23,2.292926
mixed-16m,0,step,24,2.307173
mixed-16m,0,step,25,2.289640
mixed-16m,0,step,26,2.279631
mixed-16m,0,step,27,2.315108
mixed-16m,0,step,28,2.363829
mixed-16m,0,step,29,2.340276
mixed-16m,0,step,30,2.326229
mixed-16m,0,step,31,2.323383
mixed-16m,0,step,32,2.320888
mixed-16m,0,step,33,2.377775
mixed-16m,0,step,34,2.323975
mixed-16m,0,step,35,2.294629
mixed-16m,0,step,36,2.270003
mixed-16m,0,step,37,2.297335
mixed-16m,0,step,38,2.285963
mixed-16m,0,step,39,2.327591
mixed-16m,0,step,40,2.298497
mixed-16m,0,step,41,2.293627
mixed-16m,0,step,42,2.301542
mixed-16m,0,step,43,2.283879
mixed-16m,0,step,44,2.307273
mixed-16m,0,step,45,2.300751
mixed-16m,0,step,46,2.277667
mixed-16m,0,step,47,2.315288
mixed-16m,0,step,48,2.256558
mixed-16m,0,step,49,2.290672
mixed-16m,0,step,50,2.303866
mixed-16m,0,step,51,2.315498
mixed-16m,0,step,52,2.320208
mixed-16m,0,step,53,2.270644
mixed-16m,0,step,54,2.335025
mixed-16m,0,step,55,2.300851
mixed-16m,0,step,56,2.284099
mixed-16m,0,step,57,2.313655
mixed-16m,0,step,58,2.278449
mixed-16m,0,step,59,2.310829
mixed-16m,0,step,60,2.340655
mixed-16m,0,step,61,2.280363
mixed-16m,0,step,62,2.281274
mixed-16m,0,step,63,2.291523
mixed-16m,0,step,64,2.393506
mixed-16m,0,step,65,2.342239
mixed-16m,0,step,66,2.306942
mixed-16m,0,step,67,2.320318
mixed-16m,0,step,68,2.300771
mixed-16m,0,step,69,2.315198
mixed-16m,0,step,70,2.308055
mixed-16m,0,step,71,2.278689
mixed-16m,0,step,72,2.306001
mixed-16m,0,step,73,2.296934
mixed-16m,0,step,74,2.295131
mixed-16m,0,step,75,2.307553
mixed-16m,0,step,76,2.285763
mixed-16m,0,step,77,2.356455
mixed-16m,0,step,78,2.299167
mixed-16m,0,step,79,2.292165
mixed-16m,0,step,80,2.351095
mixed-16m,0,step,81,2.302353
mixed-16m,0,step,82,2.288789
mixed-16m,0,step,83,2.293908
mixed-16m,0,step,84,2.282145
mixed-16m,0,step,85,2.290843
mixed-16m,0,step,86,2.311090
mixed-16m,0,step,87,2.276145
mixed-16m,0,step,88,2.285201
mixed-16m,0,step,89,2.286194
mixed-16m,0,step,90,2.330456
mixed-16m,0,step,91,2.297535
mixed-16m,0,step,92,2.283999
mixed-16m,0,step,93,2.311131
mixed-16m,0,step,94,2.276776
mixed-16m,0,step,95,2.304077
mixed-16m,0,step,96,2.268049
mixed-16m,0,step,97,2.310208
mixed-16m,0,step,98,2.273680
mixed-16m,0,step,99,2.280383
mixed-16m,0,step,100,2.340435
mixed-16m,0,step,101,2.275823
mixed-16m,0,step,102,2.283217
mixed-16m,0,step,103,2.283759
mixed-16m,0,step,104,2.299799
mixed-16m,0,step,105,2.314878
mixed-16m,0,step,106,2.322962
mixed-16m,0,step,107,2.304718
mixed-16m,0,step,108,2.293998
mixed-16m,0,step,109,2.287756
mixed-16m,0,step,110,2.326289
mixed-16m,0,step,111,2.290251
mixed-16m,0,step,112,2.299739
mixed-16m,0,step,113,2.299849
mixed-16m,0,step,114,2.306241
mixed-16m,0,step,115,2.321470
mixed-16m,0,step,116,2.289369
mixed-16m,0,step,117,2.374329
mixed-16m,0,step,118,2.327601
mixed-16m,0,step,119,2.295571
mixed-16m,0,step,120,2.336347
mixed-16m,0,step,121,2.323784
mixed-16m,0,step,122,2.287255
mixed-16m,0,step,123,2.301612
mixed-16m,0,step,124,2.283779
mixed-16m,0,step,125,2.296974
mixed-16m,0,step,126,2.440734
mixed-16m,0,step,127,2.308045
mixed-16m,0,step,128,2.310048
mixed-16m,0,step,129,2.325077
mixed-16m,0,step,130,2.302614
mixed-16m,0,step,131,2.292656
mixed-16m,0,step,132,2.297915
mixed-16m,0,step,133,2.401882
mixed-16m,0,step,134,2.309558
mixed-16m,0,step,135,2.326119
mixed-16m,0,step,136,2.314777
mixed-16m,0,step,137,2.310870
mixed-16m,0,step,138,2.273770
mixed-16m,0,step,139,2.317883
mixed-16m,0,step,140,2.302333
mixed-16m,0,step,141,2.297013
mixed-16m,0,step,142,2.355805
mixed-16m,0,step,143,2.280833
mixed-16m,0,step,144,2.271034
mixed-16m,0,step,145,2.307123
mixed-16m,0,step,146,2.276014
mixed-16m,0,step,147,2.318815
mixed-16m,0,step,148,2.293237
mixed-16m,0,step,149,2.278248
mixed-16m,0,step,150,2.311141
mixed-16m,0,step,151,2.307293
mixed-16m,0,step,152,2.302284
mixed-16m,0,step,153,2.291062
mixed-16m,0,step,154,2.302945
mixed-16m,0,step,155,2.307233
mixed-16m,0,step,156,2.314728
mixed-16m,0,step,157,2.287375
mixed-16m,0,step,158,2.258732
mixed-16m,0,step,159,2.300851
mixed-16m,0,step,160,2.306862
mixed-16m,0,step,161,2.276626
mixed-16m,0,step,162,2.345785
mixed-16m,0,step,163,2.315369
mixed-16m,0,step,164,2.300520
mixed-16m,0,step,165,2.313786
mixed-16m,0,step,166,2.291794
mixed-16m,0,step,167,2.286103
mixed-16m,0,step,168,2.301412
mixed-16m,0,step,169,2.295401
mixed-16m,0,step,170,2.294419
mixed-16m,0,step,171,2.280412
mixed-16m,0,step,172,2.316300
mixed-16m,0,step,173,2.289720
mixed-16m,0,step,174,2.305660
mixed-16m,0,step,175,2.283739
mixed-16m,0,step,176,2.311020
mixed-16m,0,step,177,2.305941
mixed-16m,0,step,178,2.304277
mixed-16m,0,step,179,2.286023
mixed-16m,0,step,180,2.299749
mixed-16m,0,step,181,2.293357
mixed-16m,0,step,182,2.298055
mixed-16m,0,step,183,2.295401
mixed-16m,0,step,184,2.316530
mixed-16m,0,step,185,2.292486
mixed-16m,0,step,186,2.280743
mixed-16m,0,step,187,2.280903
mixed-16m,0,step,188,2.264553
mixed-16m,0,step,189,2.283468
mixed-16m,0,step,190,2.292965
mixed-16m,0,step,191,2.277687
mixed-16m,0,step,192,2.294188
mixed-16m,0,step,193,2.283870
mixed-16m,0,step,194,2.293126
mixed-16m,0,step,195,2.286434
mixed-16m,0,step,196,2.292355
mixed-16m,0,step,197,2.289640
mixed-16m,0,step,198,2.280212
mixed-16m,0,step,199,2.307994
mixed-16m,0,step,200,2.299518
mixed-16m,0,step,201,2.277196
mixed-16m,0,step,202,2.325437
mixed-16m,0,step,203,2.272247
mixed-16m,0,step,204,2.312673
mixed-16m,0,step,205,2.269452
mixed-16m,0,step,206,2.326810
mixed-16m,0,step,207,2.327892
mixed-16m,0,step,208,2.278779
mixed-16m,0,step,209,2.304337
mixed-16m,0,step,210,2.304057
mixed-16m,0,step,211,2.281354
mixed-16m,0,step,212,2.286994
mixed-16m,0,step,213,2.301983
mixed-16m,0,step,214,2.305780
mixed-16m,0,step,215,2.285803
mixed-16m,0,step,216,2.354121
mixed-16m,0,step,217,2.277728
mixed-16m,0,step,218,2.298957
mixed-16m,0,step,219,2.293828
mixed-16m,0,step,220,2.312633
mixed-16m,0,step,221,2.266367
mixed-16m,0,step,222,2.270264
mixed-16m,0,step,223,2.290842
mixed-16m,0,step,224,2.269282
mixed-16m,0,step,225,2.305540
mixed-16m,0,step,226,2.369340
mixed-16m,0,step,227,2.298587
mixed-16m,0,step,228,2.289840
mixed-16m,0,step,229,2.328633
mixed-16m,0,step,230,2.296784
mixed-16m,0,step,231,2.272547
mixed-16m,0,step,232,2.303476
mixed-16m,0,step,233,2.312233
mixed-16m,0,step,234,2.306902
mixed-16m,0,step,235,2.300891
mixed-16m,0,step,236,2.294599
mixed-16m,0,step,237,2.335646
mixed-16m,0,step,238,2.304568
mixed-16m,0,step,239,2.297825
mixed-16m,0,step,240,2.344914
mixed-16m,0,step,241,2.321449
mixed-16m,0,step,242,2.331800
mixed-16m,0,step,243,2.298877
mixed-16m,0,step,244,2.304097
mixed-16m,0,step,245,2.323844
mixed-16m,0,step,246,2.278299
mixed-16m,0,step,247,2.292024
mixed-16m,0,step,248,2.270284
mixed-16m,0,step,249,2.301993
mixed-16m,0,step,250,2.365342
mixed-16m,0,step,251,2.305059
mixed-16m,0,step,252,2.345265
mixed-16m,0,step,253,2.296863
mixed-16m,0,step,254,2.299880
mixed-16m,0,step,255,2.298095
mixed-16m,0,step,256,0.016972
mixed-16m,0,publish-frame,0,0.122380
mixed-16m,0,release,0,0.027001
mixed-16m,0,total,0,590.031601
mixed-16m,0,cancel-release,0,0.031018
mixed-16m,1,step,0,2.307464
mixed-16m,1,step,1,2.327241
mixed-16m,1,step,2,2.259684
mixed-16m,1,step,3,2.288718
mixed-16m,1,step,4,2.307303
mixed-16m,1,step,5,2.301212
mixed-16m,1,step,6,2.301813
mixed-16m,1,step,7,2.350685
mixed-16m,1,step,8,2.336889
mixed-16m,1,step,9,2.286554
mixed-16m,1,step,10,2.348841
mixed-16m,1,step,11,2.370682
mixed-16m,1,step,12,2.288248
mixed-16m,1,step,13,2.345484
mixed-16m,1,step,14,2.322151
mixed-16m,1,step,15,2.292766
mixed-16m,1,step,16,2.343241
mixed-16m,1,step,17,2.332480
mixed-16m,1,step,18,2.296794
mixed-16m,1,step,19,2.317241
mixed-16m,1,step,20,2.298717
mixed-16m,1,step,21,2.292225
mixed-16m,1,step,22,2.304147
mixed-16m,1,step,23,2.302034
mixed-16m,1,step,24,2.286293
mixed-16m,1,step,25,2.287746
mixed-16m,1,step,26,2.309177
mixed-16m,1,step,27,2.288999
mixed-16m,1,step,28,2.313895
mixed-16m,1,step,29,2.308675
mixed-16m,1,step,30,2.351727
mixed-16m,1,step,31,2.290702
mixed-16m,1,step,32,2.293948
mixed-16m,1,step,33,2.302995
mixed-16m,1,step,34,2.285292
mixed-16m,1,step,35,2.299729
mixed-16m,1,step,36,2.302524
mixed-16m,1,step,37,2.290902
mixed-16m,1,step,38,2.316491
mixed-16m,1,step,39,2.329284
mixed-16m,1,step,40,2.319797
mixed-16m,1,step,41,2.283598
mixed-16m,1,step,42,2.332922
mixed-16m,1,step,43,2.321560
mixed-16m,1,step,44,2.295210
mixed-16m,1,step,45,2.329365
mixed-16m,1,step,46,2.404727
mixed-16m,1,step,47,2.285122
mixed-16m,1,step,48,2.624590
mixed-16m,1,step,49,2.302164
mixed-16m,1,step,50,2.301392
mixed-16m,1,step,51,2.310018
mixed-16m,1,step,52,2.300881
mixed-16m,1,step,53,2.320648
mixed-16m,1,step,54,2.304969
mixed-16m,1,step,55,2.402041
mixed-16m,1,step,56,2.324375
mixed-16m,1,step,57,2.299128
mixed-16m,1,step,58,2.335456
mixed-16m,1,step,59,2.297385
mixed-16m,1,step,60,2.304768
mixed-16m,1,step,61,2.289620
mixed-16m,1,step,62,2.289981
mixed-16m,1,step,63,2.298967
mixed-16m,1,step,64,2.282576
mixed-16m,1,step,65,2.298687
mixed-16m,1,step,66,2.275834
mixed-16m,1,step,67,2.350324
mixed-16m,1,step,68,2.300470
mixed-16m,1,step,69,2.421488
mixed-16m,1,step,70,2.314376
mixed-16m,1,step,71,2.295661
mixed-16m,1,step,72,2.299058
mixed-16m,1,step,73,2.298106
mixed-16m,1,step,74,2.298246
mixed-16m,1,step,75,2.268620
mixed-16m,1,step,76,2.311732
mixed-16m,1,step,77,2.306281
mixed-16m,1,step,78,2.290652
mixed-16m,1,step,79,2.300240
mixed-16m,1,step,80,2.316901
mixed-16m,1,step,81,2.290772
mixed-16m,1,step,82,2.274100
mixed-16m,1,step,83,2.319766
mixed-16m,1,step,84,2.283488
mixed-16m,1,step,85,2.296552
mixed-16m,1,step,86,2.317412
mixed-16m,1,step,87,2.282296
mixed-16m,1,step,88,2.291172
mixed-16m,1,step,89,2.291964
mixed-16m,1,step,90,2.298767
mixed-16m,1,step,91,2.288538
mixed-16m,1,step,92,2.273479
mixed-16m,1,step,93,2.315609
mixed-16m,1,step,94,2.285122
mixed-16m,1,step,95,2.277938
mixed-16m,1,step,96,2.276505
mixed-16m,1,step,97,2.306121
mixed-16m,1,step,98,2.292144
mixed-16m,1,step,99,2.294088
mixed-16m,1,step,100,2.329334
mixed-16m,1,step,101,2.276486
mixed-16m,1,step,102,2.311741
mixed-16m,1,step,103,2.338051
mixed-16m,1,step,104,2.275995
mixed-16m,1,step,105,2.276124
mixed-16m,1,step,106,2.275453
mixed-16m,1,step,107,2.338161
mixed-16m,1,step,108,2.296042
mixed-16m,1,step,109,2.275964
mixed-16m,1,step,110,2.348090
mixed-16m,1,step,111,2.310008
mixed-16m,1,step,112,2.285462
mixed-16m,1,step,113,2.321079
mixed-16m,1,step,114,2.292535
mixed-16m,1,step,115,2.308816
mixed-16m,1,step,116,2.314848
mixed-16m,1,step,117,2.284009
mixed-16m,1,step,118,2.391091
mixed-16m,1,step,119,2.296733
mixed-16m,1,step,120,2.330978
mixed-16m,1,step,121,2.319236
mixed-16m,1,step,122,2.314296
mixed-16m,1,step,123,2.357908
mixed-16m,1,step,124,2.298667
mixed-16m,1,step,125,2.304558
mixed-16m,1,step,126,2.308605
mixed-16m,1,step,127,2.295010
mixed-16m,1,step,128,2.274912
mixed-16m,1,step,129,2.300350
mixed-16m,1,step,130,2.309056
mixed-16m,1,step,131,2.336247
mixed-16m,1,step,132,2.321039
mixed-16m,1,step,133,2.308295
mixed-16m,1,step,134,2.332009
mixed-16m,1,step,135,2.395129
mixed-16m,1,step,136,2.356375
mixed-16m,1,step,137,2.316089
mixed-16m,1,step,138,2.304568
mixed-16m,1,step,139,2.307273
mixed-16m,1,step,140,2.334964
mixed-16m,1,step,141,2.315128
mixed-16m,1,step,142,2.308675
mixed-16m,1,step,143,2.322723
mixed-16m,1,step,144,2.329394
mixed-16m,1,step,145,2.329144
mixed-16m,1,step,146,2.304879
mixed-16m,1,step,147,2.289479
mixed-16m,1,step,148,2.309127
mixed-16m,1,step,149,2.315468
mixed-16m,1,step,150,2.342460
mixed-16m,1,step,151,2.329765
mixed-16m,1,step,152,2.284150
mixed-16m,1,step,153,2.295811
mixed-16m,1,step,154,2.352308
mixed-16m,1,step,155,2.331879
mixed-16m,1,step,156,2.310669
mixed-16m,1,step,157,2.343141
mixed-16m,1,step,158,2.272327
mixed-16m,1,step,159,2.322541
mixed-16m,1,step,160,2.320929
mixed-16m,1,step,161,2.338642
mixed-16m,1,step,162,2.305260
mixed-16m,1,step,163,2.335175
mixed-16m,1,step,164,2.317582
mixed-16m,1,step,165,2.355885
mixed-16m,1,step,166,2.311481
mixed-16m,1,step,167,2.306632
mixed-16m,1,step,168,2.322702
mixed-16m,1,step,169,2.275383
mixed-16m,1,step,170,2.304428
mixed-16m,1,step,171,2.338992
mixed-16m,1,step,172,2.279671
mixed-16m,1,step,173,2.340956
mixed-16m,1,step,174,2.341437
mixed-16m,1,step,175,2.310499
mixed-16m,1,step,176,2.323994
mixed-16m,1,step,177,2.302043
mixed-16m,1,step,178,2.347699
mixed-16m,1,step,179,2.343591
mixed-16m,1,step,180,2.288858
mixed-16m,1,step,181,2.314066
mixed-16m,1,step,182,2.358780
mixed-16m,1,step,183,2.291453
mixed-16m,1,step,184,2.323794
mixed-16m,1,step,185,2.319696
mixed-16m,1,step,186,2.278479
mixed-16m,1,step,187,2.315969
mixed-16m,1,step,188,2.297765
mixed-16m,1,step,189,2.396081
mixed-16m,1,step,190,2.319476
mixed-16m,1,step,191,2.289329
mixed-16m,1,step,192,2.327321
mixed-16m,1,step,193,2.319135
mixed-16m,1,step,194,2.300900
mixed-16m,1,step,195,2.315819
mixed-16m,1,step,196,2.288848
mixed-16m,1,step,197,2.288398
mixed-16m,1,step,198,2.320057
mixed-16m,1,step,199,2.293096
mixed-16m,1,step,200,2.290472
mixed-16m,1,step,201,2.301382
mixed-16m,1,step,202,2.309527
mixed-16m,1,step,203,2.280953
mixed-16m,1,step,204,2.294930
mixed-16m,1,step,205,2.320107
mixed-16m,1,step,206,2.265845
mixed-16m,1,step,207,2.306561
mixed-16m,1,step,208,2.308996
mixed-16m,1,step,209,2.320678
mixed-16m,1,step,210,2.294639
mixed-16m,1,step,211,2.286164
mixed-16m,1,step,212,2.296603
mixed-16m,1,step,213,2.289219
mixed-16m,1,step,214,2.277547
mixed-16m,1,step,215,2.343591
mixed-16m,1,step,216,2.303015
mixed-16m,1,step,217,2.276124
mixed-16m,1,step,218,2.352248
mixed-16m,1,step,219,2.311070
mixed-16m,1,step,220,2.298236
mixed-16m,1,step,221,2.320077
mixed-16m,1,step,222,2.311791
mixed-16m,1,step,223,2.292495
mixed-16m,1,step,224,2.291112
mixed-16m,1,step,225,2.309317
mixed-16m,1,step,226,2.352147
mixed-16m,1,step,227,2.285562
mixed-16m,1,step,228,2.312954
mixed-16m,1,step,229,2.296432
mixed-16m,1,step,230,2.302844
mixed-16m,1,step,231,2.323283
mixed-16m,1,step,232,2.333252
mixed-16m,1,step,233,2.371874
mixed-16m,1,step,234,2.317031
mixed-16m,1,step,235,2.313014
mixed-16m,1,step,236,2.297574
mixed-16m,1,step,237,2.437187
mixed-16m,1,step,238,2.322621
mixed-16m,1,step,239,2.302555
mixed-16m,1,step,240,2.328894
mixed-16m,1,step,241,2.293447
mixed-16m,1,step,242,2.286574
mixed-16m,1,step,243,2.296323
mixed-16m,1,step,244,2.315127
mixed-16m,1,step,245,2.296513
mixed-16m,1,step,246,2.288348
mixed-16m,1,step,247,2.321490
mixed-16m,1,step,248,2.318184
mixed-16m,1,step,249,2.290581
mixed-16m,1,step,250,2.306081
mixed-16m,1,step,251,2.284160
mixed-16m,1,step,252,2.366925
mixed-16m,1,step,253,2.341818
mixed-16m,1,step,254,2.309177
mixed-16m,1,step,255,2.314477
mixed-16m,1,step,256,0.014637
mixed-16m,1,publish-frame,0,0.119245
mixed-16m,1,release,0,0.027532
mixed-16m,1,total,0,592.149778
mixed-16m,1,cancel-release,0,0.031950
mixed-16m,2,step,0,2.348070
mixed-16m,2,step,1,2.295812
mixed-16m,2,step,2,2.316450
mixed-16m,2,step,3,2.336268
mixed-16m,2,step,4,2.342850
mixed-16m,2,step,5,2.322542
mixed-16m,2,step,6,2.330146
mixed-16m,2,step,7,2.335637
mixed-16m,2,step,8,2.278078
mixed-16m,2,step,9,2.313044
mixed-16m,2,step,10,2.321960
mixed-16m,2,step,11,2.325747
mixed-16m,2,step,12,2.310328
mixed-16m,2,step,13,2.290552
mixed-16m,2,step,14,2.311361
mixed-16m,2,step,15,2.331609
mixed-16m,2,step,16,2.344162
mixed-16m,2,step,17,2.289280
mixed-16m,2,step,18,2.298446
mixed-16m,2,step,19,2.329866
mixed-16m,2,step,20,2.310138
mixed-16m,2,step,21,2.309568
mixed-16m,2,step,22,2.343741
mixed-16m,2,step,23,2.312624
mixed-16m,2,step,24,2.286594
mixed-16m,2,step,25,2.300590
mixed-16m,2,step,26,2.318053
mixed-16m,2,step,27,2.284009
mixed-16m,2,step,28,2.353280
mixed-16m,2,step,29,2.322872
mixed-16m,2,step,30,2.313735
mixed-16m,2,step,31,2.275223
mixed-16m,2,step,32,2.317732
mixed-16m,2,step,33,2.302985
mixed-16m,2,step,34,2.334535
mixed-16m,2,step,35,2.368789
mixed-16m,2,step,36,2.338882
mixed-16m,2,step,37,2.346066
mixed-16m,2,step,38,2.327371
mixed-16m,2,step,39,2.352558
mixed-16m,2,step,40,2.329214
mixed-16m,2,step,41,2.362838
mixed-16m,2,step,42,2.320538
mixed-16m,2,step,43,2.303496
mixed-16m,2,step,44,2.365212
mixed-16m,2,step,45,2.331990
mixed-16m,2,step,46,2.347258
mixed-16m,2,step,47,2.352949
mixed-16m,2,step,48,2.344763
mixed-16m,2,step,49,2.350976
mixed-16m,2,step,50,2.311501
mixed-16m,2,step,51,2.298947
mixed-16m,2,step,52,2.281595
mixed-16m,2,step,53,2.296172
mixed-16m,2,step,54,2.340175
mixed-16m,2,step,55,2.291564
mixed-16m,2,step,56,2.321610
mixed-16m,2,step,57,2.307864
mixed-16m,2,step,58,2.345886
mixed-16m,2,step,59,2.333803
mixed-16m,2,step,60,2.297725
mixed-16m,2,step,61,2.296272
mixed-16m,2,step,62,2.314506
mixed-16m,2,step,63,2.323494
mixed-16m,2,step,64,2.286564
mixed-16m,2,step,65,2.306231
mixed-16m,2,step,66,2.291213
mixed-16m,2,step,67,2.305630
mixed-16m,2,step,68,2.316761
mixed-16m,2,step,69,2.324025
mixed-16m,2,step,70,2.313635
mixed-16m,2,step,71,2.286023
mixed-16m,2,step,72,2.329976
mixed-16m,2,step,73,2.314657
mixed-16m,2,step,74,2.275864
mixed-16m,2,step,75,2.327531
mixed-16m,2,step,76,2.310379
mixed-16m,2,step,77,2.328263
mixed-16m,2,step,78,2.330647
mixed-16m,2,step,79,2.338983
mixed-16m,2,step,80,2.297314
mixed-16m,2,step,81,2.359091
mixed-16m,2,step,82,2.341547
mixed-16m,2,step,83,2.363658
mixed-16m,2,step,84,2.329103
mixed-16m,2,step,85,2.311881
mixed-16m,2,step,86,2.290912
mixed-16m,2,step,87,2.283468
mixed-16m,2,step,88,2.290902
mixed-16m,2,step,89,2.319546
mixed-16m,2,step,90,2.308946
mixed-16m,2,step,91,2.346396
mixed-16m,2,step,92,2.297264
mixed-16m,2,step,93,2.334544
mixed-16m,2,step,94,2.314647
mixed-16m,2,step,95,2.297354
mixed-16m,2,step,96,2.283248
mixed-16m,2,step,97,2.417200
mixed-16m,2,step,98,2.317542
mixed-16m,2,step,99,2.307112
mixed-16m,2,step,100,2.331679
mixed-16m,2,step,101,2.313264
mixed-16m,2,step,102,2.281905
mixed-16m,2,step,103,2.345274
mixed-16m,2,step,104,2.319015
mixed-16m,2,step,105,2.326980
mixed-16m,2,step,106,2.396100
mixed-16m,2,step,107,2.296463
mixed-16m,2,step,108,2.306541
mixed-16m,2,step,109,2.308706
mixed-16m,2,step,110,2.306732
mixed-16m,2,step,111,2.365112
mixed-16m,2,step,112,2.339704
mixed-16m,2,step,113,2.305840
mixed-16m,2,step,114,2.321389
mixed-16m,2,step,115,2.293097
mixed-16m,2,step,116,2.298856
mixed-16m,2,step,117,2.290040
mixed-16m,2,step,118,2.326068
mixed-16m,2,step,119,2.337129
mixed-16m,2,step,120,2.310699
mixed-16m,2,step,121,2.329464
mixed-16m,2,step,122,2.316891
mixed-16m,2,step,123,2.305790
mixed-16m,2,step,124,2.293027
mixed-16m,2,step,125,2.320998
mixed-16m,2,step,126,2.297365
mixed-16m,2,step,127,2.331478
mixed-16m,2,step,128,2.324004
mixed-16m,2,step,129,2.314166
mixed-16m,2,step,130,2.293417
mixed-16m,2,step,131,2.292305
mixed-16m,2,step,132,2.353890
mixed-16m,2,step,133,2.314667
mixed-16m,2,step,134,2.304267
mixed-16m,2,step,135,2.314497
mixed-16m,2,step,136,2.417931
mixed-16m,2,step,137,2.336278
mixed-16m,2,step,138,2.295440
mixed-16m,2,step,139,2.301953
mixed-16m,2,step,140,2.341187
mixed-16m,2,step,141,2.331839
mixed-16m,2,step,142,2.308876
mixed-16m,2,step,143,2.281825
mixed-16m,2,step,144,2.328462
mixed-16m,2,step,145,2.312172
mixed-16m,2,step,146,2.288537
mixed-16m,2,step,147,2.351235
mixed-16m,2,step,148,2.310578
mixed-16m,2,step,149,2.327090
mixed-16m,2,step,150,2.335396
mixed-16m,2,step,151,2.327972
mixed-16m,2,step,152,2.319015
mixed-16m,2,step,153,2.324335
mixed-16m,2,step,154,2.308045
mixed-16m,2,step,155,2.359742
mixed-16m,2,step,156,2.296873
mixed-16m,2,step,157,2.301161
mixed-16m,2,step,158,2.307964
mixed-16m,2,step,159,2.272718
mixed-16m,2,step,160,2.344633
mixed-16m,2,step,161,2.299940
mixed-16m,2,step,162,2.288838
mixed-16m,2,step,163,2.308165
mixed-16m,2,step,164,2.315899
mixed-16m,2,step,165,2.304858
mixed-16m,2,step,166,2.360002
mixed-16m,2,step,167,2.327180
mixed-16m,2,step,168,2.316420
mixed-16m,2,step,169,2.304789
mixed-16m,2,step,170,2.312522
mixed-16m,2,step,171,2.312543
mixed-16m,2,step,172,2.303266
mixed-16m,2,step,173,2.298686
mixed-16m,2,step,174,2.307363
mixed-16m,2,step,175,2.323564
mixed-16m,2,step,176,2.326780
mixed-16m,2,step,177,2.299007
mixed-16m,2,step,178,2.299729
mixed-16m,2,step,179,2.326679
mixed-16m,2,step,180,2.313244
mixed-16m,2,step,181,2.328012
mixed-16m,2,step,182,2.337870
mixed-16m,2,step,183,2.298887
mixed-16m,2,step,184,2.308004
mixed-16m,2,step,185,2.351396
mixed-16m,2,step,186,2.304347
mixed-16m,2,step,187,2.316080
mixed-16m,2,step,188,2.317472
mixed-16m,2,step,189,2.295591
mixed-16m,2,step,190,2.300610
mixed-16m,2,step,191,2.368639
mixed-16m,2,step,192,2.738735
mixed-16m,2,step,193,2.316570
mixed-16m,2,step,194,2.301913
mixed-16m,2,step,195,2.306181
mixed-16m,2,step,196,2.354221
mixed-16m,2,step,197,2.304758
mixed-16m,2,step,198,2.310429
mixed-16m,2,step,199,2.282205
mixed-16m,2,step,200,2.423501
mixed-16m,2,step,201,2.338832
mixed-16m,2,step,202,2.310258
mixed-16m,2,step,203,2.287967
mixed-16m,2,step,204,2.320267
mixed-16m,2,step,205,2.309767
mixed-16m,2,step,206,2.306181
mixed-16m,2,step,207,2.388836
mixed-16m,2,step,208,2.313645
mixed-16m,2,step,209,2.333362
mixed-16m,2,step,210,2.301021
mixed-16m,2,step,211,2.309567
mixed-16m,2,step,212,2.333633
mixed-16m,2,step,213,2.315608
mixed-16m,2,step,214,2.312403
mixed-16m,2,step,215,2.305790
mixed-16m,2,step,216,2.318824
mixed-16m,2,step,217,2.329394
mixed-16m,2,step,218,2.323574
mixed-16m,2,step,219,2.310880
mixed-16m,2,step,220,2.290792
mixed-16m,2,step,221,2.333051
mixed-16m,2,step,222,2.315358
mixed-16m,2,step,223,2.310850
mixed-16m,2,step,224,2.313685
mixed-16m,2,step,225,2.325878
mixed-16m,2,step,226,2.308044
mixed-16m,2,step,227,2.291593
mixed-16m,2,step,228,2.336518
mixed-16m,2,step,229,2.323644
mixed-16m,2,step,230,2.321940
mixed-16m,2,step,231,2.311831
mixed-16m,2,step,232,2.297996
mixed-16m,2,step,233,2.302614
mixed-16m,2,step,234,2.334564
mixed-16m,2,step,235,2.286814
mixed-16m,2,step,236,2.296002
mixed-16m,2,step,237,2.316811
mixed-16m,2,step,238,2.298697
mixed-16m,2,step,239,2.309987
mixed-16m,2,step,240,2.291884
mixed-16m,2,step,241,2.322502
mixed-16m,2,step,242,2.325517
mixed-16m,2,step,243,2.272528
mixed-16m,2,step,244,2.313635
mixed-16m,2,step,245,2.324254
mixed-16m,2,step,246,2.313695
mixed-16m,2,step,247,2.341467
mixed-16m,2,step,248,2.279550
mixed-16m,2,step,249,2.310088
mixed-16m,2,step,250,2.465301
mixed-16m,2,step,251,2.287125
mixed-16m,2,step,252,2.293026
mixed-16m,2,step,253,2.337189
mixed-16m,2,step,254,2.315428
mixed-16m,2,step,255,2.312353
mixed-16m,2,step,256,0.014517
mixed-16m,2,publish-frame,0,0.117672
mixed-16m,2,release,0,0.027622
mixed-16m,2,total,0,594.120689
mixed-16m,2,cancel-release,0,0.030558
mixed-16m,3,step,0,2.278949
mixed-16m,3,step,1,2.280332
mixed-16m,3,step,2,2.290902
mixed-16m,3,step,3,2.289289
mixed-16m,3,step,4,2.330146
mixed-16m,3,step,5,2.310359
mixed-16m,3,step,6,2.293367
mixed-16m,3,step,7,2.337810
mixed-16m,3,step,8,2.314737
mixed-16m,3,step,9,2.347889
mixed-16m,3,step,10,2.351106
mixed-16m,3,step,11,2.341867
mixed-16m,3,step,12,2.295681
mixed-16m,3,step,13,2.302844
mixed-16m,3,step,14,2.317522
mixed-16m,3,step,15,2.306661
mixed-16m,3,step,16,2.372786
mixed-16m,3,step,17,2.338121
mixed-16m,3,step,18,2.316000
mixed-16m,3,step,19,2.295831
mixed-16m,3,step,20,2.318163
mixed-16m,3,step,21,2.357388
mixed-16m,3,step,22,2.329164
mixed-16m,3,step,23,2.313685
mixed-16m,3,step,24,2.313735
mixed-16m,3,step,25,2.326930
mixed-16m,3,step,26,2.316850
mixed-16m,3,step,27,2.314096
mixed-16m,3,step,28,2.308886
mixed-16m,3,step,29,2.326650
mixed-16m,3,step,30,2.321539
mixed-16m,3,step,31,2.305089
mixed-16m,3,step,32,2.315759
mixed-16m,3,step,33,2.302003
mixed-16m,3,step,34,2.388976
mixed-16m,3,step,35,2.311380
mixed-16m,3,step,36,2.332671
mixed-16m,3,step,37,2.286634
mixed-16m,3,step,38,2.318123
mixed-16m,3,step,39,2.326259
mixed-16m,3,step,40,2.315007
mixed-16m,3,step,41,2.311802
mixed-16m,3,step,42,2.325697
mixed-16m,3,step,43,2.284570
mixed-16m,3,step,44,2.328052
mixed-16m,3,step,45,2.304597
mixed-16m,3,step,46,2.331088
mixed-16m,3,step,47,2.305009
mixed-16m,3,step,48,2.300490
mixed-16m,3,step,49,2.310108
mixed-16m,3,step,50,2.295240
mixed-16m,3,step,51,2.332140
mixed-16m,3,step,52,2.304888
mixed-16m,3,step,53,2.304518
mixed-16m,3,step,54,2.338672
mixed-16m,3,step,55,2.324736
mixed-16m,3,step,56,2.294178
mixed-16m,3,step,57,2.310689
mixed-16m,3,step,58,2.332711
mixed-16m,3,step,59,2.301632
mixed-16m,3,step,60,2.328493
mixed-16m,3,step,61,2.339093
mixed-16m,3,step,62,2.300189
mixed-16m,3,step,63,2.298106
mixed-16m,3,step,64,2.282416
mixed-16m,3,step,65,2.327261
mixed-16m,3,step,66,2.300450
mixed-16m,3,step,67,2.316490
mixed-16m,3,step,68,2.283107
mixed-16m,3,step,69,2.291674
mixed-16m,3,step,70,2.327271
mixed-16m,3,step,71,2.319495
mixed-16m,3,step,72,2.325929
mixed-16m,3,step,73,2.306922
mixed-16m,3,step,74,2.304657
mixed-16m,3,step,75,2.297945
mixed-16m,3,step,76,2.284480
mixed-16m,3,step,77,2.309758
mixed-16m,3,step,78,2.330275
mixed-16m,3,step,79,2.303766
mixed-16m,3,step,80,2.359722
mixed-16m,3,step,81,2.307513
mixed-16m,3,step,82,2.297765
mixed-16m,3,step,83,2.341257
mixed-16m,3,step,84,2.307884
mixed-16m,3,step,85,2.299358
mixed-16m,3,step,86,2.307954
mixed-16m,3,step,87,2.309166
mixed-16m,3,step,88,2.290090
mixed-16m,3,step,89,2.338121
mixed-16m,3,step,90,2.293968
mixed-16m,3,step,91,2.353410
mixed-16m,3,step,92,2.335816
mixed-16m,3,step,93,2.320749
mixed-16m,3,step,94,2.283878
mixed-16m,3,step,95,2.360322
mixed-16m,3,step,96,2.321880
mixed-16m,3,step,97,2.317693
mixed-16m,3,step,98,2.298527
mixed-16m,3,step,99,2.516436
mixed-16m,3,step,100,2.302464
mixed-16m,3,step,101,2.314516
mixed-16m,3,step,102,2.291713
mixed-16m,3,step,103,2.300080
mixed-16m,3,step,104,2.346717
mixed-16m,3,step,105,2.306170
mixed-16m,3,step,106,2.282477
mixed-16m,3,step,107,2.347809
mixed-16m,3,step,108,2.348420
mixed-16m,3,step,109,2.298437
mixed-16m,3,step,110,2.326960
mixed-16m,3,step,111,2.375942
mixed-16m,3,step,112,2.298717
mixed-16m,3,step,113,2.299187
mixed-16m,3,step,114,2.294429
mixed-16m,3,step,115,2.292836
mixed-16m,3,step,116,2.284379
mixed-16m,3,step,117,2.299297
mixed-16m,3,step,118,2.272247
mixed-16m,3,step,119,2.341898
mixed-16m,3,step,120,2.296953
mixed-16m,3,step,121,2.336738
mixed-16m,3,step,122,2.280823
mixed-16m,3,step,123,2.285481
mixed-16m,3,step,124,2.330276
mixed-16m,3,step,125,2.331087
mixed-16m,3,step,126,2.276415
mixed-16m,3,step,127,2.324115
mixed-16m,3,step,128,2.378437
mixed-16m,3,step,129,2.302293
mixed-16m,3,step,130,2.337029
mixed-16m,3,step,131,2.302404
mixed-16m,3,step,132,2.312913
mixed-16m,3,step,133,2.319477
mixed-16m,3,step,134,2.323263
mixed-16m,3,step,135,2.326869
mixed-16m,3,step,136,2.405528
mixed-16m,3,step,137,2.301292
mixed-16m,3,step,138,2.310439
mixed-16m,3,step,139,2.338101
mixed-16m,3,step,140,2.309887
mixed-16m,3,step,141,2.344011
mixed-16m,3,step,142,2.365642
mixed-16m,3,step,143,2.310529
mixed-16m,3,step,144,2.318625
mixed-16m,3,step,145,2.354010
mixed-16m,3,step,146,2.311410
mixed-16m,3,step,147,2.300140
mixed-16m,3,step,148,2.326118
mixed-16m,3,step,149,2.305600
mixed-16m,3,step,150,2.291312
mixed-16m,3,step,151,2.293226
mixed-16m,3,step,152,2.330186
mixed-16m,3,step,153,2.299709
mixed-16m,3,step,154,2.331378
mixed-16m,3,step,155,2.358980
mixed-16m,3,step,156,2.340365
mixed-16m,3,step,157,2.297544
mixed-16m,3,step,158,2.321269
mixed-16m,3,step,159,2.341618
mixed-16m,3,step,160,2.293837
mixed-16m,3,step,161,2.344423
mixed-16m,3,step,162,2.299779
mixed-16m,3,step,163,2.314266
mixed-16m,3,step,164,2.352328
mixed-16m,3,step,165,2.304678
mixed-16m,3,step,166,2.289600
mixed-16m,3,step,167,2.307613
mixed-16m,3,step,168,2.291323
mixed-16m,3,step,169,2.309196
mixed-16m,3,step,170,2.325587
mixed-16m,3,step,171,2.320467
mixed-16m,3,step,172,2.312684
mixed-16m,3,step,173,2.326649
mixed-16m,3,step,174,2.302153
mixed-16m,3,step,175,2.296202
mixed-16m,3,step,176,2.315849
mixed-16m,3,step,177,2.329264
mixed-16m,3,step,178,2.292675
mixed-16m,3,step,179,2.284801
mixed-16m,3,step,180,2.344793
mixed-16m,3,step,181,2.310008
mixed-16m,3,step,182,2.303777
mixed-16m,3,step,183,2.299448
mixed-16m,3,step,184,2.298646
mixed-16m,3,step,185,2.309187
mixed-16m,3,step,186,2.312603
mixed-16m,3,step,187,2.318965
mixed-16m,3,step,188,2.303676
mixed-16m,3,step,189,2.393705
mixed-16m,3,step,190,2.311701
mixed-16m,3,step,191,2.316500
mixed-16m,3,step,192,2.295120
mixed-16m,3,step,193,2.300791
mixed-16m,3,step,194,2.335175
mixed-16m,3,step,195,2.303897
mixed-16m,3,step,196,2.322531
mixed-16m,3,step,197,2.367446
mixed-16m,3,step,198,2.319035
mixed-16m,3,step,199,2.347328
mixed-16m,3,step,200,2.324566
mixed-16m,3,step,201,2.283027
mixed-16m,3,step,202,2.347709
mixed-16m,3,step,203,2.493163
mixed-16m,3,step,204,3.027749
mixed-16m,3,step,205,2.366244
mixed-16m,3,step,206,3.034692
mixed-16m,3,step,207,2.451094
mixed-16m,3,step,208,2.696055
mixed-16m,3,step,209,2.308415
mixed-16m,3,step,210,2.322602
mixed-16m,3,step,211,2.376974
mixed-16m,3,step,212,2.316710
mixed-16m,3,step,213,2.317972
mixed-16m,3,step,214,2.366966
mixed-16m,3,step,215,2.346626
mixed-16m,3,step,216,2.297965
mixed-16m,3,step,217,2.341106
mixed-16m,3,step,218,2.302404
mixed-16m,3,step,219,2.320999
mixed-16m,3,step,220,2.324455
mixed-16m,3,step,221,2.294589
mixed-16m,3,step,222,2.286283
mixed-16m,3,step,223,2.300260
mixed-16m,3,step,224,2.306932
mixed-16m,3,step,225,2.321910
mixed-16m,3,step,226,2.367176
mixed-16m,3,step,227,2.325277
mixed-16m,3,step,228,2.317542
mixed-16m,3,step,229,2.297053
mixed-16m,3,step,230,2.329134
mixed-16m,3,step,231,2.370481
mixed-16m,3,step,232,2.324325
mixed-16m,3,step,233,2.331257
mixed-16m,3,step,234,2.292615
mixed-16m,3,step,235,2.381192
mixed-16m,3,step,236,2.330837
mixed-16m,3,step,237,2.316389
mixed-16m,3,step,238,2.283828
mixed-16m,3,step,239,2.417130
mixed-16m,3,step,240,2.298226
mixed-16m,3,step,241,2.289048
mixed-16m,3,step,242,2.344864
mixed-16m,3,step,243,2.328383
mixed-16m,3,step,244,2.284690
mixed-16m,3,step,245,2.308815
mixed-16m,3,step,246,2.314997
mixed-16m,3,step,247,2.292134
mixed-16m,3,step,248,2.296913
mixed-16m,3,step,249,2.418222
mixed-16m,3,step,250,2.317162
mixed-16m,3,step,251,2.315458
mixed-16m,3,step,252,2.309928
mixed-16m,3,step,253,2.311541
mixed-16m,3,step,254,2.314065
mixed-16m,3,step,255,2.308977
mixed-16m,3,step,256,0.014387
mixed-16m,3,publish-frame,0,0.124675
mixed-16m,3,release,0,0.027802
mixed-16m,3,total,0,595.863700
mixed-16m,3,cancel-release,0,0.032221
mixed-16m,4,step,0,2.271746
mixed-16m,4,step,1,2.298687
mixed-16m,4,step,2,2.280052
mixed-16m,4,step,3,2.303787
mixed-16m,4,step,4,2.333863
mixed-16m,4,step,5,2.330526
mixed-16m,4,step,6,2.371424
mixed-16m,4,step,7,2.341047
mixed-16m,4,step,8,2.330115
mixed-16m,4,step,9,2.354863
mixed-16m,4,step,10,2.303836
mixed-16m,4,step,11,2.323594
mixed-16m,4,step,12,2.297424
mixed-16m,4,step,13,2.333833
mixed-16m,4,step,14,2.297885
mixed-16m,4,step,15,2.292484
mixed-16m,4,step,16,2.288658
mixed-16m,4,step,17,2.328904
mixed-16m,4,step,18,2.297154
mixed-16m,4,step,19,2.329044
mixed-16m,4,step,20,2.334694
mixed-16m,4,step,21,2.352047
mixed-16m,4,step,22,2.334254
mixed-16m,4,step,23,2.301392
mixed-16m,4,step,24,2.307163
mixed-16m,4,step,25,2.324024
mixed-16m,4,step,26,2.333312
mixed-16m,4,step,27,2.341137
mixed-16m,4,step,28,2.300359
mixed-16m,4,step,29,2.312373
mixed-16m,4,step,30,2.369981
mixed-16m,4,step,31,2.320618
mixed-16m,4,step,32,2.322171
mixed-16m,4,step,33,2.310268
mixed-16m,4,step,34,2.340075
mixed-16m,4,step,35,2.334243
mixed-16m,4,step,36,2.286123
mixed-16m,4,step,37,2.304979
mixed-16m,4,step,38,2.312924
mixed-16m,4,step,39,2.373707
mixed-16m,4,step,40,2.294849
mixed-16m,4,step,41,2.284701
mixed-16m,4,step,42,2.314827
mixed-16m,4,step,43,2.310008
mixed-16m,4,step,44,2.310348
mixed-16m,4,step,45,2.394297
mixed-16m,4,step,46,2.652202
mixed-16m,4,step,47,2.294830
mixed-16m,4,step,48,2.295551
mixed-16m,4,step,49,2.294559
mixed-16m,4,step,50,2.331027
mixed-16m,4,step,51,2.292776
mixed-16m,4,step,52,2.304738
mixed-16m,4,step,53,2.442387
mixed-16m,4,step,54,2.322482
mixed-16m,4,step,55,2.305409
mixed-16m,4,step,56,2.303476
mixed-16m,4,step,57,2.283067
mixed-16m,4,step,58,2.273860
mixed-16m,4,step,59,2.282176
mixed-16m,4,step,60,2.317101
mixed-16m,4,step,61,2.312002
mixed-16m,4,step,62,2.322241
mixed-16m,4,step,63,2.361525
mixed-16m,4,step,64,2.319747
mixed-16m,4,step,65,2.299307
mixed-16m,4,step,66,2.323723
mixed-16m,4,step,67,2.297234
mixed-16m,4,step,68,2.323343
mixed-16m,4,step,69,2.303316
mixed-16m,4,step,70,2.305509
mixed-16m,4,step,71,2.293016
mixed-16m,4,step,72,2.304036
mixed-16m,4,step,73,2.291093
mixed-16m,4,step,74,2.313284
mixed-16m,4,step,75,2.417020
mixed-16m,4,step,76,2.345435
mixed-16m,4,step,77,2.316871
mixed-16m,4,step,78,2.390840
mixed-16m,4,step,79,2.348881
mixed-16m,4,step,80,2.286463
mixed-16m,4,step,81,2.312924
mixed-16m,4,step,82,2.323664
mixed-16m,4,step,83,2.317522
mixed-16m,4,step,84,2.342259
mixed-16m,4,step,85,2.321399
mixed-16m,4,step,86,2.335747
mixed-16m,4,step,87,2.333391
mixed-16m,4,step,88,2.329624
mixed-16m,4,step,89,2.300060
mixed-16m,4,step,90,2.276425
mixed-16m,4,step,91,2.359791
mixed-16m,4,step,92,2.335716
mixed-16m,4,step,93,2.328252
mixed-16m,4,step,94,2.341707
mixed-16m,4,step,95,2.322391
mixed-16m,4,step,96,2.298086
mixed-16m,4,step,97,2.343922
mixed-16m,4,step,98,2.308285
mixed-16m,4,step,99,2.304878
mixed-16m,4,step,100,2.304107
mixed-16m,4,step,101,2.312824
mixed-16m,4,step,102,2.334944
mixed-16m,4,step,103,2.331698
mixed-16m,4,step,104,2.303516
mixed-16m,4,step,105,2.304999
mixed-16m,4,step,106,2.317883
mixed-16m,4,step,107,2.305239
mixed-16m,4,step,108,2.311230
mixed-16m,4,step,109,2.341598
mixed-16m,4,step,110,2.320978
mixed-16m,4,step,111,2.309818
mixed-16m,4,step,112,2.320247
mixed-16m,4,step,113,2.309337
mixed-16m,4,step,114,2.337379
mixed-16m,4,step,115,2.352559
mixed-16m,4,step,116,2.351536
mixed-16m,4,step,117,2.334254
mixed-16m,4,step,118,2.297123
mixed-16m,4,step,119,2.306923
mixed-16m,4,step,120,2.349612
mixed-16m,4,step,121,2.304438
mixed-16m,4,step,122,2.339163
mixed-16m,4,step,123,2.308785
mixed-16m,4,step,124,2.288077
mixed-16m,4,step,125,2.331768
mixed-16m,4,step,126,2.303005
mixed-16m,4,step,127,2.287295
mixed-16m,4,step,128,2.302895
mixed-16m,4,step,129,2.328513
mixed-16m,4,step,130,2.320197
mixed-16m,4,step,131,2.325347
mixed-16m,4,step,132,2.320347
mixed-16m,4,step,133,2.322762
mixed-16m,4,step,134,2.350504
mixed-16m,4,step,135,2.326138
mixed-16m,4,step,136,2.308836
mixed-16m,4,step,137,2.323804
mixed-16m,4,step,138,2.341007
mixed-16m,4,step,139,2.306912
mixed-16m,4,step,140,2.361194
mixed-16m,4,step,141,2.321881
mixed-16m,4,step,142,2.319455
mixed-16m,4,step,143,2.315718
mixed-16m,4,step,144,2.329465
mixed-16m,4,step,145,2.297765
mixed-16m,4,step,146,2.317021
mixed-16m,4,step,147,2.328613
mixed-16m,4,step,148,2.339063
mixed-16m,4,step,149,2.320107
mixed-16m,4,step,150,2.317653
mixed-16m,4,step,151,2.317432
mixed-16m,4,step,152,2.323864
mixed-16m,4,step,153,2.384488
mixed-16m,4,step,154,2.309998
mixed-16m,4,step,155,2.297013
mixed-16m,4,step,156,2.324866
mixed-16m,4,step,157,2.316520
mixed-16m,4,step,158,2.295621
mixed-16m,4,step,159,2.300911
mixed-16m,4,step,160,2.336939
mixed-16m,4,step,161,2.293096
mixed-16m,4,step,162,2.364130
mixed-16m,4,step,163,2.302133
mixed-16m,4,step,164,2.314797
mixed-16m,4,step,165,2.324606
mixed-16m,4,step,166,2.290521
mixed-16m,4,step,167,2.341798
mixed-16m,4,step,168,2.409626
mixed-16m,4,step,169,2.311631
mixed-16m,4,step,170,2.306421
mixed-16m,4,step,171,2.291152
mixed-16m,4,step,172,2.315639
mixed-16m,4,step,173,2.311771
mixed-16m,4,step,174,2.310068
mixed-16m,4,step,175,2.327952
mixed-16m,4,step,176,2.386843
mixed-16m,4,step,177,2.299027
mixed-16m,4,step,178,2.296171
mixed-16m,4,step,179,2.305039
mixed-16m,4,step,180,2.297284
mixed-16m,4,step,181,2.335286
mixed-16m,4,step,182,2.310599
mixed-16m,4,step,183,2.293497
mixed-16m,4,step,184,2.320438
mixed-16m,4,step,185,2.329645
mixed-16m,4,step,186,2.296562
mixed-16m,4,step,187,2.316109
mixed-16m,4,step,188,2.303085
mixed-16m,4,step,189,2.313986
mixed-16m,4,step,190,2.334584
mixed-16m,4,step,191,2.350144
mixed-16m,4,step,192,2.292244
mixed-16m,4,step,193,2.289420
mixed-16m,4,step,194,2.340445
mixed-16m,4,step,195,2.328032
mixed-16m,4,step,196,2.300871
mixed-16m,4,step,197,2.313454
mixed-16m,4,step,198,2.295110
mixed-16m,4,step,199,2.284961
mixed-16m,4,step,200,2.310760
mixed-16m,4,step,201,2.293056
mixed-16m,4,step,202,2.351015
mixed-16m,4,step,203,2.308285
mixed-16m,4,step,204,2.322161
mixed-16m,4,step,205,2.293857
mixed-16m,4,step,206,2.330977
mixed-16m,4,step,207,2.321109
mixed-16m,4,step,208,2.310068
mixed-16m,4,step,209,2.283889
mixed-16m,4,step,210,2.309968
mixed-16m,4,step,211,2.308295
mixed-16m,4,step,212,2.322942
mixed-16m,4,step,213,2.310329
mixed-16m,4,step,214,2.314606
mixed-16m,4,step,215,2.307673
mixed-16m,4,step,216,2.312072
mixed-16m,4,step,217,2.289349
mixed-16m,4,step,218,2.322251
mixed-16m,4,step,219,2.325226
mixed-16m,4,step,220,2.322652
mixed-16m,4,step,221,2.301993
mixed-16m,4,step,222,2.338692
mixed-16m,4,step,223,2.326770
mixed-16m,4,step,224,2.299087
mixed-16m,4,step,225,2.299979
mixed-16m,4,step,226,2.369540
mixed-16m,4,step,227,2.313385
mixed-16m,4,step,228,2.300751
mixed-16m,4,step,229,2.334674
mixed-16m,4,step,230,2.311151
mixed-16m,4,step,231,2.302623
mixed-16m,4,step,232,2.304939
mixed-16m,4,step,233,2.293868
mixed-16m,4,step,234,2.338251
mixed-16m,4,step,235,2.315118
mixed-16m,4,step,236,2.294358
mixed-16m,4,step,237,2.312653
mixed-16m,4,step,238,2.323954
mixed-16m,4,step,239,2.319115
mixed-16m,4,step,240,2.304477
mixed-16m,4,step,241,2.359591
mixed-16m,4,step,242,2.297584
mixed-16m,4,step,243,2.293217
mixed-16m,4,step,244,2.308014
mixed-16m,4,step,245,2.313014
mixed-16m,4,step,246,2.292735
mixed-16m,4,step,247,2.303236
mixed-16m,4,step,248,2.397172
mixed-16m,4,step,249,2.305319
mixed-16m,4,step,250,2.295431
mixed-16m,4,step,251,2.347138
mixed-16m,4,step,252,2.321098
mixed-16m,4,step,253,2.324996
mixed-16m,4,step,254,2.332370
mixed-16m,4,step,255,2.304377
mixed-16m,4,step,256,0.015229
mixed-16m,4,publish-frame,0,0.121569
mixed-16m,4,release,0,0.027472
mixed-16m,4,total,0,594.111122
mixed-16m,4,cancel-release,0,0.031149
