fixture,trial,operation,sample,elapsed_ms
ascii-16m,0,step,0,12.851042
ascii-16m,0,step,1,6.954625
ascii-16m,0,step,2,12.506542
ascii-16m,0,step,3,8.330750
ascii-16m,0,step,4,6.782375
ascii-16m,0,step,5,6.435542
ascii-16m,0,step,6,8.780042
ascii-16m,0,step,7,5.585000
ascii-16m,0,step,8,10.093959
ascii-16m,0,step,9,5.273667
ascii-16m,0,step,10,4.755208
ascii-16m,0,step,11,13.055250
ascii-16m,0,step,12,7.786084
ascii-16m,0,step,13,5.167083
ascii-16m,0,step,14,5.048208
ascii-16m,0,step,15,5.239500
ascii-16m,0,step,16,5.617083
ascii-16m,0,step,17,5.020792
ascii-16m,0,step,18,5.133541
ascii-16m,0,step,19,6.663583
ascii-16m,0,step,20,6.074542
ascii-16m,0,step,21,7.051125
ascii-16m,0,step,22,6.263833
ascii-16m,0,step,23,9.552208
ascii-16m,0,step,24,9.708125
ascii-16m,0,step,25,8.544000
ascii-16m,0,step,26,9.241833
ascii-16m,0,step,27,6.764458
ascii-16m,0,step,28,5.646042
ascii-16m,0,step,29,7.919417
ascii-16m,0,step,30,9.809125
ascii-16m,0,step,31,6.332375
ascii-16m,0,step,32,6.613167
ascii-16m,0,step,33,6.068000
ascii-16m,0,step,34,13.249042
ascii-16m,0,step,35,12.450708
ascii-16m,0,step,36,13.040375
ascii-16m,0,step,37,9.814375
ascii-16m,0,step,38,5.313792
ascii-16m,0,step,39,5.947542
ascii-16m,0,step,40,4.663208
ascii-16m,0,step,41,5.132583
ascii-16m,0,step,42,6.214667
ascii-16m,0,step,43,5.664125
ascii-16m,0,step,44,5.185208
ascii-16m,0,step,45,6.058417
ascii-16m,0,step,46,5.396375
ascii-16m,0,step,47,7.920834
ascii-16m,0,step,48,5.382958
ascii-16m,0,step,49,5.394708
ascii-16m,0,step,50,6.498709
ascii-16m,0,step,51,5.622208
ascii-16m,0,step,52,5.165792
ascii-16m,0,step,53,5.058500
ascii-16m,0,step,54,10.442958
ascii-16m,0,step,55,88.106708
ascii-16m,0,step,56,8.824459
ascii-16m,0,step,57,7.301583
ascii-16m,0,step,58,9.349042
ascii-16m,0,step,59,5.048375
ascii-16m,0,step,60,5.495792
ascii-16m,0,step,61,8.395667
ascii-16m,0,step,62,4.833625
ascii-16m,0,step,63,4.806833
ascii-16m,0,step,64,8.534250
ascii-16m,0,step,65,8.083667
ascii-16m,0,step,66,38.340125
ascii-16m,0,step,67,5.677375
ascii-16m,0,step,68,33.152750
ascii-16m,0,step,69,4.694458
ascii-16m,0,step,70,4.703459
ascii-16m,0,step,71,8.775875
ascii-16m,0,step,72,7.036833
ascii-16m,0,step,73,4.786416
ascii-16m,0,step,74,7.451958
ascii-16m,0,step,75,7.038834
ascii-16m,0,step,76,5.026125
ascii-16m,0,step,77,5.857833
ascii-16m,0,step,78,4.910000
ascii-16m,0,step,79,8.175375
ascii-16m,0,step,80,4.997958
ascii-16m,0,step,81,8.452792
ascii-16m,0,step,82,9.938459
ascii-16m,0,step,83,4.886917
ascii-16m,0,step,84,4.956709
ascii-16m,0,step,85,4.737417
ascii-16m,0,step,86,8.552583
ascii-16m,0,step,87,8.197875
ascii-16m,0,step,88,5.517583
ascii-16m,0,step,89,4.824334
ascii-16m,0,step,90,4.742833
ascii-16m,0,step,91,4.787042
ascii-16m,0,step,92,4.713666
ascii-16m,0,step,93,4.707542
ascii-16m,0,step,94,5.373584
ascii-16m,0,step,95,4.766500
ascii-16m,0,step,96,9.070375
ascii-16m,0,step,97,6.007084
ascii-16m,0,step,98,11.158375
ascii-16m,0,step,99,4.831208
ascii-16m,0,step,100,4.733625
ascii-16m,0,step,101,4.841250
ascii-16m,0,step,102,4.926209
ascii-16m,0,step,103,4.896584
ascii-16m,0,step,104,7.932875
ascii-16m,0,step,105,15.152875
ascii-16m,0,step,106,13.908958
ascii-16m,0,step,107,9.798083
ascii-16m,0,step,108,5.395916
ascii-16m,0,step,109,13.989459
ascii-16m,0,step,110,4.822500
ascii-16m,0,step,111,8.690833
ascii-16m,0,step,112,10.560583
ascii-16m,0,step,113,13.756791
ascii-16m,0,step,114,8.445458
ascii-16m,0,step,115,5.120208
ascii-16m,0,step,116,7.602333
ascii-16m,0,step,117,11.117458
ascii-16m,0,step,118,8.796750
ascii-16m,0,step,119,8.507250
ascii-16m,0,step,120,5.839541
ascii-16m,0,step,121,11.570583
ascii-16m,0,step,122,4.796708
ascii-16m,0,step,123,9.486708
ascii-16m,0,step,124,9.464334
ascii-16m,0,step,125,11.063167
ascii-16m,0,step,126,5.016750
ascii-16m,0,step,127,5.058000
ascii-16m,0,step,128,4.887125
ascii-16m,0,step,129,8.726458
ascii-16m,0,step,130,6.576708
ascii-16m,0,step,131,4.986125
ascii-16m,0,step,132,10.643250
ascii-16m,0,step,133,5.529958
ascii-16m,0,step,134,4.844875
ascii-16m,0,step,135,7.775792
ascii-16m,0,step,136,8.666750
ascii-16m,0,step,137,4.780458
ascii-16m,0,step,138,4.892959
ascii-16m,0,step,139,4.844417
ascii-16m,0,step,140,7.443041
ascii-16m,0,step,141,4.864375
ascii-16m,0,step,142,5.745416
ascii-16m,0,step,143,5.611208
ascii-16m,0,step,144,5.850875
ascii-16m,0,step,145,4.804459
ascii-16m,0,step,146,4.903708
ascii-16m,0,step,147,7.186792
ascii-16m,0,step,148,5.746375
ascii-16m,0,step,149,5.262125
ascii-16m,0,step,150,9.064000
ascii-16m,0,step,151,5.093250
ascii-16m,0,step,152,5.018500
ascii-16m,0,step,153,4.825834
ascii-16m,0,step,154,4.701250
ascii-16m,0,step,155,4.665333
ascii-16m,0,step,156,5.424500
ascii-16m,0,step,157,6.027000
ascii-16m,0,step,158,4.957417
ascii-16m,0,step,159,6.890291
ascii-16m,0,step,160,11.512459
ascii-16m,0,step,161,7.703500
ascii-16m,0,step,162,5.144458
ascii-16m,0,step,163,4.722250
ascii-16m,0,step,164,4.729208
ascii-16m,0,step,165,4.801417
ascii-16m,0,step,166,11.632750
ascii-16m,0,step,167,8.421541
ascii-16m,0,step,168,8.437625
ascii-16m,0,step,169,8.115833
ascii-16m,0,step,170,7.039709
ascii-16m,0,step,171,5.951292
ascii-16m,0,step,172,10.556917
ascii-16m,0,step,173,5.102250
ascii-16m,0,step,174,5.195958
ascii-16m,0,step,175,9.318583
ascii-16m,0,step,176,6.210625
ascii-16m,0,step,177,4.674542
ascii-16m,0,step,178,4.703125
ascii-16m,0,step,179,4.795792
ascii-16m,0,step,180,4.679750
ascii-16m,0,step,181,4.644875
ascii-16m,0,step,182,4.883708
ascii-16m,0,step,183,5.991000
ascii-16m,0,step,184,5.718958
ascii-16m,0,step,185,12.030792
ascii-16m,0,step,186,5.075417
ascii-16m,0,step,187,5.382667
ascii-16m,0,step,188,6.153083
ascii-16m,0,step,189,10.455208
ascii-16m,0,step,190,8.094834
ascii-16m,0,step,191,7.459666
ascii-16m,0,step,192,6.375125
ascii-16m,0,step,193,11.734042
ascii-16m,0,step,194,12.595500
ascii-16m,0,step,195,5.822083
ascii-16m,0,step,196,5.311250
ascii-16m,0,step,197,6.231500
ascii-16m,0,step,198,8.023500
ascii-16m,0,step,199,20.808583
ascii-16m,0,step,200,8.371917
ascii-16m,0,step,201,6.276209
ascii-16m,0,step,202,8.803709
ascii-16m,0,step,203,9.210875
ascii-16m,0,step,204,5.088542
ascii-16m,0,step,205,5.943416
ascii-16m,0,step,206,5.171583
ascii-16m,0,step,207,5.388208
ascii-16m,0,step,208,5.272083
ascii-16m,0,step,209,9.943042
ascii-16m,0,step,210,5.818250
ascii-16m,0,step,211,9.046125
ascii-16m,0,step,212,7.915583
ascii-16m,0,step,213,5.783750
ascii-16m,0,step,214,5.132167
ascii-16m,0,step,215,8.744041
ascii-16m,0,step,216,8.165625
ascii-16m,0,step,217,6.446083
ascii-16m,0,step,218,5.307250
ascii-16m,0,step,219,5.577417
ascii-16m,0,step,220,5.450750
ascii-16m,0,step,221,4.896375
ascii-16m,0,step,222,4.772666
ascii-16m,0,step,223,4.967333
ascii-16m,0,step,224,5.049250
ascii-16m,0,step,225,4.805167
ascii-16m,0,step,226,4.828417
ascii-16m,0,step,227,4.711542
ascii-16m,0,step,228,4.653792
ascii-16m,0,step,229,4.671792
ascii-16m,0,step,230,4.610041
ascii-16m,0,step,231,4.678875
ascii-16m,0,step,232,4.631250
ascii-16m,0,step,233,4.672666
ascii-16m,0,step,234,4.653416
ascii-16m,0,step,235,4.979792
ascii-16m,0,step,236,4.819000
ascii-16m,0,step,237,4.693000
ascii-16m,0,step,238,5.011958
ascii-16m,0,step,239,4.796833
ascii-16m,0,step,240,4.654750
ascii-16m,0,step,241,5.268334
ascii-16m,0,step,242,5.065375
ascii-16m,0,step,243,5.165791
ascii-16m,0,step,244,4.885000
ascii-16m,0,step,245,4.838084
ascii-16m,0,step,246,7.021042
ascii-16m,0,step,247,4.787709
ascii-16m,0,step,248,4.770042
ascii-16m,0,step,249,5.503541
ascii-16m,0,step,250,5.068458
ascii-16m,0,step,251,9.559208
ascii-16m,0,step,252,5.002125
ascii-16m,0,step,253,4.926958
ascii-16m,0,step,254,4.904291
ascii-16m,0,step,255,9.532208
ascii-16m,0,step,256,0.040291
ascii-16m,0,publish-frame,0,0.369500
ascii-16m,0,release,0,0.005834
ascii-16m,0,total,0,1879.883791
ascii-16m,0,cancel-release,0,0.010584
ascii-16m,1,step,0,5.036167
ascii-16m,1,step,1,5.040000
ascii-16m,1,step,2,5.100166
ascii-16m,1,step,3,5.016542
ascii-16m,1,step,4,10.548459
ascii-16m,1,step,5,6.210459
ascii-16m,1,step,6,4.966334
ascii-16m,1,step,7,4.977167
ascii-16m,1,step,8,5.003083
ascii-16m,1,step,9,4.942292
ascii-16m,1,step,10,4.829083
ascii-16m,1,step,11,7.119916
ascii-16m,1,step,12,5.165500
ascii-16m,1,step,13,4.959208
ascii-16m,1,step,14,6.696667
ascii-16m,1,step,15,4.831125
ascii-16m,1,step,16,4.858084
ascii-16m,1,step,17,4.836875
ascii-16m,1,step,18,4.987208
ascii-16m,1,step,19,5.979083
ascii-16m,1,step,20,5.751042
ascii-16m,1,step,21,5.257125
ascii-16m,1,step,22,7.264916
ascii-16m,1,step,23,5.580333
ascii-16m,1,step,24,9.064875
ascii-16m,1,step,25,6.488708
ascii-16m,1,step,26,6.436958
ascii-16m,1,step,27,11.383417
ascii-16m,1,step,28,12.109750
ascii-16m,1,step,29,5.072916
ascii-16m,1,step,30,5.129333
ascii-16m,1,step,31,6.005416
ascii-16m,1,step,32,8.059667
ascii-16m,1,step,33,8.096709
ascii-16m,1,step,34,8.066875
ascii-16m,1,step,35,11.487542
ascii-16m,1,step,36,8.503709
ascii-16m,1,step,37,5.161959
ascii-16m,1,step,38,6.215708
ascii-16m,1,step,39,7.567833
ascii-16m,1,step,40,4.842375
ascii-16m,1,step,41,7.802709
ascii-16m,1,step,42,7.967666
ascii-16m,1,step,43,7.255500
ascii-16m,1,step,44,6.096000
ascii-16m,1,step,45,7.278625
ascii-16m,1,step,46,5.929833
ascii-16m,1,step,47,5.620917
ascii-16m,1,step,48,5.288167
ascii-16m,1,step,49,9.815875
ascii-16m,1,step,50,6.065042
ascii-16m,1,step,51,5.629542
ascii-16m,1,step,52,9.134291
ascii-16m,1,step,53,9.078459
ascii-16m,1,step,54,9.120667
ascii-16m,1,step,55,6.014000
ascii-16m,1,step,56,5.281583
ascii-16m,1,step,57,5.038417
ascii-16m,1,step,58,4.745459
ascii-16m,1,step,59,6.753166
ascii-16m,1,step,60,5.417459
ascii-16m,1,step,61,5.088083
ascii-16m,1,step,62,5.318416
ascii-16m,1,step,63,5.321166
ascii-16m,1,step,64,5.054166
ascii-16m,1,step,65,4.881750
ascii-16m,1,step,66,5.450583
ascii-16m,1,step,67,8.568333
ascii-16m,1,step,68,12.795625
ascii-16m,1,step,69,5.022875
ascii-16m,1,step,70,7.256208
ascii-16m,1,step,71,5.244875
ascii-16m,1,step,72,5.166750
ascii-16m,1,step,73,5.245833
ascii-16m,1,step,74,5.443916
ascii-16m,1,step,75,5.587000
ascii-16m,1,step,76,5.500541
ascii-16m,1,step,77,5.155625
ascii-16m,1,step,78,4.729667
ascii-16m,1,step,79,7.452209
ascii-16m,1,step,80,5.981167
ascii-16m,1,step,81,4.947792
ascii-16m,1,step,82,8.033458
ascii-16m,1,step,83,9.018292
ascii-16m,1,step,84,6.002541
ascii-16m,1,step,85,4.981833
ascii-16m,1,step,86,4.806625
ascii-16m,1,step,87,4.818958
ascii-16m,1,step,88,9.746333
ascii-16m,1,step,89,5.319041
ascii-16m,1,step,90,4.823958
ascii-16m,1,step,91,4.709333
ascii-16m,1,step,92,6.551875
ascii-16m,1,step,93,6.817333
ascii-16m,1,step,94,6.466042
ascii-16m,1,step,95,4.979875
ascii-16m,1,step,96,5.013625
ascii-16m,1,step,97,4.807209
ascii-16m,1,step,98,6.119125
ascii-16m,1,step,99,5.120375
ascii-16m,1,step,100,7.373042
ascii-16m,1,step,101,5.941791
ascii-16m,1,step,102,6.280625
ascii-16m,1,step,103,7.504833
ascii-16m,1,step,104,7.038541
ascii-16m,1,step,105,6.532542
ascii-16m,1,step,106,15.456333
ascii-16m,1,step,107,141.547334
ascii-16m,1,step,108,13.163250
ascii-16m,1,step,109,19.667958
ascii-16m,1,step,110,6.868125
ascii-16m,1,step,111,10.717917
ascii-16m,1,step,112,4.708208
ascii-16m,1,step,113,4.783958
ascii-16m,1,step,114,4.898375
ascii-16m,1,step,115,4.897542
ascii-16m,1,step,116,9.205125
ascii-16m,1,step,117,6.456583
ascii-16m,1,step,118,4.732167
ascii-16m,1,step,119,10.207291
ascii-16m,1,step,120,4.844625
ascii-16m,1,step,121,10.475375
ascii-16m,1,step,122,6.568583
ascii-16m,1,step,123,4.907334
ascii-16m,1,step,124,9.053792
ascii-16m,1,step,125,9.623167
ascii-16m,1,step,126,4.826834
ascii-16m,1,step,127,9.071833
ascii-16m,1,step,128,11.777041
ascii-16m,1,step,129,4.952833
ascii-16m,1,step,130,7.208583
ascii-16m,1,step,131,12.221209
ascii-16m,1,step,132,4.862709
ascii-16m,1,step,133,4.682500
ascii-16m,1,step,134,4.804917
ascii-16m,1,step,135,4.756209
ascii-16m,1,step,136,5.440417
ascii-16m,1,step,137,4.797791
ascii-16m,1,step,138,11.633208
ascii-16m,1,step,139,8.907458
ascii-16m,1,step,140,7.666583
ascii-16m,1,step,141,8.300333
ascii-16m,1,step,142,5.837541
ascii-16m,1,step,143,12.115375
ascii-16m,1,step,144,9.089292
ascii-16m,1,step,145,6.844959
ascii-16m,1,step,146,4.793542
ascii-16m,1,step,147,9.779000
ascii-16m,1,step,148,5.038417
ascii-16m,1,step,149,4.784708
ascii-16m,1,step,150,4.859291
ascii-16m,1,step,151,4.820250
ascii-16m,1,step,152,5.811375
ascii-16m,1,step,153,11.683584
ascii-16m,1,step,154,4.802542
ascii-16m,1,step,155,5.229459
ascii-16m,1,step,156,4.943625
ascii-16m,1,step,157,10.244125
ascii-16m,1,step,158,9.246375
ascii-16m,1,step,159,6.319583
ascii-16m,1,step,160,4.748250
ascii-16m,1,step,161,4.741667
ascii-16m,1,step,162,6.831208
ascii-16m,1,step,163,12.737417
ascii-16m,1,step,164,5.184958
ascii-16m,1,step,165,4.810042
ascii-16m,1,step,166,8.752834
ascii-16m,1,step,167,5.352333
ascii-16m,1,step,168,6.454125
ascii-16m,1,step,169,4.779875
ascii-16m,1,step,170,6.504542
ascii-16m,1,step,171,12.359667
ascii-16m,1,step,172,5.548667
ascii-16m,1,step,173,8.457625
ascii-16m,1,step,174,9.799625
ascii-16m,1,step,175,8.639959
ascii-16m,1,step,176,9.894834
ascii-16m,1,step,177,7.562125
ascii-16m,1,step,178,8.947292
ascii-16m,1,step,179,4.890667
ascii-16m,1,step,180,4.934458
ascii-16m,1,step,181,11.359875
ascii-16m,1,step,182,17.383667
ascii-16m,1,step,183,9.945375
ascii-16m,1,step,184,12.480958
ascii-16m,1,step,185,9.772833
ascii-16m,1,step,186,8.494667
ascii-16m,1,step,187,5.174250
ascii-16m,1,step,188,5.768875
ascii-16m,1,step,189,4.879458
ascii-16m,1,step,190,7.907292
ascii-16m,1,step,191,4.727417
ascii-16m,1,step,192,17.493333
ascii-16m,1,step,193,5.432292
ascii-16m,1,step,194,8.438250
ascii-16m,1,step,195,4.928958
ascii-16m,1,step,196,8.930917
ascii-16m,1,step,197,11.464334
ascii-16m,1,step,198,13.354625
ascii-16m,1,step,199,10.982750
ascii-16m,1,step,200,8.360834
ascii-16m,1,step,201,6.145584
ascii-16m,1,step,202,8.270542
ascii-16m,1,step,203,4.747791
ascii-16m,1,step,204,9.310250
ascii-16m,1,step,205,9.567667
ascii-16m,1,step,206,5.847000
ascii-16m,1,step,207,5.240875
ascii-16m,1,step,208,10.637166
ascii-16m,1,step,209,13.147375
ascii-16m,1,step,210,10.862792
ascii-16m,1,step,211,5.302542
ascii-16m,1,step,212,5.044000
ascii-16m,1,step,213,11.764625
ascii-16m,1,step,214,5.097708
ascii-16m,1,step,215,5.186083
ascii-16m,1,step,216,9.700292
ascii-16m,1,step,217,7.411458
ascii-16m,1,step,218,8.738750
ascii-16m,1,step,219,10.759833
ascii-16m,1,step,220,10.451708
ascii-16m,1,step,221,4.872166
ascii-16m,1,step,222,6.443292
ascii-16m,1,step,223,5.821333
ascii-16m,1,step,224,4.928291
ascii-16m,1,step,225,4.947458
ascii-16m,1,step,226,5.386916
ascii-16m,1,step,227,5.528292
ascii-16m,1,step,228,4.766417
ascii-16m,1,step,229,4.686000
ascii-16m,1,step,230,4.807625
ascii-16m,1,step,231,10.268000
ascii-16m,1,step,232,6.149125
ascii-16m,1,step,233,9.144708
ascii-16m,1,step,234,5.368625
ascii-16m,1,step,235,4.973875
ascii-16m,1,step,236,7.316917
ascii-16m,1,step,237,4.763750
ascii-16m,1,step,238,4.839541
ascii-16m,1,step,239,4.794875
ascii-16m,1,step,240,4.759250
ascii-16m,1,step,241,4.837167
ascii-16m,1,step,242,5.464208
ascii-16m,1,step,243,5.703875
ascii-16m,1,step,244,4.814750
ascii-16m,1,step,245,7.308666
ascii-16m,1,step,246,6.122334
ascii-16m,1,step,247,6.291583
ascii-16m,1,step,248,4.719625
ascii-16m,1,step,249,5.405875
ascii-16m,1,step,250,5.323333
ascii-16m,1,step,251,4.767792
ascii-16m,1,step,252,4.936417
ascii-16m,1,step,253,4.769416
ascii-16m,1,step,254,4.698000
ascii-16m,1,step,255,11.075792
ascii-16m,1,step,256,0.048791
ascii-16m,1,publish-frame,0,0.332042
ascii-16m,1,release,0,0.004875
ascii-16m,1,total,0,1922.636667
ascii-16m,1,cancel-release,0,0.012458
ascii-16m,2,step,0,25.545709
ascii-16m,2,step,1,11.319958
ascii-16m,2,step,2,7.389875
ascii-16m,2,step,3,10.695709
ascii-16m,2,step,4,7.044209
ascii-16m,2,step,5,6.991875
ascii-16m,2,step,6,14.949791
ascii-16m,2,step,7,9.724875
ascii-16m,2,step,8,7.651209
ascii-16m,2,step,9,13.803250
ascii-16m,2,step,10,5.989917
ascii-16m,2,step,11,7.868750
ascii-16m,2,step,12,7.933291
ascii-16m,2,step,13,4.756333
ascii-16m,2,step,14,5.262333
ascii-16m,2,step,15,4.977958
ascii-16m,2,step,16,5.964875
ascii-16m,2,step,17,7.756000
ascii-16m,2,step,18,6.008334
ascii-16m,2,step,19,7.371000
ascii-16m,2,step,20,9.344291
ascii-16m,2,step,21,5.591583
ascii-16m,2,step,22,5.951083
ascii-16m,2,step,23,4.910750
ascii-16m,2,step,24,7.293041
ascii-16m,2,step,25,4.684542
ascii-16m,2,step,26,5.180041
ascii-16m,2,step,27,6.690958
ascii-16m,2,step,28,6.229833
ascii-16m,2,step,29,8.687500
ascii-16m,2,step,30,4.833125
ascii-16m,2,step,31,5.371875
ascii-16m,2,step,32,4.672375
ascii-16m,2,step,33,4.667166
ascii-16m,2,step,34,6.615416
ascii-16m,2,step,35,5.595916
ascii-16m,2,step,36,4.656292
ascii-16m,2,step,37,4.673417
ascii-16m,2,step,38,12.048666
ascii-16m,2,step,39,5.133833
ascii-16m,2,step,40,9.168917
ascii-16m,2,step,41,8.127000
ascii-16m,2,step,42,8.540750
ascii-16m,2,step,43,10.595500
ascii-16m,2,step,44,5.147000
ascii-16m,2,step,45,7.550375
ascii-16m,2,step,46,5.857042
ascii-16m,2,step,47,9.971917
ascii-16m,2,step,48,6.585667
ascii-16m,2,step,49,4.878333
ascii-16m,2,step,50,4.872125
ascii-16m,2,step,51,10.403209
ascii-16m,2,step,52,4.947417
ascii-16m,2,step,53,37.349792
ascii-16m,2,step,54,103.249958
ascii-16m,2,step,55,8.665458
ascii-16m,2,step,56,100.828958
ascii-16m,2,step,57,12.300583
ascii-16m,2,step,58,5.770792
ascii-16m,2,step,59,11.347708
ascii-16m,2,step,60,6.294958
ascii-16m,2,step,61,7.346167
ascii-16m,2,step,62,6.985917
ascii-16m,2,step,63,5.814125
ascii-16m,2,step,64,8.251000
ascii-16m,2,step,65,6.613625
ascii-16m,2,step,66,5.310959
ascii-16m,2,step,67,7.304459
ascii-16m,2,step,68,32.561542
ascii-16m,2,step,69,10.408292
ascii-16m,2,step,70,8.725708
ascii-16m,2,step,71,13.195083
ascii-16m,2,step,72,19.654042
ascii-16m,2,step,73,8.867625
ascii-16m,2,step,74,8.453625
ascii-16m,2,step,75,4.730458
ascii-16m,2,step,76,7.158417
ascii-16m,2,step,77,5.524959
ascii-16m,2,step,78,6.285125
ascii-16m,2,step,79,6.642084
ascii-16m,2,step,80,8.512750
ascii-16m,2,step,81,9.464625
ascii-16m,2,step,82,5.239959
ascii-16m,2,step,83,5.672375
ascii-16m,2,step,84,5.906583
ascii-16m,2,step,85,4.865791
ascii-16m,2,step,86,8.066458
ascii-16m,2,step,87,5.893125
ascii-16m,2,step,88,20.098000
ascii-16m,2,step,89,206.261250
ascii-16m,2,step,90,187.265542
ascii-16m,2,step,91,9.919208
ascii-16m,2,step,92,21.825167
ascii-16m,2,step,93,11.680000
ascii-16m,2,step,94,15.763125
ascii-16m,2,step,95,11.777750
ascii-16m,2,step,96,8.829916
ascii-16m,2,step,97,10.072042
ascii-16m,2,step,98,8.731708
ascii-16m,2,step,99,9.106625
ascii-16m,2,step,100,15.074083
ascii-16m,2,step,101,15.616834
ascii-16m,2,step,102,17.369042
ascii-16m,2,step,103,12.422334
ascii-16m,2,step,104,9.499459
ascii-16m,2,step,105,12.098167
ascii-16m,2,step,106,4.799042
ascii-16m,2,step,107,5.735917
ascii-16m,2,step,108,4.872625
ascii-16m,2,step,109,4.665042
ascii-16m,2,step,110,4.711584
ascii-16m,2,step,111,4.781250
ascii-16m,2,step,112,4.735625
ascii-16m,2,step,113,4.641708
ascii-16m,2,step,114,5.236000
ascii-16m,2,step,115,4.958375
ascii-16m,2,step,116,6.506250
ascii-16m,2,step,117,4.694541
ascii-16m,2,step,118,4.653292
ascii-16m,2,step,119,4.735209
ascii-16m,2,step,120,4.788708
ascii-16m,2,step,121,7.088167
ascii-16m,2,step,122,4.660291
ascii-16m,2,step,123,4.636709
ascii-16m,2,step,124,4.785583
ascii-16m,2,step,125,4.691042
ascii-16m,2,step,126,4.743458
ascii-16m,2,step,127,4.864541
ascii-16m,2,step,128,4.738125
ascii-16m,2,step,129,4.693167
ascii-16m,2,step,130,4.752042
ascii-16m,2,step,131,10.464583
ascii-16m,2,step,132,5.594916
ascii-16m,2,step,133,4.713833
ascii-16m,2,step,134,4.762708
ascii-16m,2,step,135,4.700292
ascii-16m,2,step,136,5.250625
ascii-16m,2,step,137,7.516500
ascii-16m,2,step,138,5.077917
ascii-16m,2,step,139,7.520709
ascii-16m,2,step,140,8.254833
ascii-16m,2,step,141,5.041667
ascii-16m,2,step,142,7.498250
ascii-16m,2,step,143,6.431041
ascii-16m,2,step,144,8.070000
ascii-16m,2,step,145,11.505000
ascii-16m,2,step,146,5.017000
ascii-16m,2,step,147,15.290209
ascii-16m,2,step,148,10.916958
ascii-16m,2,step,149,9.849708
ascii-16m,2,step,150,10.602083
ascii-16m,2,step,151,5.464916
ascii-16m,2,step,152,8.847167
ascii-16m,2,step,153,6.909875
ascii-16m,2,step,154,11.545291
ascii-16m,2,step,155,6.318416
ascii-16m,2,step,156,7.113542
ascii-16m,2,step,157,11.936250
ascii-16m,2,step,158,9.131334
ascii-16m,2,step,159,8.542083
ascii-16m,2,step,160,6.214583
ascii-16m,2,step,161,6.189958
ascii-16m,2,step,162,10.940458
ascii-16m,2,step,163,11.525708
ascii-16m,2,step,164,4.968042
ascii-16m,2,step,165,5.132834
ascii-16m,2,step,166,9.608959
ascii-16m,2,step,167,9.778750
ascii-16m,2,step,168,7.515667
ascii-16m,2,step,169,5.801625
ascii-16m,2,step,170,11.733667
ascii-16m,2,step,171,7.710125
ascii-16m,2,step,172,5.109583
ascii-16m,2,step,173,7.512792
ascii-16m,2,step,174,7.879584
ascii-16m,2,step,175,7.886625
ascii-16m,2,step,176,10.227958
ascii-16m,2,step,177,10.053542
ascii-16m,2,step,178,8.070084
ascii-16m,2,step,179,10.421667
ascii-16m,2,step,180,9.384083
ascii-16m,2,step,181,6.733458
ascii-16m,2,step,182,13.332500
ascii-16m,2,step,183,6.735750
ascii-16m,2,step,184,7.007125
ascii-16m,2,step,185,6.269083
ascii-16m,2,step,186,5.586625
ascii-16m,2,step,187,8.459792
ascii-16m,2,step,188,14.755542
ascii-16m,2,step,189,12.138083
ascii-16m,2,step,190,12.980500
ascii-16m,2,step,191,7.612792
ascii-16m,2,step,192,13.284667
ascii-16m,2,step,193,7.016875
ascii-16m,2,step,194,7.124458
ascii-16m,2,step,195,6.148875
ascii-16m,2,step,196,8.683333
ascii-16m,2,step,197,10.644292
ascii-16m,2,step,198,8.858834
ascii-16m,2,step,199,6.148958
ascii-16m,2,step,200,6.679125
ascii-16m,2,step,201,5.377041
ascii-16m,2,step,202,5.712208
ascii-16m,2,step,203,12.302708
ascii-16m,2,step,204,6.234083
ascii-16m,2,step,205,9.654208
ascii-16m,2,step,206,12.200833
ascii-16m,2,step,207,6.650875
ascii-16m,2,step,208,8.013458
ascii-16m,2,step,209,6.702583
ascii-16m,2,step,210,5.791458
ascii-16m,2,step,211,7.443292
ascii-16m,2,step,212,5.719625
ascii-16m,2,step,213,6.647667
ascii-16m,2,step,214,8.280875
ascii-16m,2,step,215,12.263000
ascii-16m,2,step,216,6.881625
ascii-16m,2,step,217,6.446458
ascii-16m,2,step,218,10.343500
ascii-16m,2,step,219,27.083916
ascii-16m,2,step,220,17.718291
ascii-16m,2,step,221,23.113958
ascii-16m,2,step,222,4.925334
ascii-16m,2,step,223,5.015292
ascii-16m,2,step,224,5.088500
ascii-16m,2,step,225,4.737708
ascii-16m,2,step,226,5.538083
ascii-16m,2,step,227,11.100958
ascii-16m,2,step,228,6.545084
ascii-16m,2,step,229,6.762667
ascii-16m,2,step,230,6.181375
ascii-16m,2,step,231,10.802834
ascii-16m,2,step,232,4.778709
ascii-16m,2,step,233,7.552250
ascii-16m,2,step,234,4.886000
ascii-16m,2,step,235,8.848959
ascii-16m,2,step,236,8.253209
ascii-16m,2,step,237,8.425125
ascii-16m,2,step,238,9.749583
ascii-16m,2,step,239,4.875292
ascii-16m,2,step,240,6.387875
ascii-16m,2,step,241,10.389208
ascii-16m,2,step,242,4.809167
ascii-16m,2,step,243,7.970875
ascii-16m,2,step,244,4.948292
ascii-16m,2,step,245,4.726500
ascii-16m,2,step,246,5.009000
ascii-16m,2,step,247,4.764750
ascii-16m,2,step,248,5.018625
ascii-16m,2,step,249,4.733250
ascii-16m,2,step,250,4.729000
ascii-16m,2,step,251,6.894458
ascii-16m,2,step,252,5.200042
ascii-16m,2,step,253,4.802750
ascii-16m,2,step,254,5.073125
ascii-16m,2,step,255,11.052167
ascii-16m,2,step,256,0.052416
ascii-16m,2,publish-frame,0,0.408125
ascii-16m,2,release,0,0.010250
ascii-16m,2,total,0,2656.764708
ascii-16m,2,cancel-release,0,0.009541
ascii-16m,3,step,0,8.316625
ascii-16m,3,step,1,10.737750
ascii-16m,3,step,2,7.514250
ascii-16m,3,step,3,9.406916
ascii-16m,3,step,4,7.952709
ascii-16m,3,step,5,8.601417
ascii-16m,3,step,6,6.167500
ascii-16m,3,step,7,5.905917
ascii-16m,3,step,8,7.993000
ascii-16m,3,step,9,8.719667
ascii-16m,3,step,10,12.026792
ascii-16m,3,step,11,9.648375
ascii-16m,3,step,12,7.985917
ascii-16m,3,step,13,9.194417
ascii-16m,3,step,14,8.040667
ascii-16m,3,step,15,6.981792
ascii-16m,3,step,16,4.909041
ascii-16m,3,step,17,5.272917
ascii-16m,3,step,18,4.729125
ascii-16m,3,step,19,5.619209
ascii-16m,3,step,20,15.022792
ascii-16m,3,step,21,4.778209
ascii-16m,3,step,22,4.752834
ascii-16m,3,step,23,6.178542
ascii-16m,3,step,24,5.827583
ascii-16m,3,step,25,5.832334
ascii-16m,3,step,26,7.745500
ascii-16m,3,step,27,14.970208
ascii-16m,3,step,28,7.087875
ascii-16m,3,step,29,5.778166
ascii-16m,3,step,30,5.230417
ascii-16m,3,step,31,6.191417
ascii-16m,3,step,32,11.103458
ascii-16m,3,step,33,5.064958
ascii-16m,3,step,34,5.142208
ascii-16m,3,step,35,4.720542
ascii-16m,3,step,36,6.629125
ascii-16m,3,step,37,4.920542
ascii-16m,3,step,38,6.200666
ascii-16m,3,step,39,4.843958
ascii-16m,3,step,40,5.634791
ascii-16m,3,step,41,4.745625
ascii-16m,3,step,42,11.939875
ascii-16m,3,step,43,9.560792
ascii-16m,3,step,44,4.922625
ascii-16m,3,step,45,4.777292
ascii-16m,3,step,46,6.440291
ascii-16m,3,step,47,5.463208
ascii-16m,3,step,48,10.904709
ascii-16m,3,step,49,7.297333
ascii-16m,3,step,50,4.837375
ascii-16m,3,step,51,4.797042
ascii-16m,3,step,52,4.854042
ascii-16m,3,step,53,4.809542
ascii-16m,3,step,54,4.757209
ascii-16m,3,step,55,8.710667
ascii-16m,3,step,56,8.054375
ascii-16m,3,step,57,12.962417
ascii-16m,3,step,58,5.181667
ascii-16m,3,step,59,4.874250
ascii-16m,3,step,60,5.303333
ascii-16m,3,step,61,4.926208
ascii-16m,3,step,62,4.780833
ascii-16m,3,step,63,7.628125
ascii-16m,3,step,64,6.597000
ascii-16m,3,step,65,9.654875
ascii-16m,3,step,66,6.041000
ascii-16m,3,step,67,11.837250
ascii-16m,3,step,68,4.883875
ascii-16m,3,step,69,5.852375
ascii-16m,3,step,70,6.860250
ascii-16m,3,step,71,4.981250
ascii-16m,3,step,72,6.817000
ascii-16m,3,step,73,10.472292
ascii-16m,3,step,74,6.840958
ascii-16m,3,step,75,4.807709
ascii-16m,3,step,76,4.880417
ascii-16m,3,step,77,5.987833
ascii-16m,3,step,78,5.716625
ascii-16m,3,step,79,4.865834
ascii-16m,3,step,80,5.257667
ascii-16m,3,step,81,7.381000
ascii-16m,3,step,82,4.827000
ascii-16m,3,step,83,5.095750
ascii-16m,3,step,84,4.929917
ascii-16m,3,step,85,5.069375
ascii-16m,3,step,86,7.176916
ascii-16m,3,step,87,9.946333
ascii-16m,3,step,88,4.889875
ascii-16m,3,step,89,4.874542
ascii-16m,3,step,90,7.785959
ascii-16m,3,step,91,6.859958
ascii-16m,3,step,92,8.295541
ascii-16m,3,step,93,4.853250
ascii-16m,3,step,94,4.900375
ascii-16m,3,step,95,4.734875
ascii-16m,3,step,96,4.955833
ascii-16m,3,step,97,6.729417
ascii-16m,3,step,98,5.128916
ascii-16m,3,step,99,6.244583
ascii-16m,3,step,100,8.825416
ascii-16m,3,step,101,7.157875
ascii-16m,3,step,102,5.842625
ascii-16m,3,step,103,4.833667
ascii-16m,3,step,104,7.714625
ascii-16m,3,step,105,7.565542
ascii-16m,3,step,106,7.927916
ascii-16m,3,step,107,10.357083
ascii-16m,3,step,108,8.494875
ascii-16m,3,step,109,6.469667
ascii-16m,3,step,110,12.242750
ascii-16m,3,step,111,4.719625
ascii-16m,3,step,112,4.992292
ascii-16m,3,step,113,4.759084
ascii-16m,3,step,114,8.747667
ascii-16m,3,step,115,5.763500
ascii-16m,3,step,116,4.843625
ascii-16m,3,step,117,4.929792
ascii-16m,3,step,118,5.421417
ascii-16m,3,step,119,4.836583
ascii-16m,3,step,120,10.561083
ascii-16m,3,step,121,4.945291
ascii-16m,3,step,122,6.009583
ascii-16m,3,step,123,11.328166
ascii-16m,3,step,124,10.132750
ascii-16m,3,step,125,4.746625
ascii-16m,3,step,126,5.496458
ascii-16m,3,step,127,4.906000
ascii-16m,3,step,128,4.714167
ascii-16m,3,step,129,4.817417
ascii-16m,3,step,130,5.501750
ascii-16m,3,step,131,6.272958
ascii-16m,3,step,132,6.779792
ascii-16m,3,step,133,16.639833
ascii-16m,3,step,134,4.924667
ascii-16m,3,step,135,11.271959
ascii-16m,3,step,136,5.258458
ascii-16m,3,step,137,5.622583
ascii-16m,3,step,138,5.367958
ascii-16m,3,step,139,4.753458
ascii-16m,3,step,140,5.395375
ascii-16m,3,step,141,6.702917
ascii-16m,3,step,142,4.932500
ascii-16m,3,step,143,6.291833
ascii-16m,3,step,144,10.124625
ascii-16m,3,step,145,5.778208
ascii-16m,3,step,146,4.695584
ascii-16m,3,step,147,4.826333
ascii-16m,3,step,148,4.730084
ascii-16m,3,step,149,4.681625
ascii-16m,3,step,150,5.002292
ascii-16m,3,step,151,6.308250
ascii-16m,3,step,152,4.635125
ascii-16m,3,step,153,5.607917
ascii-16m,3,step,154,4.903292
ascii-16m,3,step,155,9.445791
ascii-16m,3,step,156,4.852166
ascii-16m,3,step,157,5.280000
ascii-16m,3,step,158,5.268917
ascii-16m,3,step,159,5.324209
ascii-16m,3,step,160,6.734084
ascii-16m,3,step,161,10.694042
ascii-16m,3,step,162,10.955584
ascii-16m,3,step,163,8.350833
ascii-16m,3,step,164,8.607625
ascii-16m,3,step,165,5.856000
ascii-16m,3,step,166,7.235209
ascii-16m,3,step,167,5.979750
ascii-16m,3,step,168,4.822875
ascii-16m,3,step,169,4.835875
ascii-16m,3,step,170,13.709250
ascii-16m,3,step,171,13.230833
ascii-16m,3,step,172,5.829625
ascii-16m,3,step,173,9.991542
ascii-16m,3,step,174,52.530166
ascii-16m,3,step,175,5.756000
ascii-16m,3,step,176,8.178250
ascii-16m,3,step,177,8.184542
ascii-16m,3,step,178,5.246334
ascii-16m,3,step,179,27.377500
ascii-16m,3,step,180,6.476291
ascii-16m,3,step,181,26.419667
ascii-16m,3,step,182,8.209000
ascii-16m,3,step,183,4.918916
ascii-16m,3,step,184,4.958417
ascii-16m,3,step,185,4.917584
ascii-16m,3,step,186,4.943375
ascii-16m,3,step,187,12.856459
ascii-16m,3,step,188,5.040167
ascii-16m,3,step,189,4.750834
ascii-16m,3,step,190,8.781000
ascii-16m,3,step,191,4.837834
ascii-16m,3,step,192,4.871042
ascii-16m,3,step,193,6.735209
ascii-16m,3,step,194,7.341000
ascii-16m,3,step,195,12.941334
ascii-16m,3,step,196,7.517917
ascii-16m,3,step,197,4.745834
ascii-16m,3,step,198,5.899750
ascii-16m,3,step,199,6.103500
ascii-16m,3,step,200,10.978292
ascii-16m,3,step,201,4.671167
ascii-16m,3,step,202,4.896709
ascii-16m,3,step,203,6.033875
ascii-16m,3,step,204,5.960958
ascii-16m,3,step,205,5.666750
ascii-16m,3,step,206,4.752333
ascii-16m,3,step,207,5.022583
ascii-16m,3,step,208,4.785208
ascii-16m,3,step,209,4.927750
ascii-16m,3,step,210,5.376042
ascii-16m,3,step,211,4.934500
ascii-16m,3,step,212,4.757583
ascii-16m,3,step,213,7.634583
ascii-16m,3,step,214,7.655833
ascii-16m,3,step,215,5.924042
ascii-16m,3,step,216,4.746292
ascii-16m,3,step,217,4.824833
ascii-16m,3,step,218,9.572666
ascii-16m,3,step,219,5.310167
ascii-16m,3,step,220,4.850709
ascii-16m,3,step,221,5.419000
ascii-16m,3,step,222,4.913000
ascii-16m,3,step,223,6.505166
ascii-16m,3,step,224,5.318667
ascii-16m,3,step,225,5.752666
ascii-16m,3,step,226,9.995708
ascii-16m,3,step,227,5.006708
ascii-16m,3,step,228,4.845291
ascii-16m,3,step,229,4.697917
ascii-16m,3,step,230,5.836542
ascii-16m,3,step,231,8.840709
ascii-16m,3,step,232,13.038125
ascii-16m,3,step,233,6.487792
ascii-16m,3,step,234,6.050041
ascii-16m,3,step,235,6.303584
ascii-16m,3,step,236,14.430000
ascii-16m,3,step,237,6.460083
ascii-16m,3,step,238,15.428291
ascii-16m,3,step,239,8.822125
ascii-16m,3,step,240,4.785625
ascii-16m,3,step,241,5.052625
ascii-16m,3,step,242,4.914583
ascii-16m,3,step,243,10.139959
ascii-16m,3,step,244,8.160417
ascii-16m,3,step,245,4.893333
ascii-16m,3,step,246,5.048000
ascii-16m,3,step,247,7.773791
ascii-16m,3,step,248,7.839042
ascii-16m,3,step,249,5.549541
ascii-16m,3,step,250,4.830750
ascii-16m,3,step,251,6.919000
ascii-16m,3,step,252,4.791375
ascii-16m,3,step,253,5.170459
ascii-16m,3,step,254,9.753625
ascii-16m,3,step,255,6.432125
ascii-16m,3,step,256,0.089666
ascii-16m,3,publish-frame,0,0.496125
ascii-16m,3,release,0,0.005333
ascii-16m,3,total,0,1817.733417
ascii-16m,3,cancel-release,0,0.009792
ascii-16m,4,step,0,5.443583
ascii-16m,4,step,1,5.610042
ascii-16m,4,step,2,7.250875
ascii-16m,4,step,3,5.319084
ascii-16m,4,step,4,6.237875
ascii-16m,4,step,5,6.263917
ascii-16m,4,step,6,5.590708
ascii-16m,4,step,7,8.248875
ascii-16m,4,step,8,7.054458
ascii-16m,4,step,9,9.087458
ascii-16m,4,step,10,5.436084
ascii-16m,4,step,11,4.845458
ascii-16m,4,step,12,7.031792
ascii-16m,4,step,13,5.028750
ascii-16m,4,step,14,10.074042
ascii-16m,4,step,15,5.322834
ascii-16m,4,step,16,9.675875
ascii-16m,4,step,17,5.751583
ascii-16m,4,step,18,4.988833
ascii-16m,4,step,19,4.850083
ascii-16m,4,step,20,4.831125
ascii-16m,4,step,21,6.449625
ascii-16m,4,step,22,7.747916
ascii-16m,4,step,23,4.884333
ascii-16m,4,step,24,4.811708
ascii-16m,4,step,25,4.787542
ascii-16m,4,step,26,4.809000
ascii-16m,4,step,27,5.508917
ascii-16m,4,step,28,6.071917
ascii-16m,4,step,29,4.926208
ascii-16m,4,step,30,4.823750
ascii-16m,4,step,31,7.922834
ascii-16m,4,step,32,6.097167
ascii-16m,4,step,33,27.320917
ascii-16m,4,step,34,6.883958
ascii-16m,4,step,35,5.139625
ascii-16m,4,step,36,4.770333
ascii-16m,4,step,37,10.258666
ascii-16m,4,step,38,13.965542
ascii-16m,4,step,39,5.415208
ascii-16m,4,step,40,8.183709
ascii-16m,4,step,41,11.158250
ascii-16m,4,step,42,12.195375
ascii-16m,4,step,43,5.278208
ascii-16m,4,step,44,7.409459
ascii-16m,4,step,45,12.812584
ascii-16m,4,step,46,5.021458
ascii-16m,4,step,47,5.544750
ascii-16m,4,step,48,4.998709
ascii-16m,4,step,49,6.001500
ascii-16m,4,step,50,6.129417
ascii-16m,4,step,51,8.861375
ascii-16m,4,step,52,7.214084
ascii-16m,4,step,53,9.230250
ascii-16m,4,step,54,10.589458
ascii-16m,4,step,55,5.383750
ascii-16m,4,step,56,4.987625
ascii-16m,4,step,57,5.873625
ascii-16m,4,step,58,5.111125
ascii-16m,4,step,59,9.720833
ascii-16m,4,step,60,5.914041
ascii-16m,4,step,61,8.416667
ascii-16m,4,step,62,7.251959
ascii-16m,4,step,63,7.631708
ascii-16m,4,step,64,4.744667
ascii-16m,4,step,65,7.221250
ascii-16m,4,step,66,8.383833
ascii-16m,4,step,67,14.061333
ascii-16m,4,step,68,14.978667
ascii-16m,4,step,69,31.776500
ascii-16m,4,step,70,8.466375
ascii-16m,4,step,71,6.872375
ascii-16m,4,step,72,63.216542
ascii-16m,4,step,73,21.474833
ascii-16m,4,step,74,10.081291
ascii-16m,4,step,75,8.697375
ascii-16m,4,step,76,16.145000
ascii-16m,4,step,77,16.634959
ascii-16m,4,step,78,19.457917
ascii-16m,4,step,79,8.633792
ascii-16m,4,step,80,11.516667
ascii-16m,4,step,81,10.152958
ascii-16m,4,step,82,12.104166
ascii-16m,4,step,83,8.251084
ascii-16m,4,step,84,11.795125
ascii-16m,4,step,85,5.086375
ascii-16m,4,step,86,6.618458
ascii-16m,4,step,87,5.893125
ascii-16m,4,step,88,4.739708
ascii-16m,4,step,89,5.197458
ascii-16m,4,step,90,4.854667
ascii-16m,4,step,91,7.189792
ascii-16m,4,step,92,4.946083
ascii-16m,4,step,93,4.917500
ascii-16m,4,step,94,8.218375
ascii-16m,4,step,95,4.912209
ascii-16m,4,step,96,6.015833
ascii-16m,4,step,97,6.397833
ascii-16m,4,step,98,9.917500
ascii-16m,4,step,99,9.013375
ascii-16m,4,step,100,5.007125
ascii-16m,4,step,101,4.882250
ascii-16m,4,step,102,6.637583
ascii-16m,4,step,103,5.663958
ascii-16m,4,step,104,5.611125
ascii-16m,4,step,105,5.265792
ascii-16m,4,step,106,11.012000
ascii-16m,4,step,107,6.908292
ascii-16m,4,step,108,8.055125
ascii-16m,4,step,109,12.179917
ascii-16m,4,step,110,7.298500
ascii-16m,4,step,111,4.823041
ascii-16m,4,step,112,5.871000
ascii-16m,4,step,113,7.981625
ascii-16m,4,step,114,9.276250
ascii-16m,4,step,115,9.473708
ascii-16m,4,step,116,5.126083
ascii-16m,4,step,117,4.888417
ascii-16m,4,step,118,5.180125
ascii-16m,4,step,119,5.405500
ascii-16m,4,step,120,5.127458
ascii-16m,4,step,121,4.953250
ascii-16m,4,step,122,7.051916
ascii-16m,4,step,123,5.017750
ascii-16m,4,step,124,7.417167
ascii-16m,4,step,125,7.535209
ascii-16m,4,step,126,7.627209
ascii-16m,4,step,127,6.392167
ascii-16m,4,step,128,5.493500
ascii-16m,4,step,129,7.916750
ascii-16m,4,step,130,6.966375
ascii-16m,4,step,131,5.379750
ascii-16m,4,step,132,4.983167
ascii-16m,4,step,133,10.360292
ascii-16m,4,step,134,8.497833
ascii-16m,4,step,135,6.856208
ascii-16m,4,step,136,5.668708
ascii-16m,4,step,137,7.829375
ascii-16m,4,step,138,7.329709
ascii-16m,4,step,139,5.694167
ascii-16m,4,step,140,7.502542
ascii-16m,4,step,141,5.579750
ascii-16m,4,step,142,4.864792
ascii-16m,4,step,143,5.751958
ascii-16m,4,step,144,5.348916
ascii-16m,4,step,145,6.783125
ascii-16m,4,step,146,5.173750
ascii-16m,4,step,147,8.975334
ascii-16m,4,step,148,9.259792
ascii-16m,4,step,149,5.219666
ascii-16m,4,step,150,12.082083
ascii-16m,4,step,151,4.969916
ascii-16m,4,step,152,7.176292
ascii-16m,4,step,153,7.164958
ascii-16m,4,step,154,5.053291
ascii-16m,4,step,155,5.102208
ascii-16m,4,step,156,5.102667
ascii-16m,4,step,157,5.006083
ascii-16m,4,step,158,5.994875
ascii-16m,4,step,159,13.341167
ascii-16m,4,step,160,5.485417
ascii-16m,4,step,161,4.911958
ascii-16m,4,step,162,4.711375
ascii-16m,4,step,163,4.986083
ascii-16m,4,step,164,5.541041
ascii-16m,4,step,165,4.865959
ascii-16m,4,step,166,10.849959
ascii-16m,4,step,167,11.189916
ascii-16m,4,step,168,4.832500
ascii-16m,4,step,169,4.828333
ascii-16m,4,step,170,4.759666
ascii-16m,4,step,171,4.873291
ascii-16m,4,step,172,9.014167
ascii-16m,4,step,173,10.068708
ascii-16m,4,step,174,6.907375
ascii-16m,4,step,175,5.320209
ascii-16m,4,step,176,6.451417
ascii-16m,4,step,177,6.621792
ascii-16m,4,step,178,8.373458
ascii-16m,4,step,179,5.460334
ascii-16m,4,step,180,5.016750
ascii-16m,4,step,181,6.588875
ascii-16m,4,step,182,6.664916
ascii-16m,4,step,183,6.770583
ascii-16m,4,step,184,6.905625
ascii-16m,4,step,185,7.785667
ascii-16m,4,step,186,7.462000
ascii-16m,4,step,187,5.352166
ascii-16m,4,step,188,9.333083
ascii-16m,4,step,189,5.660583
ascii-16m,4,step,190,9.844500
ascii-16m,4,step,191,4.908583
ascii-16m,4,step,192,5.534958
ascii-16m,4,step,193,5.278417
ascii-16m,4,step,194,8.393542
ascii-16m,4,step,195,9.673250
ascii-16m,4,step,196,10.744458
ascii-16m,4,step,197,8.356041
ascii-16m,4,step,198,11.377458
ascii-16m,4,step,199,5.165708
ascii-16m,4,step,200,5.892875
ascii-16m,4,step,201,7.475084
ascii-16m,4,step,202,6.446500
ascii-16m,4,step,203,5.904459
ascii-16m,4,step,204,5.051250
ascii-16m,4,step,205,5.643833
ascii-16m,4,step,206,4.882792
ascii-16m,4,step,207,5.015791
ascii-16m,4,step,208,5.269875
ascii-16m,4,step,209,8.438583
ascii-16m,4,step,210,6.196625
ascii-16m,4,step,211,4.697417
ascii-16m,4,step,212,4.988375
ascii-16m,4,step,213,5.171041
ascii-16m,4,step,214,4.641584
ascii-16m,4,step,215,6.573041
ascii-16m,4,step,216,5.285834
ascii-16m,4,step,217,4.981250
ascii-16m,4,step,218,7.218500
ascii-16m,4,step,219,45.252250
ascii-16m,4,step,220,14.313875
ascii-16m,4,step,221,11.853042
ascii-16m,4,step,222,11.147667
ascii-16m,4,step,223,7.020583
ascii-16m,4,step,224,5.195042
ascii-16m,4,step,225,11.477042
ascii-16m,4,step,226,9.815167
ascii-16m,4,step,227,5.274041
ascii-16m,4,step,228,5.418208
ascii-16m,4,step,229,4.742167
ascii-16m,4,step,230,4.900875
ascii-16m,4,step,231,4.716833
ascii-16m,4,step,232,4.873000
ascii-16m,4,step,233,4.824667
ascii-16m,4,step,234,7.227875
ascii-16m,4,step,235,4.830791
ascii-16m,4,step,236,5.660292
ascii-16m,4,step,237,4.727416
ascii-16m,4,step,238,4.808375
ascii-16m,4,step,239,8.311042
ascii-16m,4,step,240,5.442209
ascii-16m,4,step,241,4.783375
ascii-16m,4,step,242,5.755667
ascii-16m,4,step,243,5.880875
ascii-16m,4,step,244,9.348208
ascii-16m,4,step,245,4.900333
ascii-16m,4,step,246,5.053333
ascii-16m,4,step,247,5.068250
ascii-16m,4,step,248,10.654334
ascii-16m,4,step,249,11.711000
ascii-16m,4,step,250,4.756291
ascii-16m,4,step,251,6.034875
ascii-16m,4,step,252,10.409042
ascii-16m,4,step,253,5.034667
ascii-16m,4,step,254,8.736541
ascii-16m,4,step,255,7.660333
ascii-16m,4,step,256,0.041041
ascii-16m,4,publish-frame,0,0.392500
ascii-16m,4,release,0,0.006917
ascii-16m,4,total,0,1956.900542
ascii-16m,4,cancel-release,0,0.009750
controls-16m,0,step,0,8.927125
controls-16m,0,step,1,5.925209
controls-16m,0,step,2,6.234875
controls-16m,0,step,3,6.142542
controls-16m,0,step,4,5.894500
controls-16m,0,step,5,5.774750
controls-16m,0,step,6,6.212959
controls-16m,0,step,7,5.820875
controls-16m,0,step,8,5.924209
controls-16m,0,step,9,5.814250
controls-16m,0,step,10,8.808125
controls-16m,0,step,11,6.403000
controls-16m,0,step,12,6.270083
controls-16m,0,step,13,6.244583
controls-16m,0,step,14,6.511833
controls-16m,0,step,15,5.933500
controls-16m,0,step,16,7.169833
controls-16m,0,step,17,7.294833
controls-16m,0,step,18,6.564750
controls-16m,0,step,19,8.058458
controls-16m,0,step,20,11.070667
controls-16m,0,step,21,10.602417
controls-16m,0,step,22,5.892166
controls-16m,0,step,23,6.988583
controls-16m,0,step,24,6.138333
controls-16m,0,step,25,6.008500
controls-16m,0,step,26,6.732958
controls-16m,0,step,27,6.331542
controls-16m,0,step,28,10.212250
controls-16m,0,step,29,6.268250
controls-16m,0,step,30,7.359417
controls-16m,0,step,31,6.246542
controls-16m,0,step,32,12.713541
controls-16m,0,step,33,6.293750
controls-16m,0,step,34,9.113792
controls-16m,0,step,35,8.479792
controls-16m,0,step,36,7.625375
controls-16m,0,step,37,9.707750
controls-16m,0,step,38,6.791708
controls-16m,0,step,39,6.051791
controls-16m,0,step,40,11.167750
controls-16m,0,step,41,13.732792
controls-16m,0,step,42,8.623750
controls-16m,0,step,43,6.387792
controls-16m,0,step,44,5.969208
controls-16m,0,step,45,6.336375
controls-16m,0,step,46,6.230250
controls-16m,0,step,47,6.852250
controls-16m,0,step,48,6.482166
controls-16m,0,step,49,6.865292
controls-16m,0,step,50,6.498875
controls-16m,0,step,51,6.976250
controls-16m,0,step,52,13.072292
controls-16m,0,step,53,6.182375
controls-16m,0,step,54,6.135125
controls-16m,0,step,55,6.470250
controls-16m,0,step,56,7.586167
controls-16m,0,step,57,15.134208
controls-16m,0,step,58,6.300792
controls-16m,0,step,59,6.469750
controls-16m,0,step,60,12.425167
controls-16m,0,step,61,6.384000
controls-16m,0,step,62,10.613417
controls-16m,0,step,63,6.942458
controls-16m,0,step,64,8.501250
controls-16m,0,step,65,13.841292
controls-16m,0,step,66,7.229375
controls-16m,0,step,67,7.345375
controls-16m,0,step,68,8.053459
controls-16m,0,step,69,7.907625
controls-16m,0,step,70,6.263208
controls-16m,0,step,71,6.438667
controls-16m,0,step,72,7.647000
controls-16m,0,step,73,8.454750
controls-16m,0,step,74,8.301833
controls-16m,0,step,75,6.762416
controls-16m,0,step,76,6.337291
controls-16m,0,step,77,8.192375
controls-16m,0,step,78,6.194583
controls-16m,0,step,79,11.028292
controls-16m,0,step,80,6.468500
controls-16m,0,step,81,5.797375
controls-16m,0,step,82,6.192833
controls-16m,0,step,83,5.684041
controls-16m,0,step,84,5.751542
controls-16m,0,step,85,5.648875
controls-16m,0,step,86,6.176250
controls-16m,0,step,87,6.259625
controls-16m,0,step,88,5.688792
controls-16m,0,step,89,5.721459
controls-16m,0,step,90,11.475709
controls-16m,0,step,91,9.808958
controls-16m,0,step,92,7.629417
controls-16m,0,step,93,6.126750
controls-16m,0,step,94,13.375333
controls-16m,0,step,95,7.767167
controls-16m,0,step,96,6.265583
controls-16m,0,step,97,8.690625
controls-16m,0,step,98,8.061833
controls-16m,0,step,99,6.304417
controls-16m,0,step,100,10.606125
controls-16m,0,step,101,6.135125
controls-16m,0,step,102,8.258000
controls-16m,0,step,103,8.444125
controls-16m,0,step,104,9.317333
controls-16m,0,step,105,8.861709
controls-16m,0,step,106,7.114584
controls-16m,0,step,107,11.126417
controls-16m,0,step,108,8.340334
controls-16m,0,step,109,9.418334
controls-16m,0,step,110,10.439000
controls-16m,0,step,111,8.292416
controls-16m,0,step,112,7.241709
controls-16m,0,step,113,7.892292
controls-16m,0,step,114,8.675833
controls-16m,0,step,115,9.269083
controls-16m,0,step,116,8.247959
controls-16m,0,step,117,8.261916
controls-16m,0,step,118,7.608208
controls-16m,0,step,119,6.227125
controls-16m,0,step,120,5.819209
controls-16m,0,step,121,6.217708
controls-16m,0,step,122,5.895250
controls-16m,0,step,123,5.756792
controls-16m,0,step,124,6.143334
controls-16m,0,step,125,6.095625
controls-16m,0,step,126,5.679208
controls-16m,0,step,127,5.868000
controls-16m,0,step,128,5.649667
controls-16m,0,step,129,6.209375
controls-16m,0,step,130,5.996667
controls-16m,0,step,131,7.217708
controls-16m,0,step,132,10.032250
controls-16m,0,step,133,7.337375
controls-16m,0,step,134,5.875125
controls-16m,0,step,135,11.965083
controls-16m,0,step,136,8.718916
controls-16m,0,step,137,6.774209
controls-16m,0,step,138,10.965208
controls-16m,0,step,139,8.160458
controls-16m,0,step,140,6.324416
controls-16m,0,step,141,12.541334
controls-16m,0,step,142,6.028542
controls-16m,0,step,143,6.179875
controls-16m,0,step,144,6.508250
controls-16m,0,step,145,6.304500
controls-16m,0,step,146,6.171166
controls-16m,0,step,147,7.830125
controls-16m,0,step,148,7.869459
controls-16m,0,step,149,7.318166
controls-16m,0,step,150,7.078167
controls-16m,0,step,151,6.713000
controls-16m,0,step,152,11.030708
controls-16m,0,step,153,10.493084
controls-16m,0,step,154,10.780917
controls-16m,0,step,155,6.551542
controls-16m,0,step,156,6.175875
controls-16m,0,step,157,7.970666
controls-16m,0,step,158,9.414042
controls-16m,0,step,159,6.074000
controls-16m,0,step,160,8.786792
controls-16m,0,step,161,6.620084
controls-16m,0,step,162,6.021042
controls-16m,0,step,163,7.680166
controls-16m,0,step,164,5.807125
controls-16m,0,step,165,12.862167
controls-16m,0,step,166,6.377583
controls-16m,0,step,167,7.221625
controls-16m,0,step,168,6.222208
controls-16m,0,step,169,6.649042
controls-16m,0,step,170,6.846000
controls-16m,0,step,171,6.300125
controls-16m,0,step,172,6.623250
controls-16m,0,step,173,6.248708
controls-16m,0,step,174,5.848042
controls-16m,0,step,175,5.792125
controls-16m,0,step,176,5.667209
controls-16m,0,step,177,11.315750
controls-16m,0,step,178,7.431750
controls-16m,0,step,179,7.006541
controls-16m,0,step,180,6.376583
controls-16m,0,step,181,7.022708
controls-16m,0,step,182,10.135625
controls-16m,0,step,183,8.276583
controls-16m,0,step,184,11.597500
controls-16m,0,step,185,6.372000
controls-16m,0,step,186,9.281542
controls-16m,0,step,187,6.144125
controls-16m,0,step,188,6.212041
controls-16m,0,step,189,6.335916
controls-16m,0,step,190,6.243958
controls-16m,0,step,191,6.233042
controls-16m,0,step,192,6.411000
controls-16m,0,step,193,5.766625
controls-16m,0,step,194,7.205208
controls-16m,0,step,195,6.172375
controls-16m,0,step,196,6.233958
controls-16m,0,step,197,6.387750
controls-16m,0,step,198,6.705875
controls-16m,0,step,199,9.293375
controls-16m,0,step,200,10.149333
controls-16m,0,step,201,6.140958
controls-16m,0,step,202,8.606292
controls-16m,0,step,203,6.251625
controls-16m,0,step,204,7.581208
controls-16m,0,step,205,7.407291
controls-16m,0,step,206,6.462833
controls-16m,0,step,207,6.010208
controls-16m,0,step,208,10.301708
controls-16m,0,step,209,11.036291
controls-16m,0,step,210,8.792208
controls-16m,0,step,211,6.672333
controls-16m,0,step,212,7.345167
controls-16m,0,step,213,8.572083
controls-16m,0,step,214,6.525667
controls-16m,0,step,215,7.586042
controls-16m,0,step,216,5.898000
controls-16m,0,step,217,5.924667
controls-16m,0,step,218,6.388416
controls-16m,0,step,219,12.799875
controls-16m,0,step,220,10.705041
controls-16m,0,step,221,12.268583
controls-16m,0,step,222,7.242917
controls-16m,0,step,223,6.542459
controls-16m,0,step,224,7.300000
controls-16m,0,step,225,9.056166
controls-16m,0,step,226,15.809667
controls-16m,0,step,227,7.733542
controls-16m,0,step,228,8.769875
controls-16m,0,step,229,6.096958
controls-16m,0,step,230,11.657750
controls-16m,0,step,231,6.424833
controls-16m,0,step,232,9.164500
controls-16m,0,step,233,14.618917
controls-16m,0,step,234,6.691541
controls-16m,0,step,235,8.141875
controls-16m,0,step,236,6.462208
controls-16m,0,step,237,12.438792
controls-16m,0,step,238,6.343541
controls-16m,0,step,239,6.358458
controls-16m,0,step,240,6.114917
controls-16m,0,step,241,5.872792
controls-16m,0,step,242,8.666000
controls-16m,0,step,243,5.880667
controls-16m,0,step,244,13.760458
controls-16m,0,step,245,9.939958
controls-16m,0,step,246,6.234500
controls-16m,0,step,247,9.442417
controls-16m,0,step,248,6.304125
controls-16m,0,step,249,9.568750
controls-16m,0,step,250,6.556708
controls-16m,0,step,251,8.992667
controls-16m,0,step,252,13.282125
controls-16m,0,step,253,7.917500
controls-16m,0,step,254,5.916375
controls-16m,0,step,255,10.621083
controls-16m,0,step,256,0.055708
controls-16m,0,publish-frame,0,0.189625
controls-16m,0,release,0,0.006375
controls-16m,0,total,0,1984.726167
controls-16m,0,cancel-release,0,0.010708
controls-16m,1,step,0,6.247625
controls-16m,1,step,1,8.138500
controls-16m,1,step,2,8.869500
controls-16m,1,step,3,9.241958
controls-16m,1,step,4,7.872083
controls-16m,1,step,5,6.939250
controls-16m,1,step,6,12.330958
controls-16m,1,step,7,9.320125
controls-16m,1,step,8,9.822083
controls-16m,1,step,9,6.001000
controls-16m,1,step,10,6.582500
controls-16m,1,step,11,6.240291
controls-16m,1,step,12,7.424708
controls-16m,1,step,13,11.593209
controls-16m,1,step,14,8.069042
controls-16m,1,step,15,6.473709
controls-16m,1,step,16,6.654000
controls-16m,1,step,17,6.627167
controls-16m,1,step,18,8.791458
controls-16m,1,step,19,6.139209
controls-16m,1,step,20,6.220375
controls-16m,1,step,21,6.434958
controls-16m,1,step,22,5.719375
controls-16m,1,step,23,12.295875
controls-16m,1,step,24,5.691625
controls-16m,1,step,25,8.978375
controls-16m,1,step,26,6.108791
controls-16m,1,step,27,7.530833
controls-16m,1,step,28,6.183084
controls-16m,1,step,29,10.537625
controls-16m,1,step,30,6.540042
controls-16m,1,step,31,6.465625
controls-16m,1,step,32,10.081333
controls-16m,1,step,33,12.568958
controls-16m,1,step,34,10.973167
controls-16m,1,step,35,6.025375
controls-16m,1,step,36,5.738167
controls-16m,1,step,37,8.070333
controls-16m,1,step,38,7.795167
controls-16m,1,step,39,7.861750
controls-16m,1,step,40,6.402125
controls-16m,1,step,41,6.540500
controls-16m,1,step,42,12.405708
controls-16m,1,step,43,6.051959
controls-16m,1,step,44,11.338459
controls-16m,1,step,45,7.528250
controls-16m,1,step,46,5.845459
controls-16m,1,step,47,8.275416
controls-16m,1,step,48,8.590000
controls-16m,1,step,49,11.419708
controls-16m,1,step,50,6.976042
controls-16m,1,step,51,7.712833
controls-16m,1,step,52,8.080459
controls-16m,1,step,53,7.509875
controls-16m,1,step,54,6.963334
controls-16m,1,step,55,6.229250
controls-16m,1,step,56,7.054042
controls-16m,1,step,57,6.241417
controls-16m,1,step,58,8.203375
controls-16m,1,step,59,9.722583
controls-16m,1,step,60,7.072708
controls-16m,1,step,61,6.616333
controls-16m,1,step,62,6.703167
controls-16m,1,step,63,6.224541
controls-16m,1,step,64,9.438084
controls-16m,1,step,65,7.992583
controls-16m,1,step,66,10.312334
controls-16m,1,step,67,6.824750
controls-16m,1,step,68,6.108417
controls-16m,1,step,69,5.834000
controls-16m,1,step,70,7.109541
controls-16m,1,step,71,10.594542
controls-16m,1,step,72,10.266375
controls-16m,1,step,73,11.882542
controls-16m,1,step,74,9.298708
controls-16m,1,step,75,8.128750
controls-16m,1,step,76,14.786417
controls-16m,1,step,77,5.756458
controls-16m,1,step,78,7.349625
controls-16m,1,step,79,7.033792
controls-16m,1,step,80,8.055625
controls-16m,1,step,81,13.120084
controls-16m,1,step,82,13.837208
controls-16m,1,step,83,11.507459
controls-16m,1,step,84,11.099750
controls-16m,1,step,85,11.272541
controls-16m,1,step,86,6.169042
controls-16m,1,step,87,6.387791
controls-16m,1,step,88,5.862000
controls-16m,1,step,89,5.891458
controls-16m,1,step,90,5.751625
controls-16m,1,step,91,5.770417
controls-16m,1,step,92,5.815708
controls-16m,1,step,93,8.726333
controls-16m,1,step,94,8.277459
controls-16m,1,step,95,9.974958
controls-16m,1,step,96,12.985042
controls-16m,1,step,97,7.243541
controls-16m,1,step,98,6.013833
controls-16m,1,step,99,6.329792
controls-16m,1,step,100,10.271250
controls-16m,1,step,101,6.322166
controls-16m,1,step,102,6.275292
controls-16m,1,step,103,10.164208
controls-16m,1,step,104,9.040417
controls-16m,1,step,105,6.771291
controls-16m,1,step,106,6.240167
controls-16m,1,step,107,6.098000
controls-16m,1,step,108,11.506333
controls-16m,1,step,109,11.075375
controls-16m,1,step,110,9.992500
controls-16m,1,step,111,6.445417
controls-16m,1,step,112,8.599917
controls-16m,1,step,113,8.517000
controls-16m,1,step,114,9.733166
controls-16m,1,step,115,12.121250
controls-16m,1,step,116,6.608292
controls-16m,1,step,117,6.730584
controls-16m,1,step,118,6.224791
controls-16m,1,step,119,8.809292
controls-16m,1,step,120,7.469041
controls-16m,1,step,121,9.744375
controls-16m,1,step,122,10.934708
controls-16m,1,step,123,8.054791
controls-16m,1,step,124,7.413042
controls-16m,1,step,125,7.149167
controls-16m,1,step,126,6.490083
controls-16m,1,step,127,9.530875
controls-16m,1,step,128,5.963208
controls-16m,1,step,129,6.232125
controls-16m,1,step,130,6.160709
controls-16m,1,step,131,5.774417
controls-16m,1,step,132,12.116292
controls-16m,1,step,133,6.124375
controls-16m,1,step,134,8.267875
controls-16m,1,step,135,10.864083
controls-16m,1,step,136,6.567500
controls-16m,1,step,137,8.684667
controls-16m,1,step,138,7.169292
controls-16m,1,step,139,8.684500
controls-16m,1,step,140,7.461541
controls-16m,1,step,141,11.387959
controls-16m,1,step,142,15.253167
controls-16m,1,step,143,17.238708
controls-16m,1,step,144,11.506292
controls-16m,1,step,145,12.475500
controls-16m,1,step,146,6.071667
controls-16m,1,step,147,10.283625
controls-16m,1,step,148,9.943417
controls-16m,1,step,149,9.128583
controls-16m,1,step,150,6.612792
controls-16m,1,step,151,7.209167
controls-16m,1,step,152,7.776458
controls-16m,1,step,153,10.642417
controls-16m,1,step,154,11.122375
controls-16m,1,step,155,6.414375
controls-16m,1,step,156,15.691542
controls-16m,1,step,157,7.303416
controls-16m,1,step,158,5.924250
controls-16m,1,step,159,5.885333
controls-16m,1,step,160,10.503333
controls-16m,1,step,161,8.783958
controls-16m,1,step,162,6.860000
controls-16m,1,step,163,10.772500
controls-16m,1,step,164,6.138875
controls-16m,1,step,165,7.423334
controls-16m,1,step,166,7.386750
controls-16m,1,step,167,6.424458
controls-16m,1,step,168,12.129584
controls-16m,1,step,169,6.227792
controls-16m,1,step,170,6.013375
controls-16m,1,step,171,6.171833
controls-16m,1,step,172,12.086750
controls-16m,1,step,173,6.282416
controls-16m,1,step,174,6.535083
controls-16m,1,step,175,6.211542
controls-16m,1,step,176,6.171208
controls-16m,1,step,177,8.288042
controls-16m,1,step,178,6.433916
controls-16m,1,step,179,7.753792
controls-16m,1,step,180,6.003167
controls-16m,1,step,181,7.199167
controls-16m,1,step,182,6.674625
controls-16m,1,step,183,9.704167
controls-16m,1,step,184,8.532500
controls-16m,1,step,185,8.962625
controls-16m,1,step,186,15.549166
controls-16m,1,step,187,12.254833
controls-16m,1,step,188,6.743542
controls-16m,1,step,189,7.221667
controls-16m,1,step,190,7.202500
controls-16m,1,step,191,8.932500
controls-16m,1,step,192,7.482959
controls-16m,1,step,193,6.786709
controls-16m,1,step,194,6.710625
controls-16m,1,step,195,7.014916
controls-16m,1,step,196,5.992750
controls-16m,1,step,197,7.326000
controls-16m,1,step,198,6.079958
controls-16m,1,step,199,6.270583
controls-16m,1,step,200,5.951083
controls-16m,1,step,201,6.375250
controls-16m,1,step,202,6.066542
controls-16m,1,step,203,6.118625
controls-16m,1,step,204,9.849750
controls-16m,1,step,205,12.494041
controls-16m,1,step,206,9.220584
controls-16m,1,step,207,6.448042
controls-16m,1,step,208,6.415875
controls-16m,1,step,209,5.917875
controls-16m,1,step,210,8.970666
controls-16m,1,step,211,5.791375
controls-16m,1,step,212,5.702917
controls-16m,1,step,213,6.124292
controls-16m,1,step,214,5.670500
controls-16m,1,step,215,6.031750
controls-16m,1,step,216,6.138875
controls-16m,1,step,217,6.174750
controls-16m,1,step,218,7.033417
controls-16m,1,step,219,11.801834
controls-16m,1,step,220,6.129458
controls-16m,1,step,221,6.456917
controls-16m,1,step,222,7.821917
controls-16m,1,step,223,17.094500
controls-16m,1,step,224,12.218208
controls-16m,1,step,225,16.946000
controls-16m,1,step,226,8.447750
controls-16m,1,step,227,8.175583
controls-16m,1,step,228,5.888250
controls-16m,1,step,229,5.779084
controls-16m,1,step,230,7.495125
controls-16m,1,step,231,12.492917
controls-16m,1,step,232,6.433667
controls-16m,1,step,233,10.762291
controls-16m,1,step,234,7.394250
controls-16m,1,step,235,8.382584
controls-16m,1,step,236,9.078375
controls-16m,1,step,237,9.479959
controls-16m,1,step,238,8.935834
controls-16m,1,step,239,5.712500
controls-16m,1,step,240,6.549000
controls-16m,1,step,241,5.695792
controls-16m,1,step,242,5.705459
controls-16m,1,step,243,7.236792
controls-16m,1,step,244,6.346166
controls-16m,1,step,245,6.198375
controls-16m,1,step,246,5.954875
controls-16m,1,step,247,10.510166
controls-16m,1,step,248,11.758000
controls-16m,1,step,249,16.104250
controls-16m,1,step,250,17.549083
controls-16m,1,step,251,12.135209
controls-16m,1,step,252,9.690958
controls-16m,1,step,253,13.009625
controls-16m,1,step,254,10.030500
controls-16m,1,step,255,7.726209
controls-16m,1,step,256,0.105208
controls-16m,1,publish-frame,0,0.234917
controls-16m,1,release,0,0.006750
controls-16m,1,total,0,2125.293375
controls-16m,1,cancel-release,0,0.011458
controls-16m,2,step,0,7.679333
controls-16m,2,step,1,6.025791
controls-16m,2,step,2,6.896459
controls-16m,2,step,3,8.439125
controls-16m,2,step,4,8.244542
controls-16m,2,step,5,6.227125
controls-16m,2,step,6,11.247625
controls-16m,2,step,7,8.385416
controls-16m,2,step,8,12.460750
controls-16m,2,step,9,8.602750
controls-16m,2,step,10,5.978250
controls-16m,2,step,11,8.885417
controls-16m,2,step,12,9.299209
controls-16m,2,step,13,5.966792
controls-16m,2,step,14,8.365833
controls-16m,2,step,15,7.131125
controls-16m,2,step,16,10.365291
controls-16m,2,step,17,6.113458
controls-16m,2,step,18,5.784792
controls-16m,2,step,19,5.765250
controls-16m,2,step,20,6.144083
controls-16m,2,step,21,5.845250
controls-16m,2,step,22,6.335958
controls-16m,2,step,23,8.796167
controls-16m,2,step,24,6.551625
controls-16m,2,step,25,8.816708
controls-16m,2,step,26,7.057709
controls-16m,2,step,27,7.709250
controls-16m,2,step,28,5.939584
controls-16m,2,step,29,8.511875
controls-16m,2,step,30,14.819291
controls-16m,2,step,31,6.811917
controls-16m,2,step,32,6.423375
controls-16m,2,step,33,6.306833
controls-16m,2,step,34,6.066459
controls-16m,2,step,35,5.987041
controls-16m,2,step,36,5.967167
controls-16m,2,step,37,6.636917
controls-16m,2,step,38,5.964125
controls-16m,2,step,39,13.141375
controls-16m,2,step,40,6.032041
controls-16m,2,step,41,9.065375
controls-16m,2,step,42,11.755500
controls-16m,2,step,43,6.586458
controls-16m,2,step,44,5.999459
controls-16m,2,step,45,6.427333
controls-16m,2,step,46,8.251459
controls-16m,2,step,47,6.983791
controls-16m,2,step,48,5.911708
controls-16m,2,step,49,5.968667
controls-16m,2,step,50,6.171583
controls-16m,2,step,51,6.312208
controls-16m,2,step,52,5.728875
controls-16m,2,step,53,5.662750
controls-16m,2,step,54,5.965459
controls-16m,2,step,55,7.516541
controls-16m,2,step,56,10.797458
controls-16m,2,step,57,5.756125
controls-16m,2,step,58,6.139041
controls-16m,2,step,59,6.099667
controls-16m,2,step,60,6.047292
controls-16m,2,step,61,5.715708
controls-16m,2,step,62,6.204500
controls-16m,2,step,63,8.568458
controls-16m,2,step,64,14.742042
controls-16m,2,step,65,6.087750
controls-16m,2,step,66,5.802958
controls-16m,2,step,67,5.914917
controls-16m,2,step,68,5.951667
controls-16m,2,step,69,5.684667
controls-16m,2,step,70,6.127792
controls-16m,2,step,71,7.985334
controls-16m,2,step,72,8.800666
controls-16m,2,step,73,6.195792
controls-16m,2,step,74,11.008208
controls-16m,2,step,75,6.082333
controls-16m,2,step,76,14.270917
controls-16m,2,step,77,7.202750
controls-16m,2,step,78,6.753084
controls-16m,2,step,79,6.143667
controls-16m,2,step,80,6.258000
controls-16m,2,step,81,11.097667
controls-16m,2,step,82,8.203375
controls-16m,2,step,83,6.683417
controls-16m,2,step,84,6.912250
controls-16m,2,step,85,13.685042
controls-16m,2,step,86,6.874375
controls-16m,2,step,87,6.220792
controls-16m,2,step,88,6.307417
controls-16m,2,step,89,7.321667
controls-16m,2,step,90,15.694917
controls-16m,2,step,91,7.673416
controls-16m,2,step,92,14.665417
controls-16m,2,step,93,12.747125
controls-16m,2,step,94,7.994292
controls-16m,2,step,95,6.138916
controls-16m,2,step,96,5.692583
controls-16m,2,step,97,5.818375
controls-16m,2,step,98,5.918042
controls-16m,2,step,99,9.421875
controls-16m,2,step,100,5.641209
controls-16m,2,step,101,7.176709
controls-16m,2,step,102,5.853917
controls-16m,2,step,103,6.397333
controls-16m,2,step,104,5.917042
controls-16m,2,step,105,7.144709
controls-16m,2,step,106,6.520750
controls-16m,2,step,107,12.633541
controls-16m,2,step,108,5.913667
controls-16m,2,step,109,8.380000
controls-16m,2,step,110,10.043041
controls-16m,2,step,111,11.497958
controls-16m,2,step,112,5.974167
controls-16m,2,step,113,5.832333
controls-16m,2,step,114,5.829958
controls-16m,2,step,115,6.079292
controls-16m,2,step,116,7.446375
controls-16m,2,step,117,5.706792
controls-16m,2,step,118,5.917792
controls-16m,2,step,119,6.228667
controls-16m,2,step,120,6.637375
controls-16m,2,step,121,10.937209
controls-16m,2,step,122,6.188042
controls-16m,2,step,123,5.744125
controls-16m,2,step,124,7.496375
controls-16m,2,step,125,5.749459
controls-16m,2,step,126,12.515041
controls-16m,2,step,127,6.773083
controls-16m,2,step,128,6.293292
controls-16m,2,step,129,13.038667
controls-16m,2,step,130,5.778666
controls-16m,2,step,131,8.953250
controls-16m,2,step,132,5.789584
controls-16m,2,step,133,10.528375
controls-16m,2,step,134,9.326709
controls-16m,2,step,135,5.773125
controls-16m,2,step,136,8.927125
controls-16m,2,step,137,6.295791
controls-16m,2,step,138,5.773500
controls-16m,2,step,139,6.105250
controls-16m,2,step,140,5.686958
controls-16m,2,step,141,6.428458
controls-16m,2,step,142,6.374167
controls-16m,2,step,143,5.952042
controls-16m,2,step,144,6.417958
controls-16m,2,step,145,6.398000
controls-16m,2,step,146,7.028333
controls-16m,2,step,147,6.194167
controls-16m,2,step,148,7.824459
controls-16m,2,step,149,12.167625
controls-16m,2,step,150,6.226166
controls-16m,2,step,151,11.699750
controls-16m,2,step,152,6.359708
controls-16m,2,step,153,8.360167
controls-16m,2,step,154,10.517708
controls-16m,2,step,155,13.276958
controls-16m,2,step,156,5.714084
controls-16m,2,step,157,5.624667
controls-16m,2,step,158,6.043625
controls-16m,2,step,159,5.956875
controls-16m,2,step,160,6.288709
controls-16m,2,step,161,6.065208
controls-16m,2,step,162,8.269083
controls-16m,2,step,163,9.672333
controls-16m,2,step,164,6.850666
controls-16m,2,step,165,6.349667
controls-16m,2,step,166,8.116750
controls-16m,2,step,167,7.838875
controls-16m,2,step,168,9.224167
controls-16m,2,step,169,6.581833
controls-16m,2,step,170,8.054375
controls-16m,2,step,171,7.730583
controls-16m,2,step,172,11.628750
controls-16m,2,step,173,12.527917
controls-16m,2,step,174,9.514250
controls-16m,2,step,175,9.692625
controls-16m,2,step,176,12.305625
controls-16m,2,step,177,9.381792
controls-16m,2,step,178,10.407833
controls-16m,2,step,179,6.542333
controls-16m,2,step,180,11.832500
controls-16m,2,step,181,7.121292
controls-16m,2,step,182,6.908958
controls-16m,2,step,183,6.227625
controls-16m,2,step,184,6.118625
controls-16m,2,step,185,6.342750
controls-16m,2,step,186,6.205250
controls-16m,2,step,187,6.331583
controls-16m,2,step,188,9.760583
controls-16m,2,step,189,6.286083
controls-16m,2,step,190,6.579916
controls-16m,2,step,191,7.151875
controls-16m,2,step,192,7.694666
controls-16m,2,step,193,6.663500
controls-16m,2,step,194,5.970292
controls-16m,2,step,195,7.428875
controls-16m,2,step,196,6.866750
controls-16m,2,step,197,6.865916
controls-16m,2,step,198,6.765958
controls-16m,2,step,199,7.038541
controls-16m,2,step,200,10.753708
controls-16m,2,step,201,6.062291
controls-16m,2,step,202,8.789417
controls-16m,2,step,203,7.783500
controls-16m,2,step,204,6.325041
controls-16m,2,step,205,6.285375
controls-16m,2,step,206,5.961750
controls-16m,2,step,207,6.216167
controls-16m,2,step,208,6.694167
controls-16m,2,step,209,5.778792
controls-16m,2,step,210,13.282416
controls-16m,2,step,211,6.062250
controls-16m,2,step,212,6.234334
controls-16m,2,step,213,6.194166
controls-16m,2,step,214,9.561542
controls-16m,2,step,215,14.394792
controls-16m,2,step,216,7.528959
controls-16m,2,step,217,6.086375
controls-16m,2,step,218,13.732584
controls-16m,2,step,219,6.244458
controls-16m,2,step,220,9.217250
controls-16m,2,step,221,6.364292
controls-16m,2,step,222,12.748791
controls-16m,2,step,223,6.067167
controls-16m,2,step,224,6.378084
controls-16m,2,step,225,16.452792
controls-16m,2,step,226,7.855416
controls-16m,2,step,227,8.078250
controls-16m,2,step,228,6.250667
controls-16m,2,step,229,6.934958
controls-16m,2,step,230,7.709334
controls-16m,2,step,231,6.152875
controls-16m,2,step,232,6.265166
controls-16m,2,step,233,6.102291
controls-16m,2,step,234,6.109083
controls-16m,2,step,235,10.820000
controls-16m,2,step,236,6.732541
controls-16m,2,step,237,6.262042
controls-16m,2,step,238,6.649417
controls-16m,2,step,239,5.887792
controls-16m,2,step,240,11.209209
controls-16m,2,step,241,7.185875
controls-16m,2,step,242,11.909458
controls-16m,2,step,243,8.300542
controls-16m,2,step,244,7.446625
controls-16m,2,step,245,9.193042
controls-16m,2,step,246,6.299250
controls-16m,2,step,247,6.018208
controls-16m,2,step,248,7.295833
controls-16m,2,step,249,9.585208
controls-16m,2,step,250,7.246458
controls-16m,2,step,251,6.083250
controls-16m,2,step,252,6.683542
controls-16m,2,step,253,13.043833
controls-16m,2,step,254,6.063000
controls-16m,2,step,255,5.639250
controls-16m,2,step,256,0.041041
controls-16m,2,publish-frame,0,0.214125
controls-16m,2,release,0,0.007875
controls-16m,2,total,0,1976.222250
controls-16m,2,cancel-release,0,0.010959
controls-16m,3,step,0,6.858583
controls-16m,3,step,1,8.387125
controls-16m,3,step,2,6.160875
controls-16m,3,step,3,6.411292
controls-16m,3,step,4,14.195250
controls-16m,3,step,5,12.095875
controls-16m,3,step,6,6.369500
controls-16m,3,step,7,6.262083
controls-16m,3,step,8,6.182000
controls-16m,3,step,9,5.688583
controls-16m,3,step,10,10.534000
controls-16m,3,step,11,6.426875
controls-16m,3,step,12,8.243666
controls-16m,3,step,13,13.159583
controls-16m,3,step,14,6.136208
controls-16m,3,step,15,6.306917
controls-16m,3,step,16,6.776208
controls-16m,3,step,17,7.105500
controls-16m,3,step,18,9.753083
controls-16m,3,step,19,8.661125
controls-16m,3,step,20,9.149000
controls-16m,3,step,21,5.956834
controls-16m,3,step,22,12.183750
controls-16m,3,step,23,10.560083
controls-16m,3,step,24,5.845917
controls-16m,3,step,25,6.338000
controls-16m,3,step,26,6.437084
controls-16m,3,step,27,9.036375
controls-16m,3,step,28,9.863500
controls-16m,3,step,29,6.648208
controls-16m,3,step,30,9.505084
controls-16m,3,step,31,8.323583
controls-16m,3,step,32,6.280208
controls-16m,3,step,33,6.099208
controls-16m,3,step,34,8.432167
controls-16m,3,step,35,5.830458
controls-16m,3,step,36,9.286625
controls-16m,3,step,37,9.068125
controls-16m,3,step,38,6.203584
controls-16m,3,step,39,5.718834
controls-16m,3,step,40,6.208584
controls-16m,3,step,41,6.093000
controls-16m,3,step,42,17.348500
controls-16m,3,step,43,6.454625
controls-16m,3,step,44,8.624542
controls-16m,3,step,45,9.030583
controls-16m,3,step,46,6.131416
controls-16m,3,step,47,5.702625
controls-16m,3,step,48,8.120042
controls-16m,3,step,49,5.971917
controls-16m,3,step,50,6.235417
controls-16m,3,step,51,5.706583
controls-16m,3,step,52,9.626458
controls-16m,3,step,53,8.583875
controls-16m,3,step,54,6.039584
controls-16m,3,step,55,6.207208
controls-16m,3,step,56,6.122208
controls-16m,3,step,57,6.118416
controls-16m,3,step,58,6.276958
controls-16m,3,step,59,6.687375
controls-16m,3,step,60,6.106042
controls-16m,3,step,61,5.895667
controls-16m,3,step,62,5.862083
controls-16m,3,step,63,6.421667
controls-16m,3,step,64,12.619334
controls-16m,3,step,65,7.438333
controls-16m,3,step,66,6.172916
controls-16m,3,step,67,6.804458
controls-16m,3,step,68,11.852000
controls-16m,3,step,69,6.000167
controls-16m,3,step,70,6.053042
controls-16m,3,step,71,5.761667
controls-16m,3,step,72,6.162833
controls-16m,3,step,73,5.765083
controls-16m,3,step,74,8.987708
controls-16m,3,step,75,6.160834
controls-16m,3,step,76,6.868709
controls-16m,3,step,77,5.866250
controls-16m,3,step,78,5.681917
controls-16m,3,step,79,9.585500
controls-16m,3,step,80,8.392417
controls-16m,3,step,81,5.769708
controls-16m,3,step,82,5.829667
controls-16m,3,step,83,6.042250
controls-16m,3,step,84,5.701125
controls-16m,3,step,85,5.718667
controls-16m,3,step,86,5.693709
controls-16m,3,step,87,5.633750
controls-16m,3,step,88,7.658125
controls-16m,3,step,89,5.824834
controls-16m,3,step,90,7.091958
controls-16m,3,step,91,6.467250
controls-16m,3,step,92,5.931500
controls-16m,3,step,93,5.718958
controls-16m,3,step,94,6.787083
controls-16m,3,step,95,9.754708
controls-16m,3,step,96,5.947167
controls-16m,3,step,97,8.247625
controls-16m,3,step,98,10.781500
controls-16m,3,step,99,8.055875
controls-16m,3,step,100,5.920417
controls-16m,3,step,101,10.406833
controls-16m,3,step,102,6.434166
controls-16m,3,step,103,6.200792
controls-16m,3,step,104,5.843459
controls-16m,3,step,105,6.294333
controls-16m,3,step,106,12.859084
controls-16m,3,step,107,6.735834
controls-16m,3,step,108,5.969625
controls-16m,3,step,109,6.161167
controls-16m,3,step,110,8.341666
controls-16m,3,step,111,12.099584
controls-16m,3,step,112,5.855208
controls-16m,3,step,113,8.609292
controls-16m,3,step,114,8.347375
controls-16m,3,step,115,6.977416
controls-16m,3,step,116,6.546834
controls-16m,3,step,117,9.028041
controls-16m,3,step,118,6.564791
controls-16m,3,step,119,6.297750
controls-16m,3,step,120,6.240125
controls-16m,3,step,121,6.842417
controls-16m,3,step,122,11.325958
controls-16m,3,step,123,6.075083
controls-16m,3,step,124,6.130167
controls-16m,3,step,125,5.667417
controls-16m,3,step,126,6.202250
controls-16m,3,step,127,12.072583
controls-16m,3,step,128,5.784375
controls-16m,3,step,129,6.114709
controls-16m,3,step,130,5.630166
controls-16m,3,step,131,6.208250
controls-16m,3,step,132,5.988417
controls-16m,3,step,133,5.715792
controls-16m,3,step,134,5.779334
controls-16m,3,step,135,6.065000
controls-16m,3,step,136,5.864000
controls-16m,3,step,137,6.584625
controls-16m,3,step,138,5.996084
controls-16m,3,step,139,6.079125
controls-16m,3,step,140,5.966750
controls-16m,3,step,141,10.061584
controls-16m,3,step,142,7.934459
controls-16m,3,step,143,5.719042
controls-16m,3,step,144,5.700792
controls-16m,3,step,145,5.691166
controls-16m,3,step,146,6.045167
controls-16m,3,step,147,6.096333
controls-16m,3,step,148,5.629750
controls-16m,3,step,149,7.130875
controls-16m,3,step,150,6.203959
controls-16m,3,step,151,6.234000
controls-16m,3,step,152,11.615750
controls-16m,3,step,153,6.069500
controls-16m,3,step,154,6.816584
controls-16m,3,step,155,6.752250
controls-16m,3,step,156,7.445000
controls-16m,3,step,157,7.364167
controls-16m,3,step,158,11.802750
controls-16m,3,step,159,6.028959
controls-16m,3,step,160,6.556750
controls-16m,3,step,161,6.272458
controls-16m,3,step,162,6.856375
controls-16m,3,step,163,6.736917
controls-16m,3,step,164,8.094333
controls-16m,3,step,165,6.183709
controls-16m,3,step,166,8.740291
controls-16m,3,step,167,9.177500
controls-16m,3,step,168,5.831458
controls-16m,3,step,169,5.722792
controls-16m,3,step,170,6.200791
controls-16m,3,step,171,6.057250
controls-16m,3,step,172,7.633416
controls-16m,3,step,173,5.973167
controls-16m,3,step,174,5.723459
controls-16m,3,step,175,6.230084
controls-16m,3,step,176,6.306459
controls-16m,3,step,177,5.952125
controls-16m,3,step,178,5.850750
controls-16m,3,step,179,5.637791
controls-16m,3,step,180,7.759209
controls-16m,3,step,181,6.265042
controls-16m,3,step,182,12.455792
controls-16m,3,step,183,6.865500
controls-16m,3,step,184,6.267333
controls-16m,3,step,185,6.149458
controls-16m,3,step,186,6.379542
controls-16m,3,step,187,5.687041
controls-16m,3,step,188,6.613792
controls-16m,3,step,189,11.905041
controls-16m,3,step,190,6.037292
controls-16m,3,step,191,5.672959
controls-16m,3,step,192,5.723959
controls-16m,3,step,193,5.653459
controls-16m,3,step,194,5.667375
controls-16m,3,step,195,5.656166
controls-16m,3,step,196,5.654459
controls-16m,3,step,197,6.076375
controls-16m,3,step,198,6.126625
controls-16m,3,step,199,8.459917
controls-16m,3,step,200,12.196250
controls-16m,3,step,201,8.422084
controls-16m,3,step,202,13.034125
controls-16m,3,step,203,6.381000
controls-16m,3,step,204,10.528375
controls-16m,3,step,205,5.825333
controls-16m,3,step,206,14.168459
controls-16m,3,step,207,7.931792
controls-16m,3,step,208,6.041375
controls-16m,3,step,209,6.049292
controls-16m,3,step,210,6.046250
controls-16m,3,step,211,5.824625
controls-16m,3,step,212,5.714750
controls-16m,3,step,213,5.735125
controls-16m,3,step,214,5.616625
controls-16m,3,step,215,5.705292
controls-16m,3,step,216,5.745750
controls-16m,3,step,217,5.707875
controls-16m,3,step,218,14.691375
controls-16m,3,step,219,6.038167
controls-16m,3,step,220,6.629334
controls-16m,3,step,221,7.342541
controls-16m,3,step,222,10.600666
controls-16m,3,step,223,6.157333
controls-16m,3,step,224,7.070250
controls-16m,3,step,225,7.066375
controls-16m,3,step,226,6.183292
controls-16m,3,step,227,8.052792
controls-16m,3,step,228,6.210375
controls-16m,3,step,229,6.628792
controls-16m,3,step,230,5.734375
controls-16m,3,step,231,10.399166
controls-16m,3,step,232,6.084417
controls-16m,3,step,233,6.070500
controls-16m,3,step,234,10.929125
controls-16m,3,step,235,5.776875
controls-16m,3,step,236,5.861708
controls-16m,3,step,237,5.664833
controls-16m,3,step,238,5.724750
controls-16m,3,step,239,6.171791
controls-16m,3,step,240,5.998500
controls-16m,3,step,241,5.906958
controls-16m,3,step,242,5.857292
controls-16m,3,step,243,6.959750
controls-16m,3,step,244,7.036417
controls-16m,3,step,245,9.637000
controls-16m,3,step,246,10.296208
controls-16m,3,step,247,6.040708
controls-16m,3,step,248,7.144375
controls-16m,3,step,249,8.833042
controls-16m,3,step,250,12.095041
controls-16m,3,step,251,7.321458
controls-16m,3,step,252,9.904375
controls-16m,3,step,253,5.970750
controls-16m,3,step,254,5.824541
controls-16m,3,step,255,6.603917
controls-16m,3,step,256,0.043875
controls-16m,3,publish-frame,0,0.143250
controls-16m,3,release,0,0.005000
controls-16m,3,total,0,1859.324708
controls-16m,3,cancel-release,0,0.012209
controls-16m,4,step,0,11.742833
controls-16m,4,step,1,8.236958
controls-16m,4,step,2,8.741292
controls-16m,4,step,3,5.950833
controls-16m,4,step,4,6.979042
controls-16m,4,step,5,9.367500
controls-16m,4,step,6,6.708084
controls-16m,4,step,7,6.363167
controls-16m,4,step,8,7.325708
controls-16m,4,step,9,13.342208
controls-16m,4,step,10,6.610250
controls-16m,4,step,11,6.008166
controls-16m,4,step,12,7.484458
controls-16m,4,step,13,8.653166
controls-16m,4,step,14,7.697958
controls-16m,4,step,15,5.894750
controls-16m,4,step,16,5.977792
controls-16m,4,step,17,6.266792
controls-16m,4,step,18,6.318916
controls-16m,4,step,19,6.443625
controls-16m,4,step,20,6.277125
controls-16m,4,step,21,7.472334
controls-16m,4,step,22,5.768708
controls-16m,4,step,23,6.386750
controls-16m,4,step,24,7.750750
controls-16m,4,step,25,5.890250
controls-16m,4,step,26,6.018125
controls-16m,4,step,27,6.298292
controls-16m,4,step,28,7.554500
controls-16m,4,step,29,6.309625
controls-16m,4,step,30,6.212417
controls-16m,4,step,31,6.479167
controls-16m,4,step,32,6.610334
controls-16m,4,step,33,9.114792
controls-16m,4,step,34,7.850542
controls-16m,4,step,35,7.169625
controls-16m,4,step,36,6.768416
controls-16m,4,step,37,8.371792
controls-16m,4,step,38,9.964417
controls-16m,4,step,39,8.022583
controls-16m,4,step,40,6.132583
controls-16m,4,step,41,9.690583
controls-16m,4,step,42,11.085333
controls-16m,4,step,43,5.763042
controls-16m,4,step,44,5.710458
controls-16m,4,step,45,5.957291
controls-16m,4,step,46,9.515291
controls-16m,4,step,47,12.942834
controls-16m,4,step,48,6.517375
controls-16m,4,step,49,5.746208
controls-16m,4,step,50,6.080458
controls-16m,4,step,51,5.694334
controls-16m,4,step,52,6.143792
controls-16m,4,step,53,6.447125
controls-16m,4,step,54,5.849875
controls-16m,4,step,55,7.840167
controls-16m,4,step,56,11.019084
controls-16m,4,step,57,5.736542
controls-16m,4,step,58,5.768458
controls-16m,4,step,59,5.745750
controls-16m,4,step,60,5.671417
controls-16m,4,step,61,6.021042
controls-16m,4,step,62,5.645166
controls-16m,4,step,63,9.841458
controls-16m,4,step,64,6.477584
controls-16m,4,step,65,7.912917
controls-16m,4,step,66,8.246792
controls-16m,4,step,67,6.446250
controls-16m,4,step,68,6.452208
controls-16m,4,step,69,7.827875
controls-16m,4,step,70,8.720208
controls-16m,4,step,71,5.914125
controls-16m,4,step,72,11.062166
controls-16m,4,step,73,6.685125
controls-16m,4,step,74,8.884458
controls-16m,4,step,75,8.940959
controls-16m,4,step,76,9.689958
controls-16m,4,step,77,8.715334
controls-16m,4,step,78,9.920917
controls-16m,4,step,79,7.027500
controls-16m,4,step,80,10.330250
controls-16m,4,step,81,8.338875
controls-16m,4,step,82,6.237917
controls-16m,4,step,83,5.952292
controls-16m,4,step,84,5.903125
controls-16m,4,step,85,5.900708
controls-16m,4,step,86,6.038792
controls-16m,4,step,87,8.848750
controls-16m,4,step,88,6.331416
controls-16m,4,step,89,6.140291
controls-16m,4,step,90,7.141333
controls-16m,4,step,91,6.012958
controls-16m,4,step,92,6.274958
controls-16m,4,step,93,15.962125
controls-16m,4,step,94,10.791625
controls-16m,4,step,95,9.156833
controls-16m,4,step,96,9.525666
controls-16m,4,step,97,9.686250
controls-16m,4,step,98,6.001750
controls-16m,4,step,99,16.711625
controls-16m,4,step,100,6.141292
controls-16m,4,step,101,10.493958
controls-16m,4,step,102,6.062708
controls-16m,4,step,103,6.028042
controls-16m,4,step,104,7.514291
controls-16m,4,step,105,6.184667
controls-16m,4,step,106,5.971084
controls-16m,4,step,107,6.142625
controls-16m,4,step,108,6.038791
controls-16m,4,step,109,9.296208
controls-16m,4,step,110,6.412333
controls-16m,4,step,111,7.032542
controls-16m,4,step,112,6.835000
controls-16m,4,step,113,7.774917
controls-16m,4,step,114,7.592084
controls-16m,4,step,115,6.289292
controls-16m,4,step,116,6.829916
controls-16m,4,step,117,6.644250
controls-16m,4,step,118,6.444708
controls-16m,4,step,119,5.927916
controls-16m,4,step,120,6.920833
controls-16m,4,step,121,6.830958
controls-16m,4,step,122,8.185125
controls-16m,4,step,123,7.738834
controls-16m,4,step,124,14.914750
controls-16m,4,step,125,8.472500
controls-16m,4,step,126,7.302292
controls-16m,4,step,127,6.676667
controls-16m,4,step,128,6.618834
controls-16m,4,step,129,12.333541
controls-16m,4,step,130,6.941167
controls-16m,4,step,131,10.282875
controls-16m,4,step,132,6.320416
controls-16m,4,step,133,7.512666
controls-16m,4,step,134,6.098291
controls-16m,4,step,135,5.933292
controls-16m,4,step,136,5.963583
controls-16m,4,step,137,7.790000
controls-16m,4,step,138,8.770542
controls-16m,4,step,139,6.692083
controls-16m,4,step,140,6.371875
controls-16m,4,step,141,6.793292
controls-16m,4,step,142,8.863417
controls-16m,4,step,143,13.720916
controls-16m,4,step,144,6.712333
controls-16m,4,step,145,6.007875
controls-16m,4,step,146,9.109042
controls-16m,4,step,147,6.912375
controls-16m,4,step,148,11.357000
controls-16m,4,step,149,6.103833
controls-16m,4,step,150,6.165875
controls-16m,4,step,151,10.045416
controls-16m,4,step,152,8.840667
controls-16m,4,step,153,6.211417
controls-16m,4,step,154,12.270167
controls-16m,4,step,155,6.088500
controls-16m,4,step,156,9.251250
controls-16m,4,step,157,6.087500
controls-16m,4,step,158,6.409041
controls-16m,4,step,159,6.280000
controls-16m,4,step,160,6.643500
controls-16m,4,step,161,13.135958
controls-16m,4,step,162,6.871750
controls-16m,4,step,163,6.455708
controls-16m,4,step,164,6.684500
controls-16m,4,step,165,6.303459
controls-16m,4,step,166,5.810417
controls-16m,4,step,167,9.183958
controls-16m,4,step,168,8.242250
controls-16m,4,step,169,6.772708
controls-16m,4,step,170,6.545416
controls-16m,4,step,171,8.548958
controls-16m,4,step,172,8.010125
controls-16m,4,step,173,6.852833
controls-16m,4,step,174,10.210917
controls-16m,4,step,175,14.639791
controls-16m,4,step,176,7.116625
controls-16m,4,step,177,8.958000
controls-16m,4,step,178,10.985000
controls-16m,4,step,179,7.147042
controls-16m,4,step,180,6.623834
controls-16m,4,step,181,6.475875
controls-16m,4,step,182,9.590541
controls-16m,4,step,183,6.355500
controls-16m,4,step,184,10.255500
controls-16m,4,step,185,8.647292
controls-16m,4,step,186,8.351292
controls-16m,4,step,187,10.411667
controls-16m,4,step,188,9.374250
controls-16m,4,step,189,6.120959
controls-16m,4,step,190,6.292417
controls-16m,4,step,191,7.675000
controls-16m,4,step,192,6.411708
controls-16m,4,step,193,9.069000
controls-16m,4,step,194,10.559708
controls-16m,4,step,195,6.934417
controls-16m,4,step,196,6.370791
controls-16m,4,step,197,6.397792
controls-16m,4,step,198,12.656417
controls-16m,4,step,199,6.375375
controls-16m,4,step,200,7.322458
controls-16m,4,step,201,6.163167
controls-16m,4,step,202,5.651833
controls-16m,4,step,203,6.137000
controls-16m,4,step,204,6.502042
controls-16m,4,step,205,6.129125
controls-16m,4,step,206,6.888208
controls-16m,4,step,207,12.478916
controls-16m,4,step,208,6.489167
controls-16m,4,step,209,6.198584
controls-16m,4,step,210,6.297541
controls-16m,4,step,211,6.437125
controls-16m,4,step,212,6.022291
controls-16m,4,step,213,9.796875
controls-16m,4,step,214,8.877000
controls-16m,4,step,215,5.934250
controls-16m,4,step,216,12.617416
controls-16m,4,step,217,6.308041
controls-16m,4,step,218,6.461000
controls-16m,4,step,219,9.476459
controls-16m,4,step,220,7.132458
controls-16m,4,step,221,6.253000
controls-16m,4,step,222,5.996459
controls-16m,4,step,223,7.109125
controls-16m,4,step,224,8.823000
controls-16m,4,step,225,6.785250
controls-16m,4,step,226,14.137292
controls-16m,4,step,227,11.771375
controls-16m,4,step,228,10.453792
controls-16m,4,step,229,7.558709
controls-16m,4,step,230,11.680458
controls-16m,4,step,231,6.756708
controls-16m,4,step,232,6.272833
controls-16m,4,step,233,6.024875
controls-16m,4,step,234,5.772958
controls-16m,4,step,235,9.359792
controls-16m,4,step,236,9.971292
controls-16m,4,step,237,5.679166
controls-16m,4,step,238,6.067000
controls-16m,4,step,239,6.118416
controls-16m,4,step,240,6.349292
controls-16m,4,step,241,12.978292
controls-16m,4,step,242,7.420208
controls-16m,4,step,243,11.398042
controls-16m,4,step,244,5.969583
controls-16m,4,step,245,12.137250
controls-16m,4,step,246,6.069750
controls-16m,4,step,247,6.000750
controls-16m,4,step,248,12.324458
controls-16m,4,step,249,6.068583
controls-16m,4,step,250,5.712541
controls-16m,4,step,251,6.064959
controls-16m,4,step,252,5.809958
controls-16m,4,step,253,5.636458
controls-16m,4,step,254,5.639375
controls-16m,4,step,255,10.873625
controls-16m,4,step,256,0.048125
controls-16m,4,publish-frame,0,0.158625
controls-16m,4,release,0,0.004833
controls-16m,4,total,0,1979.467667
controls-16m,4,cancel-release,0,0.009625
mixed-16m,0,step,0,5.829750
mixed-16m,0,step,1,3.296958
mixed-16m,0,step,2,4.175083
mixed-16m,0,step,3,3.117250
mixed-16m,0,step,4,3.083000
mixed-16m,0,step,5,4.172667
mixed-16m,0,step,6,7.946125
mixed-16m,0,step,7,3.128583
mixed-16m,0,step,8,3.078000
mixed-16m,0,step,9,3.139500
mixed-16m,0,step,10,3.164750
mixed-16m,0,step,11,3.149209
mixed-16m,0,step,12,3.136791
mixed-16m,0,step,13,3.091500
mixed-16m,0,step,14,3.156583
mixed-16m,0,step,15,3.138875
mixed-16m,0,step,16,3.242708
mixed-16m,0,step,17,5.511417
mixed-16m,0,step,18,4.575666
mixed-16m,0,step,19,3.123167
mixed-16m,0,step,20,4.836667
mixed-16m,0,step,21,8.358125
mixed-16m,0,step,22,3.155208
mixed-16m,0,step,23,3.112833
mixed-16m,0,step,24,3.171792
mixed-16m,0,step,25,5.460791
mixed-16m,0,step,26,7.634333
mixed-16m,0,step,27,3.408000
mixed-16m,0,step,28,3.318166
mixed-16m,0,step,29,3.256750
mixed-16m,0,step,30,3.306833
mixed-16m,0,step,31,3.325459
mixed-16m,0,step,32,4.070541
mixed-16m,0,step,33,5.624666
mixed-16m,0,step,34,8.219417
mixed-16m,0,step,35,3.176416
mixed-16m,0,step,36,3.210833
mixed-16m,0,step,37,3.202875
mixed-16m,0,step,38,4.528417
mixed-16m,0,step,39,3.217375
mixed-16m,0,step,40,3.255083
mixed-16m,0,step,41,7.854791
mixed-16m,0,step,42,9.364625
mixed-16m,0,step,43,4.358375
mixed-16m,0,step,44,6.761583
mixed-16m,0,step,45,4.353125
mixed-16m,0,step,46,3.361458
mixed-16m,0,step,47,4.326875
mixed-16m,0,step,48,5.407333
mixed-16m,0,step,49,3.906292
mixed-16m,0,step,50,3.372833
mixed-16m,0,step,51,4.554125
mixed-16m,0,step,52,5.087583
mixed-16m,0,step,53,7.139333
mixed-16m,0,step,54,7.971333
mixed-16m,0,step,55,5.265583
mixed-16m,0,step,56,3.254208
mixed-16m,0,step,57,3.176583
mixed-16m,0,step,58,3.329250
mixed-16m,0,step,59,6.177209
mixed-16m,0,step,60,3.501917
mixed-16m,0,step,61,3.374792
mixed-16m,0,step,62,3.356625
mixed-16m,0,step,63,3.211209
mixed-16m,0,step,64,3.147042
mixed-16m,0,step,65,3.222750
mixed-16m,0,step,66,3.200292
mixed-16m,0,step,67,3.117458
mixed-16m,0,step,68,4.864167
mixed-16m,0,step,69,7.995667
mixed-16m,0,step,70,3.135333
mixed-16m,0,step,71,3.098208
mixed-16m,0,step,72,3.071875
mixed-16m,0,step,73,3.068750
mixed-16m,0,step,74,3.202042
mixed-16m,0,step,75,3.100041
mixed-16m,0,step,76,3.121042
mixed-16m,0,step,77,3.165166
mixed-16m,0,step,78,3.101041
mixed-16m,0,step,79,3.112916
mixed-16m,0,step,80,3.185667
mixed-16m,0,step,81,4.065042
mixed-16m,0,step,82,3.067667
mixed-16m,0,step,83,3.085167
mixed-16m,0,step,84,5.645834
mixed-16m,0,step,85,7.267000
mixed-16m,0,step,86,3.106458
mixed-16m,0,step,87,3.066750
mixed-16m,0,step,88,3.090750
mixed-16m,0,step,89,3.081083
mixed-16m,0,step,90,3.089708
mixed-16m,0,step,91,3.070416
mixed-16m,0,step,92,3.079292
mixed-16m,0,step,93,3.148792
mixed-16m,0,step,94,3.039416
mixed-16m,0,step,95,3.122875
mixed-16m,0,step,96,3.102417
mixed-16m,0,step,97,3.070208
mixed-16m,0,step,98,5.581750
mixed-16m,0,step,99,7.233208
mixed-16m,0,step,100,3.300709
mixed-16m,0,step,101,3.116875
mixed-16m,0,step,102,3.232125
mixed-16m,0,step,103,3.136333
mixed-16m,0,step,104,3.103375
mixed-16m,0,step,105,3.068750
mixed-16m,0,step,106,4.364125
mixed-16m,0,step,107,9.376166
mixed-16m,0,step,108,3.520708
mixed-16m,0,step,109,3.370375
mixed-16m,0,step,110,3.280833
mixed-16m,0,step,111,9.299000
mixed-16m,0,step,112,5.015084
mixed-16m,0,step,113,3.191750
mixed-16m,0,step,114,4.057083
mixed-16m,0,step,115,3.162208
mixed-16m,0,step,116,3.221417
mixed-16m,0,step,117,4.793584
mixed-16m,0,step,118,3.360416
mixed-16m,0,step,119,3.345542
mixed-16m,0,step,120,3.197500
mixed-16m,0,step,121,3.269458
mixed-16m,0,step,122,3.177042
mixed-16m,0,step,123,3.127042
mixed-16m,0,step,124,3.193291
mixed-16m,0,step,125,3.215541
mixed-16m,0,step,126,7.026083
mixed-16m,0,step,127,5.960291
mixed-16m,0,step,128,3.155416
mixed-16m,0,step,129,3.089292
mixed-16m,0,step,130,3.260375
mixed-16m,0,step,131,3.156042
mixed-16m,0,step,132,3.205459
mixed-16m,0,step,133,3.125208
mixed-16m,0,step,134,3.077958
mixed-16m,0,step,135,3.177750
mixed-16m,0,step,136,3.150583
mixed-16m,0,step,137,3.152709
mixed-16m,0,step,138,3.125583
mixed-16m,0,step,139,3.502417
mixed-16m,0,step,140,3.202917
mixed-16m,0,step,141,3.099083
mixed-16m,0,step,142,3.085750
mixed-16m,0,step,143,3.151916
mixed-16m,0,step,144,3.147167
mixed-16m,0,step,145,3.110625
mixed-16m,0,step,146,3.087792
mixed-16m,0,step,147,3.139917
mixed-16m,0,step,148,3.258209
mixed-16m,0,step,149,3.109125
mixed-16m,0,step,150,3.082000
mixed-16m,0,step,151,4.467333
mixed-16m,0,step,152,8.981417
mixed-16m,0,step,153,3.139709
mixed-16m,0,step,154,3.067500
mixed-16m,0,step,155,3.068625
mixed-16m,0,step,156,3.202667
mixed-16m,0,step,157,3.139500
mixed-16m,0,step,158,3.736583
mixed-16m,0,step,159,3.314166
mixed-16m,0,step,160,3.610333
mixed-16m,0,step,161,3.328250
mixed-16m,0,step,162,3.336250
mixed-16m,0,step,163,3.261583
mixed-16m,0,step,164,3.140250
mixed-16m,0,step,165,3.196083
mixed-16m,0,step,166,3.214875
mixed-16m,0,step,167,7.887083
mixed-16m,0,step,168,6.010750
mixed-16m,0,step,169,7.950500
mixed-16m,0,step,170,3.169292
mixed-16m,0,step,171,3.127917
mixed-16m,0,step,172,3.331792
mixed-16m,0,step,173,8.597375
mixed-16m,0,step,174,3.341459
mixed-16m,0,step,175,3.353542
mixed-16m,0,step,176,3.262625
mixed-16m,0,step,177,4.611625
mixed-16m,0,step,178,8.441583
mixed-16m,0,step,179,3.324750
mixed-16m,0,step,180,3.209666
mixed-16m,0,step,181,3.631000
mixed-16m,0,step,182,7.394709
mixed-16m,0,step,183,3.595666
mixed-16m,0,step,184,3.131916
mixed-16m,0,step,185,3.320375
mixed-16m,0,step,186,5.136375
mixed-16m,0,step,187,5.352958
mixed-16m,0,step,188,3.256875
mixed-16m,0,step,189,3.575042
mixed-16m,0,step,190,3.192500
mixed-16m,0,step,191,3.347958
mixed-16m,0,step,192,3.270500
mixed-16m,0,step,193,3.294458
mixed-16m,0,step,194,3.527417
mixed-16m,0,step,195,3.609709
mixed-16m,0,step,196,4.505250
mixed-16m,0,step,197,8.704875
mixed-16m,0,step,198,3.298416
mixed-16m,0,step,199,3.240750
mixed-16m,0,step,200,3.098708
mixed-16m,0,step,201,3.481166
mixed-16m,0,step,202,3.180084
mixed-16m,0,step,203,3.098542
mixed-16m,0,step,204,3.074333
mixed-16m,0,step,205,3.421083
mixed-16m,0,step,206,3.165750
mixed-16m,0,step,207,3.197209
mixed-16m,0,step,208,3.100167
mixed-16m,0,step,209,3.127208
mixed-16m,0,step,210,3.119583
mixed-16m,0,step,211,3.234292
mixed-16m,0,step,212,3.077417
mixed-16m,0,step,213,3.177167
mixed-16m,0,step,214,3.267125
mixed-16m,0,step,215,3.245750
mixed-16m,0,step,216,3.106833
mixed-16m,0,step,217,3.329209
mixed-16m,0,step,218,5.202667
mixed-16m,0,step,219,3.190667
mixed-16m,0,step,220,3.223500
mixed-16m,0,step,221,4.124667
mixed-16m,0,step,222,6.120834
mixed-16m,0,step,223,3.386667
mixed-16m,0,step,224,3.213667
mixed-16m,0,step,225,3.292542
mixed-16m,0,step,226,3.951792
mixed-16m,0,step,227,3.123959
mixed-16m,0,step,228,3.047000
mixed-16m,0,step,229,3.119875
mixed-16m,0,step,230,3.610666
mixed-16m,0,step,231,3.195083
mixed-16m,0,step,232,3.228375
mixed-16m,0,step,233,3.247333
mixed-16m,0,step,234,3.396417
mixed-16m,0,step,235,3.440375
mixed-16m,0,step,236,4.399334
mixed-16m,0,step,237,5.634334
mixed-16m,0,step,238,3.330792
mixed-16m,0,step,239,5.298958
mixed-16m,0,step,240,3.591542
mixed-16m,0,step,241,8.458333
mixed-16m,0,step,242,3.368708
mixed-16m,0,step,243,3.439000
mixed-16m,0,step,244,5.419417
mixed-16m,0,step,245,4.386125
mixed-16m,0,step,246,3.596250
mixed-16m,0,step,247,9.146541
mixed-16m,0,step,248,4.993125
mixed-16m,0,step,249,3.330291
mixed-16m,0,step,250,3.289333
mixed-16m,0,step,251,6.354916
mixed-16m,0,step,252,3.304875
mixed-16m,0,step,253,3.128375
mixed-16m,0,step,254,3.193375
mixed-16m,0,step,255,3.204000
mixed-16m,0,step,256,0.032916
mixed-16m,0,publish-frame,0,0.138250
mixed-16m,0,release,0,0.005083
mixed-16m,0,total,0,1020.579625
mixed-16m,0,cancel-release,0,0.012084
mixed-16m,1,step,0,3.225792
mixed-16m,1,step,1,3.192834
mixed-16m,1,step,2,3.695584
mixed-16m,1,step,3,3.110375
mixed-16m,1,step,4,3.106542
mixed-16m,1,step,5,8.239416
mixed-16m,1,step,6,6.045708
mixed-16m,1,step,7,3.369667
mixed-16m,1,step,8,3.165208
mixed-16m,1,step,9,8.223791
mixed-16m,1,step,10,3.238167
mixed-16m,1,step,11,3.196000
mixed-16m,1,step,12,3.513500
mixed-16m,1,step,13,3.575667
mixed-16m,1,step,14,3.229334
mixed-16m,1,step,15,3.266167
mixed-16m,1,step,16,3.183958
mixed-16m,1,step,17,3.303208
mixed-16m,1,step,18,3.183750
mixed-16m,1,step,19,3.375041
mixed-16m,1,step,20,3.303292
mixed-16m,1,step,21,3.161916
mixed-16m,1,step,22,3.187917
mixed-16m,1,step,23,3.189708
mixed-16m,1,step,24,3.831459
mixed-16m,1,step,25,3.818208
mixed-16m,1,step,26,3.189167
mixed-16m,1,step,27,3.066417
mixed-16m,1,step,28,3.075292
mixed-16m,1,step,29,3.107166
mixed-16m,1,step,30,3.217333
mixed-16m,1,step,31,3.084666
mixed-16m,1,step,32,3.080334
mixed-16m,1,step,33,3.062334
mixed-16m,1,step,34,3.107459
mixed-16m,1,step,35,3.363334
mixed-16m,1,step,36,3.087292
mixed-16m,1,step,37,3.094250
mixed-16m,1,step,38,3.067125
mixed-16m,1,step,39,3.133750
mixed-16m,1,step,40,3.083917
mixed-16m,1,step,41,3.163125
mixed-16m,1,step,42,3.352834
mixed-16m,1,step,43,3.236750
mixed-16m,1,step,44,3.158500
mixed-16m,1,step,45,3.101083
mixed-16m,1,step,46,3.126292
mixed-16m,1,step,47,3.111625
mixed-16m,1,step,48,3.063333
mixed-16m,1,step,49,3.072709
mixed-16m,1,step,50,3.147542
mixed-16m,1,step,51,3.105708
mixed-16m,1,step,52,3.078333
mixed-16m,1,step,53,3.191000
mixed-16m,1,step,54,3.072542
mixed-16m,1,step,55,3.124875
mixed-16m,1,step,56,3.128750
mixed-16m,1,step,57,3.176625
mixed-16m,1,step,58,3.140584
mixed-16m,1,step,59,3.149459
mixed-16m,1,step,60,3.206375
mixed-16m,1,step,61,3.244167
mixed-16m,1,step,62,3.097250
mixed-16m,1,step,63,3.528208
mixed-16m,1,step,64,3.272583
mixed-16m,1,step,65,3.263083
mixed-16m,1,step,66,3.129083
mixed-16m,1,step,67,3.151125
mixed-16m,1,step,68,3.190875
mixed-16m,1,step,69,3.225666
mixed-16m,1,step,70,3.566542
mixed-16m,1,step,71,3.200000
mixed-16m,1,step,72,3.335541
mixed-16m,1,step,73,5.030917
mixed-16m,1,step,74,3.281584
mixed-16m,1,step,75,3.302959
mixed-16m,1,step,76,3.195875
mixed-16m,1,step,77,3.293042
mixed-16m,1,step,78,3.509084
mixed-16m,1,step,79,3.174541
mixed-16m,1,step,80,3.291917
mixed-16m,1,step,81,3.385958
mixed-16m,1,step,82,3.336958
mixed-16m,1,step,83,3.252291
mixed-16m,1,step,84,3.342667
mixed-16m,1,step,85,3.131250
mixed-16m,1,step,86,3.154875
mixed-16m,1,step,87,4.058208
mixed-16m,1,step,88,3.345500
mixed-16m,1,step,89,3.703458
mixed-16m,1,step,90,3.205625
mixed-16m,1,step,91,8.963583
mixed-16m,1,step,92,5.065833
mixed-16m,1,step,93,3.176167
mixed-16m,1,step,94,3.302458
mixed-16m,1,step,95,6.643292
mixed-16m,1,step,96,9.202125
mixed-16m,1,step,97,9.043125
mixed-16m,1,step,98,6.560375
mixed-16m,1,step,99,3.234583
mixed-16m,1,step,100,3.168291
mixed-16m,1,step,101,4.893791
mixed-16m,1,step,102,6.480042
mixed-16m,1,step,103,3.140083
mixed-16m,1,step,104,3.077167
mixed-16m,1,step,105,3.105916
mixed-16m,1,step,106,3.194167
mixed-16m,1,step,107,3.071500
mixed-16m,1,step,108,3.154209
mixed-16m,1,step,109,3.121584
mixed-16m,1,step,110,3.664458
mixed-16m,1,step,111,4.602625
mixed-16m,1,step,112,4.641042
mixed-16m,1,step,113,8.572792
mixed-16m,1,step,114,4.775125
mixed-16m,1,step,115,3.353833
mixed-16m,1,step,116,3.166042
mixed-16m,1,step,117,3.105208
mixed-16m,1,step,118,3.195125
mixed-16m,1,step,119,3.090541
mixed-16m,1,step,120,3.289167
mixed-16m,1,step,121,3.139875
mixed-16m,1,step,122,3.136625
mixed-16m,1,step,123,3.277750
mixed-16m,1,step,124,3.416167
mixed-16m,1,step,125,3.312333
mixed-16m,1,step,126,4.066792
mixed-16m,1,step,127,9.306833
mixed-16m,1,step,128,5.872667
mixed-16m,1,step,129,3.209625
mixed-16m,1,step,130,3.314917
mixed-16m,1,step,131,4.078500
mixed-16m,1,step,132,9.913667
mixed-16m,1,step,133,3.243208
mixed-16m,1,step,134,3.504583
mixed-16m,1,step,135,4.523791
mixed-16m,1,step,136,6.234458
mixed-16m,1,step,137,4.241583
mixed-16m,1,step,138,3.219375
mixed-16m,1,step,139,3.250208
mixed-16m,1,step,140,3.436416
mixed-16m,1,step,141,3.423000
mixed-16m,1,step,142,3.565375
mixed-16m,1,step,143,3.314625
mixed-16m,1,step,144,3.702709
mixed-16m,1,step,145,3.258417
mixed-16m,1,step,146,3.644959
mixed-16m,1,step,147,6.202833
mixed-16m,1,step,148,3.323334
mixed-16m,1,step,149,4.352917
mixed-16m,1,step,150,6.452917
mixed-16m,1,step,151,3.674500
mixed-16m,1,step,152,5.998708
mixed-16m,1,step,153,3.786500
mixed-16m,1,step,154,6.744000
mixed-16m,1,step,155,6.380750
mixed-16m,1,step,156,3.108208
mixed-16m,1,step,157,3.222500
mixed-16m,1,step,158,3.203167
mixed-16m,1,step,159,3.170750
mixed-16m,1,step,160,5.678958
mixed-16m,1,step,161,4.584167
mixed-16m,1,step,162,3.323750
mixed-16m,1,step,163,3.169625
mixed-16m,1,step,164,3.179334
mixed-16m,1,step,165,3.171250
mixed-16m,1,step,166,4.032500
mixed-16m,1,step,167,9.189708
mixed-16m,1,step,168,4.985541
mixed-16m,1,step,169,8.413750
mixed-16m,1,step,170,5.001459
mixed-16m,1,step,171,6.545875
mixed-16m,1,step,172,3.396500
mixed-16m,1,step,173,3.197750
mixed-16m,1,step,174,3.341625
mixed-16m,1,step,175,9.420041
mixed-16m,1,step,176,3.459666
mixed-16m,1,step,177,3.786750
mixed-16m,1,step,178,4.924959
mixed-16m,1,step,179,3.333125
mixed-16m,1,step,180,3.249791
mixed-16m,1,step,181,3.146791
mixed-16m,1,step,182,3.312209
mixed-16m,1,step,183,6.931083
mixed-16m,1,step,184,9.680083
mixed-16m,1,step,185,3.541458
mixed-16m,1,step,186,6.441458
mixed-16m,1,step,187,4.786666
mixed-16m,1,step,188,3.298791
mixed-16m,1,step,189,3.210625
mixed-16m,1,step,190,3.211750
mixed-16m,1,step,191,3.232792
mixed-16m,1,step,192,3.233625
mixed-16m,1,step,193,3.215250
mixed-16m,1,step,194,3.218958
mixed-16m,1,step,195,2.936833
mixed-16m,1,step,196,3.033500
mixed-16m,1,step,197,3.236541
mixed-16m,1,step,198,3.216125
mixed-16m,1,step,199,3.271625
mixed-16m,1,step,200,3.461042
mixed-16m,1,step,201,3.355834
mixed-16m,1,step,202,3.252084
mixed-16m,1,step,203,3.381334
mixed-16m,1,step,204,4.522000
mixed-16m,1,step,205,4.133958
mixed-16m,1,step,206,5.471708
mixed-16m,1,step,207,6.305792
mixed-16m,1,step,208,3.165584
mixed-16m,1,step,209,4.033291
mixed-16m,1,step,210,3.421625
mixed-16m,1,step,211,3.403500
mixed-16m,1,step,212,3.338000
mixed-16m,1,step,213,4.395208
mixed-16m,1,step,214,3.221875
mixed-16m,1,step,215,3.451875
mixed-16m,1,step,216,3.310417
mixed-16m,1,step,217,3.160125
mixed-16m,1,step,218,3.256667
mixed-16m,1,step,219,3.175375
mixed-16m,1,step,220,3.216250
mixed-16m,1,step,221,3.195667
mixed-16m,1,step,222,3.239750
mixed-16m,1,step,223,3.251125
mixed-16m,1,step,224,3.202625
mixed-16m,1,step,225,3.146667
mixed-16m,1,step,226,3.349084
mixed-16m,1,step,227,3.171375
mixed-16m,1,step,228,3.127334
mixed-16m,1,step,229,3.215709
mixed-16m,1,step,230,3.141042
mixed-16m,1,step,231,3.184583
mixed-16m,1,step,232,3.381292
mixed-16m,1,step,233,3.181458
mixed-16m,1,step,234,3.400083
mixed-16m,1,step,235,3.321084
mixed-16m,1,step,236,3.292666
mixed-16m,1,step,237,3.295458
mixed-16m,1,step,238,3.303875
mixed-16m,1,step,239,3.271375
mixed-16m,1,step,240,3.352375
mixed-16m,1,step,241,3.340709
mixed-16m,1,step,242,3.350834
mixed-16m,1,step,243,3.449959
mixed-16m,1,step,244,3.180750
mixed-16m,1,step,245,3.108584
mixed-16m,1,step,246,3.304917
mixed-16m,1,step,247,3.192041
mixed-16m,1,step,248,3.144166
mixed-16m,1,step,249,3.114875
mixed-16m,1,step,250,3.148958
mixed-16m,1,step,251,3.278833
mixed-16m,1,step,252,3.165500
mixed-16m,1,step,253,3.213375
mixed-16m,1,step,254,3.220459
mixed-16m,1,step,255,3.142042
mixed-16m,1,step,256,0.023042
mixed-16m,1,publish-frame,0,0.149875
mixed-16m,1,release,0,0.005292
mixed-16m,1,total,0,982.734584
mixed-16m,1,cancel-release,0,0.009917
mixed-16m,2,step,0,3.323375
mixed-16m,2,step,1,3.436625
mixed-16m,2,step,2,3.319959
mixed-16m,2,step,3,3.346041
mixed-16m,2,step,4,3.368333
mixed-16m,2,step,5,3.339167
mixed-16m,2,step,6,3.416750
mixed-16m,2,step,7,3.428709
mixed-16m,2,step,8,3.440584
mixed-16m,2,step,9,3.757459
mixed-16m,2,step,10,3.206000
mixed-16m,2,step,11,3.239500
mixed-16m,2,step,12,3.160542
mixed-16m,2,step,13,3.229292
mixed-16m,2,step,14,4.946583
mixed-16m,2,step,15,8.048833
mixed-16m,2,step,16,3.267583
mixed-16m,2,step,17,3.310416
mixed-16m,2,step,18,3.110709
mixed-16m,2,step,19,8.605625
mixed-16m,2,step,20,4.622875
mixed-16m,2,step,21,3.400125
mixed-16m,2,step,22,3.363209
mixed-16m,2,step,23,6.242917
mixed-16m,2,step,24,3.454292
mixed-16m,2,step,25,4.022208
mixed-16m,2,step,26,4.386333
mixed-16m,2,step,27,9.679625
mixed-16m,2,step,28,8.528417
mixed-16m,2,step,29,7.315333
mixed-16m,2,step,30,3.119375
mixed-16m,2,step,31,5.950500
mixed-16m,2,step,32,6.959667
mixed-16m,2,step,33,7.560708
mixed-16m,2,step,34,3.392458
mixed-16m,2,step,35,3.279041
mixed-16m,2,step,36,3.318750
mixed-16m,2,step,37,5.211708
mixed-16m,2,step,38,6.274875
mixed-16m,2,step,39,3.375875
mixed-16m,2,step,40,3.452000
mixed-16m,2,step,41,3.623667
mixed-16m,2,step,42,3.391167
mixed-16m,2,step,43,4.300125
mixed-16m,2,step,44,3.449833
mixed-16m,2,step,45,3.589500
mixed-16m,2,step,46,3.342375
mixed-16m,2,step,47,3.251709
mixed-16m,2,step,48,3.319959
mixed-16m,2,step,49,3.216458
mixed-16m,2,step,50,3.182916
mixed-16m,2,step,51,3.248667
mixed-16m,2,step,52,3.236041
mixed-16m,2,step,53,3.682833
mixed-16m,2,step,54,89.263166
mixed-16m,2,step,55,3.499750
mixed-16m,2,step,56,28.253958
mixed-16m,2,step,57,3.112250
mixed-16m,2,step,58,9.530542
mixed-16m,2,step,59,3.664458
mixed-16m,2,step,60,4.128875
mixed-16m,2,step,61,4.021417
mixed-16m,2,step,62,3.514750
mixed-16m,2,step,63,4.788125
mixed-16m,2,step,64,3.861375
mixed-16m,2,step,65,4.210333
mixed-16m,2,step,66,4.375083
mixed-16m,2,step,67,45.739667
mixed-16m,2,step,68,3.300291
mixed-16m,2,step,69,3.437583
mixed-16m,2,step,70,6.571041
mixed-16m,2,step,71,5.055083
mixed-16m,2,step,72,3.179083
mixed-16m,2,step,73,5.854375
mixed-16m,2,step,74,9.144416
mixed-16m,2,step,75,5.993458
mixed-16m,2,step,76,4.268958
mixed-16m,2,step,77,5.155458
mixed-16m,2,step,78,6.122834
mixed-16m,2,step,79,4.019167
mixed-16m,2,step,80,6.439291
mixed-16m,2,step,81,6.209625
mixed-16m,2,step,82,7.475750
mixed-16m,2,step,83,4.703250
mixed-16m,2,step,84,4.326458
mixed-16m,2,step,85,3.365042
mixed-16m,2,step,86,3.418917
mixed-16m,2,step,87,3.541000
mixed-16m,2,step,88,3.412542
mixed-16m,2,step,89,3.763250
mixed-16m,2,step,90,3.294208
mixed-16m,2,step,91,6.564250
mixed-16m,2,step,92,3.518292
mixed-16m,2,step,93,4.606792
mixed-16m,2,step,94,7.780292
mixed-16m,2,step,95,3.504000
mixed-16m,2,step,96,3.355375
mixed-16m,2,step,97,3.607792
mixed-16m,2,step,98,3.441083
mixed-16m,2,step,99,3.722792
mixed-16m,2,step,100,4.068042
mixed-16m,2,step,101,8.225083
mixed-16m,2,step,102,4.584208
mixed-16m,2,step,103,3.804375
mixed-16m,2,step,104,3.458333
mixed-16m,2,step,105,3.627625
mixed-16m,2,step,106,4.419208
mixed-16m,2,step,107,5.196792
mixed-16m,2,step,108,4.909917
mixed-16m,2,step,109,6.266375
mixed-16m,2,step,110,3.781042
mixed-16m,2,step,111,6.097792
mixed-16m,2,step,112,3.941542
mixed-16m,2,step,113,4.214917
mixed-16m,2,step,114,3.385500
mixed-16m,2,step,115,3.456542
mixed-16m,2,step,116,3.946167
mixed-16m,2,step,117,3.262291
mixed-16m,2,step,118,3.642000
mixed-16m,2,step,119,5.774500
mixed-16m,2,step,120,5.323833
mixed-16m,2,step,121,5.162833
mixed-16m,2,step,122,3.547917
mixed-16m,2,step,123,7.844541
mixed-16m,2,step,124,7.167208
mixed-16m,2,step,125,4.157000
mixed-16m,2,step,126,3.594916
mixed-16m,2,step,127,4.325875
mixed-16m,2,step,128,3.677709
mixed-16m,2,step,129,4.958750
mixed-16m,2,step,130,3.778833
mixed-16m,2,step,131,3.587875
mixed-16m,2,step,132,8.418708
mixed-16m,2,step,133,4.878334
mixed-16m,2,step,134,3.254459
mixed-16m,2,step,135,3.380584
mixed-16m,2,step,136,3.339209
mixed-16m,2,step,137,6.850292
mixed-16m,2,step,138,3.520208
mixed-16m,2,step,139,3.838542
mixed-16m,2,step,140,3.660750
mixed-16m,2,step,141,5.375958
mixed-16m,2,step,142,7.808459
mixed-16m,2,step,143,3.784666
mixed-16m,2,step,144,3.641000
mixed-16m,2,step,145,3.573959
mixed-16m,2,step,146,3.851125
mixed-16m,2,step,147,3.715709
mixed-16m,2,step,148,3.509417
mixed-16m,2,step,149,4.351459
mixed-16m,2,step,150,4.861416
mixed-16m,2,step,151,5.298958
mixed-16m,2,step,152,3.533500
mixed-16m,2,step,153,3.538083
mixed-16m,2,step,154,4.424958
mixed-16m,2,step,155,3.935917
mixed-16m,2,step,156,3.762375
mixed-16m,2,step,157,5.081875
mixed-16m,2,step,158,4.769792
mixed-16m,2,step,159,4.856583
mixed-16m,2,step,160,6.691125
mixed-16m,2,step,161,3.352500
mixed-16m,2,step,162,3.458333
mixed-16m,2,step,163,3.218375
mixed-16m,2,step,164,6.281000
mixed-16m,2,step,165,3.498625
mixed-16m,2,step,166,3.145584
mixed-16m,2,step,167,4.071500
mixed-16m,2,step,168,7.965791
mixed-16m,2,step,169,3.230792
mixed-16m,2,step,170,3.210417
mixed-16m,2,step,171,3.200958
mixed-16m,2,step,172,8.357583
mixed-16m,2,step,173,8.867625
mixed-16m,2,step,174,3.188000
mixed-16m,2,step,175,3.250291
mixed-16m,2,step,176,3.138166
mixed-16m,2,step,177,3.225917
mixed-16m,2,step,178,3.892292
mixed-16m,2,step,179,6.555500
mixed-16m,2,step,180,3.260834
mixed-16m,2,step,181,3.285083
mixed-16m,2,step,182,3.198041
mixed-16m,2,step,183,3.283375
mixed-16m,2,step,184,3.180209
mixed-16m,2,step,185,3.213708
mixed-16m,2,step,186,3.155334
mixed-16m,2,step,187,8.368166
mixed-16m,2,step,188,4.672625
mixed-16m,2,step,189,8.467625
mixed-16m,2,step,190,3.207000
mixed-16m,2,step,191,3.243250
mixed-16m,2,step,192,3.162541
mixed-16m,2,step,193,3.168584
mixed-16m,2,step,194,3.546167
mixed-16m,2,step,195,3.111167
mixed-16m,2,step,196,3.163667
mixed-16m,2,step,197,7.855167
mixed-16m,2,step,198,5.089000
mixed-16m,2,step,199,3.155667
mixed-16m,2,step,200,3.138750
mixed-16m,2,step,201,4.114625
mixed-16m,2,step,202,3.617167
mixed-16m,2,step,203,4.099750
mixed-16m,2,step,204,5.152417
mixed-16m,2,step,205,3.553584
mixed-16m,2,step,206,3.990958
mixed-16m,2,step,207,3.281458
mixed-16m,2,step,208,3.171791
mixed-16m,2,step,209,3.183000
mixed-16m,2,step,210,8.629583
mixed-16m,2,step,211,4.411250
mixed-16m,2,step,212,3.237667
mixed-16m,2,step,213,3.183291
mixed-16m,2,step,214,3.128666
mixed-16m,2,step,215,3.216375
mixed-16m,2,step,216,3.294666
mixed-16m,2,step,217,3.228209
mixed-16m,2,step,218,3.285667
mixed-16m,2,step,219,3.281792
mixed-16m,2,step,220,3.279333
mixed-16m,2,step,221,3.160209
mixed-16m,2,step,222,3.136417
mixed-16m,2,step,223,3.107625
mixed-16m,2,step,224,3.230625
mixed-16m,2,step,225,3.253625
mixed-16m,2,step,226,3.271917
mixed-16m,2,step,227,3.336584
mixed-16m,2,step,228,7.562083
mixed-16m,2,step,229,5.385791
mixed-16m,2,step,230,3.217416
mixed-16m,2,step,231,3.163500
mixed-16m,2,step,232,3.207291
mixed-16m,2,step,233,4.603750
mixed-16m,2,step,234,5.598917
mixed-16m,2,step,235,7.177625
mixed-16m,2,step,236,3.958583
mixed-16m,2,step,237,3.396084
mixed-16m,2,step,238,8.076958
mixed-16m,2,step,239,5.375792
mixed-16m,2,step,240,3.154500
mixed-16m,2,step,241,5.049458
mixed-16m,2,step,242,3.224125
mixed-16m,2,step,243,3.630500
mixed-16m,2,step,244,7.204625
mixed-16m,2,step,245,3.214041
mixed-16m,2,step,246,6.368042
mixed-16m,2,step,247,4.314584
mixed-16m,2,step,248,4.371958
mixed-16m,2,step,249,3.145542
mixed-16m,2,step,250,3.182041
mixed-16m,2,step,251,3.197875
mixed-16m,2,step,252,3.301750
mixed-16m,2,step,253,4.192625
mixed-16m,2,step,254,8.869667
mixed-16m,2,step,255,3.359750
mixed-16m,2,step,256,0.050416
mixed-16m,2,publish-frame,0,0.139500
mixed-16m,2,release,0,0.005667
mixed-16m,2,total,0,1273.503250
mixed-16m,2,cancel-release,0,0.012166
mixed-16m,3,step,0,5.903958
mixed-16m,3,step,1,7.178584
mixed-16m,3,step,2,3.657125
mixed-16m,3,step,3,3.308541
mixed-16m,3,step,4,3.332125
mixed-16m,3,step,5,3.336459
mixed-16m,3,step,6,3.271834
mixed-16m,3,step,7,3.229292
mixed-16m,3,step,8,3.206417
mixed-16m,3,step,9,3.302625
mixed-16m,3,step,10,3.293459
mixed-16m,3,step,11,3.367959
mixed-16m,3,step,12,3.314375
mixed-16m,3,step,13,3.568500
mixed-16m,3,step,14,4.838625
mixed-16m,3,step,15,8.481458
mixed-16m,3,step,16,3.254083
mixed-16m,3,step,17,3.253541
mixed-16m,3,step,18,3.201709
mixed-16m,3,step,19,3.366000
mixed-16m,3,step,20,3.804625
mixed-16m,3,step,21,3.205333
mixed-16m,3,step,22,3.400291
mixed-16m,3,step,23,4.613333
mixed-16m,3,step,24,8.390083
mixed-16m,3,step,25,3.309084
mixed-16m,3,step,26,3.269791
mixed-16m,3,step,27,3.285958
mixed-16m,3,step,28,5.674167
mixed-16m,3,step,29,7.380125
mixed-16m,3,step,30,3.332625
mixed-16m,3,step,31,3.426875
mixed-16m,3,step,32,3.493417
mixed-16m,3,step,33,3.317666
mixed-16m,3,step,34,3.322542
mixed-16m,3,step,35,6.148375
mixed-16m,3,step,36,3.523083
mixed-16m,3,step,37,3.298416
mixed-16m,3,step,38,6.515209
mixed-16m,3,step,39,3.216709
mixed-16m,3,step,40,3.234375
mixed-16m,3,step,41,3.247375
mixed-16m,3,step,42,7.348458
mixed-16m,3,step,43,5.469541
mixed-16m,3,step,44,4.051375
mixed-16m,3,step,45,3.197375
mixed-16m,3,step,46,5.134875
mixed-16m,3,step,47,4.309792
mixed-16m,3,step,48,3.202958
mixed-16m,3,step,49,3.237250
mixed-16m,3,step,50,3.234750
mixed-16m,3,step,51,3.226917
mixed-16m,3,step,52,4.437042
mixed-16m,3,step,53,3.404708
mixed-16m,3,step,54,3.257709
mixed-16m,3,step,55,3.257083
mixed-16m,3,step,56,3.236708
mixed-16m,3,step,57,3.290375
mixed-16m,3,step,58,3.693292
mixed-16m,3,step,59,3.182250
mixed-16m,3,step,60,3.254292
mixed-16m,3,step,61,3.162000
mixed-16m,3,step,62,3.167000
mixed-16m,3,step,63,3.126584
mixed-16m,3,step,64,3.193083
mixed-16m,3,step,65,3.898625
mixed-16m,3,step,66,44.432458
mixed-16m,3,step,67,3.391583
mixed-16m,3,step,68,4.241125
mixed-16m,3,step,69,3.515584
mixed-16m,3,step,70,3.514292
mixed-16m,3,step,71,24.470208
mixed-16m,3,step,72,22.378625
mixed-16m,3,step,73,10.894875
mixed-16m,3,step,74,3.130500
mixed-16m,3,step,75,6.186583
mixed-16m,3,step,76,9.045500
mixed-16m,3,step,77,6.890542
mixed-16m,3,step,78,3.522500
mixed-16m,3,step,79,3.253625
mixed-16m,3,step,80,3.182250
mixed-16m,3,step,81,3.256250
mixed-16m,3,step,82,5.356208
mixed-16m,3,step,83,5.951708
mixed-16m,3,step,84,3.237750
mixed-16m,3,step,85,3.670708
mixed-16m,3,step,86,5.409375
mixed-16m,3,step,87,3.549209
mixed-16m,3,step,88,4.289459
mixed-16m,3,step,89,3.215250
mixed-16m,3,step,90,3.278791
mixed-16m,3,step,91,3.232459
mixed-16m,3,step,92,4.429917
mixed-16m,3,step,93,5.401792
mixed-16m,3,step,94,4.831750
mixed-16m,3,step,95,3.261625
mixed-16m,3,step,96,3.368416
mixed-16m,3,step,97,3.255417
mixed-16m,3,step,98,3.311750
mixed-16m,3,step,99,3.251625
mixed-16m,3,step,100,3.309916
mixed-16m,3,step,101,3.496417
mixed-16m,3,step,102,3.243916
mixed-16m,3,step,103,3.633166
mixed-16m,3,step,104,3.816750
mixed-16m,3,step,105,3.733125
mixed-16m,3,step,106,3.321166
mixed-16m,3,step,107,4.365125
mixed-16m,3,step,108,8.880916
mixed-16m,3,step,109,3.174084
mixed-16m,3,step,110,3.257916
mixed-16m,3,step,111,3.475000
mixed-16m,3,step,112,8.725500
mixed-16m,3,step,113,4.872375
mixed-16m,3,step,114,3.253042
mixed-16m,3,step,115,6.571750
mixed-16m,3,step,116,5.133625
mixed-16m,3,step,117,3.210792
mixed-16m,3,step,118,4.446583
mixed-16m,3,step,119,3.156291
mixed-16m,3,step,120,3.256667
mixed-16m,3,step,121,3.135625
mixed-16m,3,step,122,3.276292
mixed-16m,3,step,123,3.234542
mixed-16m,3,step,124,3.184333
mixed-16m,3,step,125,3.140542
mixed-16m,3,step,126,3.257875
mixed-16m,3,step,127,3.171625
mixed-16m,3,step,128,3.080666
mixed-16m,3,step,129,3.148042
mixed-16m,3,step,130,3.118667
mixed-16m,3,step,131,3.775583
mixed-16m,3,step,132,3.164625
mixed-16m,3,step,133,3.117417
mixed-16m,3,step,134,3.146542
mixed-16m,3,step,135,3.198875
mixed-16m,3,step,136,3.164250
mixed-16m,3,step,137,3.089083
mixed-16m,3,step,138,3.154917
mixed-16m,3,step,139,9.042625
mixed-16m,3,step,140,3.928709
mixed-16m,3,step,141,3.168333
mixed-16m,3,step,142,3.233000
mixed-16m,3,step,143,3.259208
mixed-16m,3,step,144,3.144125
mixed-16m,3,step,145,4.917916
mixed-16m,3,step,146,3.238833
mixed-16m,3,step,147,3.357666
mixed-16m,3,step,148,3.296959
mixed-16m,3,step,149,3.334208
mixed-16m,3,step,150,9.140958
mixed-16m,3,step,151,3.907625
mixed-16m,3,step,152,3.136584
mixed-16m,3,step,153,3.151959
mixed-16m,3,step,154,3.258292
mixed-16m,3,step,155,3.382750
mixed-16m,3,step,156,3.236792
mixed-16m,3,step,157,3.239750
mixed-16m,3,step,158,5.605917
mixed-16m,3,step,159,3.593959
mixed-16m,3,step,160,4.702500
mixed-16m,3,step,161,3.273209
mixed-16m,3,step,162,4.006833
mixed-16m,3,step,163,3.291958
mixed-16m,3,step,164,3.286125
mixed-16m,3,step,165,3.331750
mixed-16m,3,step,166,3.517083
mixed-16m,3,step,167,5.796083
mixed-16m,3,step,168,3.206584
mixed-16m,3,step,169,3.135542
mixed-16m,3,step,170,3.095208
mixed-16m,3,step,171,3.183458
mixed-16m,3,step,172,3.137250
mixed-16m,3,step,173,3.108583
mixed-16m,3,step,174,5.838208
mixed-16m,3,step,175,6.292959
mixed-16m,3,step,176,3.290625
mixed-16m,3,step,177,3.291208
mixed-16m,3,step,178,3.302625
mixed-16m,3,step,179,3.282875
mixed-16m,3,step,180,3.377292
mixed-16m,3,step,181,3.199334
mixed-16m,3,step,182,3.239625
mixed-16m,3,step,183,3.159459
mixed-16m,3,step,184,3.244500
mixed-16m,3,step,185,3.204542
mixed-16m,3,step,186,7.161334
mixed-16m,3,step,187,7.501458
mixed-16m,3,step,188,3.817083
mixed-16m,3,step,189,3.591166
mixed-16m,3,step,190,4.965625
mixed-16m,3,step,191,3.239208
mixed-16m,3,step,192,3.243542
mixed-16m,3,step,193,4.198417
mixed-16m,3,step,194,9.188625
mixed-16m,3,step,195,4.401959
mixed-16m,3,step,196,3.246833
mixed-16m,3,step,197,3.347625
mixed-16m,3,step,198,7.757375
mixed-16m,3,step,199,5.325792
mixed-16m,3,step,200,3.288542
mixed-16m,3,step,201,3.283750
mixed-16m,3,step,202,3.189125
mixed-16m,3,step,203,3.259750
mixed-16m,3,step,204,3.307167
mixed-16m,3,step,205,8.249292
mixed-16m,3,step,206,3.351833
mixed-16m,3,step,207,3.101417
mixed-16m,3,step,208,3.104083
mixed-16m,3,step,209,3.271584
mixed-16m,3,step,210,3.115542
mixed-16m,3,step,211,3.108750
mixed-16m,3,step,212,3.156792
mixed-16m,3,step,213,3.206500
mixed-16m,3,step,214,3.273791
mixed-16m,3,step,215,4.298459
mixed-16m,3,step,216,3.166875
mixed-16m,3,step,217,3.150375
mixed-16m,3,step,218,3.785750
mixed-16m,3,step,219,7.585875
mixed-16m,3,step,220,3.247541
mixed-16m,3,step,221,3.186167
mixed-16m,3,step,222,3.917417
mixed-16m,3,step,223,3.807042
mixed-16m,3,step,224,3.126750
mixed-16m,3,step,225,3.216250
mixed-16m,3,step,226,3.564541
mixed-16m,3,step,227,3.114375
mixed-16m,3,step,228,3.122042
mixed-16m,3,step,229,5.718958
mixed-16m,3,step,230,7.228042
mixed-16m,3,step,231,3.146250
mixed-16m,3,step,232,3.133833
mixed-16m,3,step,233,3.085583
mixed-16m,3,step,234,3.117042
mixed-16m,3,step,235,3.111166
mixed-16m,3,step,236,3.095625
mixed-16m,3,step,237,9.012583
mixed-16m,3,step,238,3.882583
mixed-16m,3,step,239,3.255000
mixed-16m,3,step,240,6.040209
mixed-16m,3,step,241,5.829167
mixed-16m,3,step,242,3.520834
mixed-16m,3,step,243,4.708208
mixed-16m,3,step,244,3.279750
mixed-16m,3,step,245,9.270417
mixed-16m,3,step,246,5.815084
mixed-16m,3,step,247,3.290958
mixed-16m,3,step,248,3.155375
mixed-16m,3,step,249,3.152333
mixed-16m,3,step,250,3.167333
mixed-16m,3,step,251,6.887750
mixed-16m,3,step,252,7.189041
mixed-16m,3,step,253,3.123125
mixed-16m,3,step,254,3.118917
mixed-16m,3,step,255,4.195208
mixed-16m,3,step,256,0.084708
mixed-16m,3,publish-frame,0,0.340375
mixed-16m,3,release,0,0.011834
mixed-16m,3,total,0,1118.500583
mixed-16m,3,cancel-release,0,0.008666
mixed-16m,4,step,0,3.119666
mixed-16m,4,step,1,3.071542
mixed-16m,4,step,2,3.090125
mixed-16m,4,step,3,3.930000
mixed-16m,4,step,4,8.873416
mixed-16m,4,step,5,3.117708
mixed-16m,4,step,6,3.105542
mixed-16m,4,step,7,3.108958
mixed-16m,4,step,8,4.265250
mixed-16m,4,step,9,3.111917
mixed-16m,4,step,10,3.328417
mixed-16m,4,step,11,11.754834
mixed-16m,4,step,12,7.115708
mixed-16m,4,step,13,6.532334
mixed-16m,4,step,14,3.468875
mixed-16m,4,step,15,8.972500
mixed-16m,4,step,16,9.160042
mixed-16m,4,step,17,9.031959
mixed-16m,4,step,18,4.278458
mixed-16m,4,step,19,5.278709
mixed-16m,4,step,20,4.946042
mixed-16m,4,step,21,3.212750
mixed-16m,4,step,22,3.157250
mixed-16m,4,step,23,3.158792
mixed-16m,4,step,24,3.220917
mixed-16m,4,step,25,3.572375
mixed-16m,4,step,26,8.131417
mixed-16m,4,step,27,4.939667
mixed-16m,4,step,28,16.528750
mixed-16m,4,step,29,4.261459
mixed-16m,4,step,30,5.743750
mixed-16m,4,step,31,6.171000
mixed-16m,4,step,32,4.179292
mixed-16m,4,step,33,5.710042
mixed-16m,4,step,34,6.009208
mixed-16m,4,step,35,6.777500
mixed-16m,4,step,36,4.037917
mixed-16m,4,step,37,5.310208
mixed-16m,4,step,38,3.223041
mixed-16m,4,step,39,5.050042
mixed-16m,4,step,40,3.241708
mixed-16m,4,step,41,3.410959
mixed-16m,4,step,42,3.683083
mixed-16m,4,step,43,3.394458
mixed-16m,4,step,44,4.824083
mixed-16m,4,step,45,3.205792
mixed-16m,4,step,46,3.243250
mixed-16m,4,step,47,3.383084
mixed-16m,4,step,48,4.457958
mixed-16m,4,step,49,3.298958
mixed-16m,4,step,50,3.274084
mixed-16m,4,step,51,4.927958
mixed-16m,4,step,52,4.165875
mixed-16m,4,step,53,3.875333
mixed-16m,4,step,54,3.067250
mixed-16m,4,step,55,3.101500
mixed-16m,4,step,56,4.131083
mixed-16m,4,step,57,4.455875
mixed-16m,4,step,58,3.256333
mixed-16m,4,step,59,3.144416
mixed-16m,4,step,60,7.952625
mixed-16m,4,step,61,5.023583
mixed-16m,4,step,62,3.156917
mixed-16m,4,step,63,3.239333
mixed-16m,4,step,64,6.376792
mixed-16m,4,step,65,6.510791
mixed-16m,4,step,66,3.223417
mixed-16m,4,step,67,3.088417
mixed-16m,4,step,68,3.115417
mixed-16m,4,step,69,3.159958
mixed-16m,4,step,70,3.081875
mixed-16m,4,step,71,3.109000
mixed-16m,4,step,72,3.057042
mixed-16m,4,step,73,3.201584
mixed-16m,4,step,74,3.241542
mixed-16m,4,step,75,3.098750
mixed-16m,4,step,76,3.138333
mixed-16m,4,step,77,3.354208
mixed-16m,4,step,78,6.025208
mixed-16m,4,step,79,6.822959
mixed-16m,4,step,80,5.806458
mixed-16m,4,step,81,8.548708
mixed-16m,4,step,82,5.794208
mixed-16m,4,step,83,3.646458
mixed-16m,4,step,84,7.843750
mixed-16m,4,step,85,4.313291
mixed-16m,4,step,86,5.222250
mixed-16m,4,step,87,9.168000
mixed-16m,4,step,88,4.005750
mixed-16m,4,step,89,5.471333
mixed-16m,4,step,90,4.867667
mixed-16m,4,step,91,7.215083
mixed-16m,4,step,92,3.704625
mixed-16m,4,step,93,4.339417
mixed-16m,4,step,94,5.241667
mixed-16m,4,step,95,8.825084
mixed-16m,4,step,96,3.693583
mixed-16m,4,step,97,3.422875
mixed-16m,4,step,98,3.977250
mixed-16m,4,step,99,3.796833
mixed-16m,4,step,100,3.767292
mixed-16m,4,step,101,4.911458
mixed-16m,4,step,102,7.082625
mixed-16m,4,step,103,3.580875
mixed-16m,4,step,104,3.307875
mixed-16m,4,step,105,3.575917
mixed-16m,4,step,106,5.088750
mixed-16m,4,step,107,3.325583
mixed-16m,4,step,108,3.529083
mixed-16m,4,step,109,9.750584
mixed-16m,4,step,110,5.926250
mixed-16m,4,step,111,10.351834
mixed-16m,4,step,112,3.554834
mixed-16m,4,step,113,3.460166
mixed-16m,4,step,114,10.364208
mixed-16m,4,step,115,3.741792
mixed-16m,4,step,116,3.863416
mixed-16m,4,step,117,6.512541
mixed-16m,4,step,118,11.760792
mixed-16m,4,step,119,6.119125
mixed-16m,4,step,120,6.290584
mixed-16m,4,step,121,3.396417
mixed-16m,4,step,122,3.478625
mixed-16m,4,step,123,6.259708
mixed-16m,4,step,124,9.618625
mixed-16m,4,step,125,6.415500
mixed-16m,4,step,126,5.819333
mixed-16m,4,step,127,5.203500
mixed-16m,4,step,128,4.301083
mixed-16m,4,step,129,3.752166
mixed-16m,4,step,130,4.769791
mixed-16m,4,step,131,5.567375
mixed-16m,4,step,132,3.626833
mixed-16m,4,step,133,3.488084
mixed-16m,4,step,134,4.112542
mixed-16m,4,step,135,5.225417
mixed-16m,4,step,136,5.825917
mixed-16m,4,step,137,7.891875
mixed-16m,4,step,138,5.496500
mixed-16m,4,step,139,4.590917
mixed-16m,4,step,140,7.949625
mixed-16m,4,step,141,3.757042
mixed-16m,4,step,142,11.838541
mixed-16m,4,step,143,3.958583
mixed-16m,4,step,144,3.652458
mixed-16m,4,step,145,3.497625
mixed-16m,4,step,146,4.622875
mixed-16m,4,step,147,4.590000
mixed-16m,4,step,148,5.519750
mixed-16m,4,step,149,3.411959
mixed-16m,4,step,150,3.609458
mixed-16m,4,step,151,8.530000
mixed-16m,4,step,152,5.095000
mixed-16m,4,step,153,8.217084
mixed-16m,4,step,154,6.400209
mixed-16m,4,step,155,4.878083
mixed-16m,4,step,156,3.401125
mixed-16m,4,step,157,7.967750
mixed-16m,4,step,158,4.600458
mixed-16m,4,step,159,7.257500
mixed-16m,4,step,160,3.485167
mixed-16m,4,step,161,4.329625
mixed-16m,4,step,162,5.496375
mixed-16m,4,step,163,13.065459
mixed-16m,4,step,164,4.742792
mixed-16m,4,step,165,4.542834
mixed-16m,4,step,166,3.201666
mixed-16m,4,step,167,3.827875
mixed-16m,4,step,168,3.324375
mixed-16m,4,step,169,3.314250
mixed-16m,4,step,170,3.761083
mixed-16m,4,step,171,3.400709
mixed-16m,4,step,172,3.118958
mixed-16m,4,step,173,3.428958
mixed-16m,4,step,174,3.359125
mixed-16m,4,step,175,3.143958
mixed-16m,4,step,176,3.316875
mixed-16m,4,step,177,9.646792
mixed-16m,4,step,178,3.238500
mixed-16m,4,step,179,3.561500
mixed-16m,4,step,180,3.198417
mixed-16m,4,step,181,3.641125
mixed-16m,4,step,182,7.817459
mixed-16m,4,step,183,3.978750
mixed-16m,4,step,184,4.891167
mixed-16m,4,step,185,5.956459
mixed-16m,4,step,186,3.420291
mixed-16m,4,step,187,3.417958
mixed-16m,4,step,188,3.798750
mixed-16m,4,step,189,3.978250
mixed-16m,4,step,190,3.864125
mixed-16m,4,step,191,3.914125
mixed-16m,4,step,192,3.506542
mixed-16m,4,step,193,3.494917
mixed-16m,4,step,194,3.633208
mixed-16m,4,step,195,3.641625
mixed-16m,4,step,196,10.024542
mixed-16m,4,step,197,7.538375
mixed-16m,4,step,198,3.543458
mixed-16m,4,step,199,8.853916
mixed-16m,4,step,200,4.799000
mixed-16m,4,step,201,3.972042
mixed-16m,4,step,202,4.780625
mixed-16m,4,step,203,5.521583
mixed-16m,4,step,204,9.241000
mixed-16m,4,step,205,7.174416
mixed-16m,4,step,206,5.747125
mixed-16m,4,step,207,9.464209
mixed-16m,4,step,208,6.697875
mixed-16m,4,step,209,5.853292
mixed-16m,4,step,210,3.847458
mixed-16m,4,step,211,5.356666
mixed-16m,4,step,212,4.060625
mixed-16m,4,step,213,3.212625
mixed-16m,4,step,214,3.481875
mixed-16m,4,step,215,3.109041
mixed-16m,4,step,216,4.203458
mixed-16m,4,step,217,4.194541
mixed-16m,4,step,218,7.731958
mixed-16m,4,step,219,3.349292
mixed-16m,4,step,220,3.400750
mixed-16m,4,step,221,3.256750
mixed-16m,4,step,222,4.984125
mixed-16m,4,step,223,3.808917
mixed-16m,4,step,224,4.943250
mixed-16m,4,step,225,3.307500
mixed-16m,4,step,226,3.515750
mixed-16m,4,step,227,3.436750
mixed-16m,4,step,228,4.362958
mixed-16m,4,step,229,6.033417
mixed-16m,4,step,230,9.152875
mixed-16m,4,step,231,4.136459
mixed-16m,4,step,232,3.368375
mixed-16m,4,step,233,4.639000
mixed-16m,4,step,234,3.433792
mixed-16m,4,step,235,3.255667
mixed-16m,4,step,236,3.468250
mixed-16m,4,step,237,3.098708
mixed-16m,4,step,238,4.590500
mixed-16m,4,step,239,6.606833
mixed-16m,4,step,240,6.510792
mixed-16m,4,step,241,3.449250
mixed-16m,4,step,242,3.171708
mixed-16m,4,step,243,3.411250
mixed-16m,4,step,244,6.761041
mixed-16m,4,step,245,4.894333
mixed-16m,4,step,246,5.339083
mixed-16m,4,step,247,3.306250
mixed-16m,4,step,248,3.331958
mixed-16m,4,step,249,5.568500
mixed-16m,4,step,250,7.337250
mixed-16m,4,step,251,3.989917
mixed-16m,4,step,252,3.502000
mixed-16m,4,step,253,7.510375
mixed-16m,4,step,254,5.271042
mixed-16m,4,step,255,3.234792
mixed-16m,4,step,256,0.025750
mixed-16m,4,publish-frame,0,0.136500
mixed-16m,4,release,0,0.005541
mixed-16m,4,total,0,1266.793292
mixed-16m,4,cancel-release,0,0.010291
